# Blender 4.1.1
# www.blender.org
mtllib skyDome.mtl
o 立方体
v 0.499868 -0.500173 -0.500106
v 0.499868 0.499827 -0.500106
v 0.499868 -0.500173 0.499895
v 0.499867 0.499827 0.499894
v -0.500133 -0.500173 -0.500106
v -0.500133 0.499827 -0.500106
v -0.500133 -0.500173 0.499895
v -0.500133 0.499827 0.499894
v 0.516426 -0.516731 0.464642
v 0.534985 -0.535290 0.418744
v 0.554738 -0.555043 0.361097
v 0.572800 -0.573106 0.296544
v 0.587958 -0.588263 0.226823
v 0.599503 -0.599808 0.153295
v 0.606856 -0.607161 0.077229
v 0.609435 -0.609741 -0.000106
v 0.606856 -0.607161 -0.077440
v 0.599503 -0.599808 -0.153506
v 0.587958 -0.588263 -0.227034
v 0.572800 -0.573106 -0.296755
v 0.554738 -0.555043 -0.361308
v 0.534985 -0.535291 -0.418955
v 0.516426 -0.516731 -0.464853
v 0.516426 -0.464920 -0.516664
v 0.534985 -0.419022 -0.535223
v 0.554738 -0.361375 -0.554976
v 0.572800 -0.296823 -0.573038
v 0.587958 -0.227101 -0.588196
v 0.599503 -0.153573 -0.599741
v 0.606856 -0.077508 -0.607094
v 0.609435 -0.000173 -0.609673
v 0.606856 0.077162 -0.607094
v 0.599503 0.153228 -0.599741
v 0.587958 0.226756 -0.588196
v 0.572800 0.296477 -0.573038
v 0.554738 0.361029 -0.554976
v 0.534985 0.418677 -0.535223
v 0.516426 0.464574 -0.516664
v 0.516426 0.516386 -0.464853
v 0.534985 0.534945 -0.418955
v 0.554738 0.554697 -0.361308
v 0.572800 0.572760 -0.296755
v 0.587958 0.587918 -0.227034
v 0.599503 0.599463 -0.153506
v 0.606856 0.606815 -0.077440
v 0.609435 0.609395 -0.000106
v 0.606856 0.606815 0.077229
v 0.599503 0.599463 0.153295
v 0.587958 0.587918 0.226823
v 0.572800 0.572760 0.296544
v 0.554738 0.554697 0.361097
v 0.534985 0.534945 0.418744
v 0.516426 0.516386 0.464642
v 0.516426 0.464574 0.516453
v 0.534985 0.418677 0.535012
v 0.554738 0.361029 0.554765
v 0.572800 0.296477 0.572827
v 0.587958 0.226756 0.587985
v 0.599503 0.153228 0.599530
v 0.606856 0.077162 0.606883
v 0.609435 -0.000173 0.609462
v 0.606856 -0.077508 0.606883
v 0.599503 -0.153573 0.599530
v 0.587958 -0.227101 0.587985
v 0.572800 -0.296823 0.572827
v 0.554738 -0.361375 0.554765
v 0.534985 -0.419022 0.535012
v 0.516426 -0.464920 0.516453
v -0.464880 -0.516731 0.516453
v -0.418982 -0.535290 0.535012
v -0.361335 -0.555043 0.554765
v -0.296783 -0.573106 0.572827
v -0.227061 -0.588263 0.587985
v -0.153533 -0.599808 0.599530
v -0.077467 -0.607161 0.606883
v -0.000133 -0.609741 0.609462
v 0.077202 -0.607161 0.606883
v 0.153268 -0.599808 0.599530
v 0.226796 -0.588263 0.587985
v 0.296517 -0.573105 0.572827
v 0.361070 -0.555043 0.554765
v 0.418717 -0.535291 0.535012
v 0.464615 -0.516731 0.516453
v 0.464615 0.516386 0.516453
v 0.418717 0.534945 0.535012
v 0.361070 0.554697 0.554765
v 0.296517 0.572760 0.572827
v 0.226796 0.587918 0.587985
v 0.153268 0.599463 0.599530
v 0.077202 0.606815 0.606883
v -0.000133 0.609395 0.609462
v -0.077467 0.606815 0.606883
v -0.153533 0.599463 0.599530
v -0.227061 0.587918 0.587985
v -0.296783 0.572760 0.572827
v -0.361335 0.554697 0.554765
v -0.418982 0.534945 0.535012
v -0.464880 0.516386 0.516453
v -0.516691 0.464574 0.516453
v -0.535250 0.418677 0.535012
v -0.555003 0.361029 0.554765
v -0.573065 0.296477 0.572827
v -0.588223 0.226756 0.587985
v -0.599768 0.153228 0.599530
v -0.607121 0.077162 0.606883
v -0.609700 -0.000173 0.609462
v -0.607121 -0.077508 0.606883
v -0.599768 -0.153573 0.599530
v -0.588223 -0.227101 0.587985
v -0.573065 -0.296823 0.572827
v -0.555003 -0.361375 0.554765
v -0.535250 -0.419022 0.535012
v -0.516691 -0.464920 0.516453
v -0.516691 -0.516731 -0.464853
v -0.535250 -0.535290 -0.418955
v -0.555003 -0.555043 -0.361308
v -0.573065 -0.573106 -0.296755
v -0.588223 -0.588263 -0.227034
v -0.599768 -0.599808 -0.153506
v -0.607121 -0.607161 -0.077440
v -0.609700 -0.609741 -0.000106
v -0.607121 -0.607161 0.077229
v -0.599768 -0.599808 0.153295
v -0.588223 -0.588263 0.226823
v -0.573065 -0.573106 0.296544
v -0.555003 -0.555043 0.361097
v -0.535250 -0.535291 0.418744
v -0.516691 -0.516731 0.464642
v -0.516691 0.516386 0.464642
v -0.535250 0.534945 0.418744
v -0.555003 0.554697 0.361097
v -0.573065 0.572760 0.296544
v -0.588223 0.587918 0.226823
v -0.599768 0.599463 0.153295
v -0.607121 0.606815 0.077229
v -0.609701 0.609395 -0.000106
v -0.607121 0.606815 -0.077440
v -0.599768 0.599463 -0.153506
v -0.588223 0.587918 -0.227034
v -0.573065 0.572760 -0.296755
v -0.555003 0.554697 -0.361308
v -0.535250 0.534945 -0.418955
v -0.516691 0.516386 -0.464853
v -0.516691 0.464574 -0.516664
v -0.535250 0.418677 -0.535223
v -0.555003 0.361029 -0.554976
v -0.573065 0.296477 -0.573038
v -0.588223 0.226756 -0.588196
v -0.599768 0.153228 -0.599741
v -0.607121 0.077162 -0.607094
v -0.609700 -0.000173 -0.609673
v -0.607121 -0.077508 -0.607094
v -0.599768 -0.153573 -0.599741
v -0.588223 -0.227101 -0.588196
v -0.573065 -0.296823 -0.573038
v -0.555003 -0.361375 -0.554976
v -0.535250 -0.419022 -0.535223
v -0.516691 -0.464920 -0.516664
v 0.464615 -0.516731 -0.516664
v 0.418717 -0.535290 -0.535223
v 0.361070 -0.555043 -0.554976
v 0.296517 -0.573106 -0.573038
v 0.226796 -0.588263 -0.588196
v 0.153268 -0.599808 -0.599741
v 0.077202 -0.607161 -0.607094
v -0.000133 -0.609741 -0.609673
v -0.077467 -0.607161 -0.607094
v -0.153533 -0.599808 -0.599741
v -0.227061 -0.588263 -0.588196
v -0.296782 -0.573106 -0.573038
v -0.361335 -0.555043 -0.554976
v -0.418982 -0.535291 -0.535223
v -0.464880 -0.516731 -0.516664
v -0.464880 0.516386 -0.516664
v -0.418982 0.534945 -0.535223
v -0.361335 0.554697 -0.554976
v -0.296782 0.572760 -0.573038
v -0.227061 0.587918 -0.588196
v -0.153533 0.599463 -0.599741
v -0.077467 0.606815 -0.607094
v -0.000133 0.609395 -0.609673
v 0.077202 0.606815 -0.607094
v 0.153268 0.599463 -0.599741
v 0.226796 0.587918 -0.588196
v 0.296517 0.572760 -0.573038
v 0.361070 0.554697 -0.554976
v 0.418717 0.534945 -0.535223
v 0.464615 0.516386 -0.516664
v 0.547770 -0.473984 -0.473916
v 0.575820 -0.487137 -0.422712
v 0.600477 -0.502456 -0.363827
v 0.621777 -0.517365 -0.298521
v 0.639179 -0.530248 -0.228236
v 0.652196 -0.540259 -0.154249
v 0.660355 -0.546745 -0.077794
v 0.663179 -0.549052 -0.000106
v 0.660355 -0.546745 0.077583
v 0.652196 -0.540259 0.154038
v 0.639179 -0.530248 0.228025
v 0.621777 -0.517365 0.298310
v 0.600477 -0.502456 0.363616
v 0.575820 -0.487137 0.422501
v 0.547770 -0.473984 0.473705
v 0.575820 -0.422779 -0.487070
v 0.610329 -0.431932 -0.431864
v 0.639617 -0.443524 -0.370245
v 0.664000 -0.455475 -0.303088
v 0.683517 -0.466119 -0.231367
v 0.697893 -0.474573 -0.156197
v 0.706777 -0.480149 -0.078726
v 0.709816 -0.482161 -0.000106
v 0.706777 -0.480149 0.078515
v 0.697893 -0.474573 0.155986
v 0.683517 -0.466119 0.231156
v 0.664000 -0.455475 0.302877
v 0.639617 -0.443524 0.370034
v 0.610329 -0.431932 0.431653
v 0.575820 -0.422779 0.486859
v 0.600477 -0.363895 -0.502389
v 0.639617 -0.370312 -0.443457
v 0.672567 -0.378941 -0.378874
v 0.699638 -0.388206 -0.309366
v 0.721030 -0.396704 -0.235719
v 0.736596 -0.403613 -0.158928
v 0.746106 -0.408255 -0.080041
v 0.749328 -0.409952 -0.000106
v 0.746107 -0.408255 0.079830
v 0.736597 -0.403613 0.158717
v 0.721030 -0.396704 0.235508
v 0.699638 -0.388206 0.309155
v 0.672567 -0.378941 0.378663
v 0.639617 -0.370312 0.443246
v 0.600477 -0.363895 0.502178
v 0.621777 -0.298588 -0.517298
v 0.664000 -0.303155 -0.455408
v 0.699638 -0.309433 -0.388139
v 0.728857 -0.316330 -0.316263
v 0.751775 -0.322832 -0.240581
v 0.768310 -0.328243 -0.162021
v 0.778328 -0.331942 -0.081543
v 0.781696 -0.333313 -0.000106
v 0.778328 -0.331942 0.081332
v 0.768310 -0.328243 0.161810
v 0.751775 -0.322832 0.240370
v 0.728857 -0.316330 0.316052
v 0.699638 -0.309433 0.387928
v 0.664000 -0.303155 0.455197
v 0.621777 -0.298588 0.517087
v 0.639179 -0.228303 -0.530181
v 0.683517 -0.231435 -0.466052
v 0.721030 -0.235786 -0.396637
v 0.751775 -0.240648 -0.322765
v 0.775791 -0.245343 -0.245276
v 0.793030 -0.249329 -0.165065
v 0.803423 -0.252094 -0.083039
v 0.806903 -0.253130 -0.000106
v 0.803423 -0.252094 0.082828
v 0.793030 -0.249329 0.164854
v 0.775791 -0.245343 0.245065
v 0.751775 -0.240648 0.322554
v 0.721030 -0.235786 0.396426
v 0.683517 -0.231435 0.465841
v 0.639179 -0.228303 0.529970
v 0.652197 -0.154316 -0.540192
v 0.697893 -0.156264 -0.474506
v 0.736596 -0.158995 -0.403546
v 0.768310 -0.162088 -0.328175
v 0.793030 -0.165132 -0.249262
v 0.810730 -0.167755 -0.167688
v 0.821374 -0.169594 -0.084340
v 0.824930 -0.170288 -0.000106
v 0.821374 -0.169594 0.084129
v 0.810730 -0.167755 0.167477
v 0.793030 -0.165132 0.249051
v 0.768310 -0.162088 0.327964
v 0.736597 -0.158995 0.403335
v 0.697893 -0.156264 0.474295
v 0.652196 -0.154316 0.539981
v 0.660355 -0.077862 -0.546678
v 0.706777 -0.078793 -0.480082
v 0.746107 -0.080108 -0.408187
v 0.778327 -0.081610 -0.331875
v 0.803423 -0.083106 -0.252027
v 0.821374 -0.084407 -0.169527
v 0.832160 -0.085325 -0.085258
v 0.835760 -0.085673 -0.000106
v 0.832160 -0.085325 0.085047
v 0.821374 -0.084407 0.169316
v 0.803423 -0.083106 0.251816
v 0.778327 -0.081610 0.331664
v 0.746107 -0.080108 0.407976
v 0.706777 -0.078793 0.479871
v 0.660355 -0.077862 0.546467
v 0.663179 -0.000173 -0.548985
v 0.709816 -0.000173 -0.482093
v 0.749328 -0.000173 -0.409885
v 0.781696 -0.000173 -0.333246
v 0.806903 -0.000173 -0.253062
v 0.824930 -0.000173 -0.170220
v 0.835760 -0.000173 -0.085606
v 0.839374 -0.000173 -0.000106
v 0.835760 -0.000173 0.085395
v 0.824930 -0.000173 0.170009
v 0.806903 -0.000173 0.252851
v 0.781696 -0.000173 0.333035
v 0.749328 -0.000173 0.409674
v 0.709816 -0.000173 0.481882
v 0.663179 -0.000173 0.548774
v 0.660355 0.077516 -0.546678
v 0.706777 0.078448 -0.480082
v 0.746106 0.079762 -0.408187
v 0.778327 0.081265 -0.331875
v 0.803423 0.082761 -0.252027
v 0.821374 0.084062 -0.169527
v 0.832160 0.084980 -0.085258
v 0.835760 0.085328 -0.000106
v 0.832160 0.084980 0.085047
v 0.821374 0.084062 0.169316
v 0.803423 0.082761 0.251816
v 0.778328 0.081265 0.331664
v 0.746106 0.079762 0.407976
v 0.706777 0.078448 0.479871
v 0.660355 0.077516 0.546467
v 0.652196 0.153971 -0.540192
v 0.697893 0.155918 -0.474506
v 0.736596 0.158649 -0.403546
v 0.768310 0.161743 -0.328175
v 0.793030 0.164787 -0.249262
v 0.810730 0.167409 -0.167688
v 0.821374 0.169249 -0.084340
v 0.824930 0.169942 -0.000106
v 0.821374 0.169249 0.084129
v 0.810730 0.167409 0.167477
v 0.793030 0.164787 0.249051
v 0.768310 0.161743 0.327964
v 0.736597 0.158649 0.403335
v 0.697893 0.155918 0.474294
v 0.652196 0.153971 0.539981
v 0.639179 0.227958 -0.530181
v 0.683517 0.231089 -0.466052
v 0.721030 0.235441 -0.396637
v 0.751775 0.240302 -0.322765
v 0.775791 0.244998 -0.245276
v 0.793030 0.248983 -0.165065
v 0.803423 0.251749 -0.083039
v 0.806903 0.252784 -0.000106
v 0.803423 0.251749 0.082828
v 0.793030 0.248983 0.164854
v 0.775791 0.244998 0.245065
v 0.751775 0.240302 0.322554
v 0.721030 0.235441 0.396426
v 0.683517 0.231089 0.465841
v 0.639179 0.227958 0.529970
v 0.621777 0.298242 -0.517298
v 0.664000 0.302810 -0.455408
v 0.699638 0.309088 -0.388139
v 0.728857 0.315984 -0.316263
v 0.751775 0.322487 -0.240581
v 0.768310 0.327897 -0.162021
v 0.778328 0.331597 -0.081543
v 0.781696 0.332968 -0.000106
v 0.778327 0.331597 0.081332
v 0.768310 0.327897 0.161810
v 0.751775 0.322487 0.240370
v 0.728857 0.315984 0.316052
v 0.699638 0.309088 0.387928
v 0.664000 0.302810 0.455197
v 0.621777 0.298242 0.517087
v 0.600477 0.363549 -0.502389
v 0.639617 0.369966 -0.443457
v 0.672567 0.378595 -0.378874
v 0.699638 0.387861 -0.309366
v 0.721030 0.396359 -0.235719
v 0.736596 0.403267 -0.158928
v 0.746107 0.407909 -0.080041
v 0.749328 0.409607 -0.000106
v 0.746107 0.407909 0.079830
v 0.736597 0.403267 0.158717
v 0.721030 0.396359 0.235508
v 0.699638 0.387861 0.309155
v 0.672567 0.378595 0.378663
v 0.639617 0.369966 0.443246
v 0.600477 0.363549 0.502178
v 0.575820 0.422433 -0.487070
v 0.610328 0.431586 -0.431864
v 0.639617 0.443178 -0.370245
v 0.664000 0.455130 -0.303088
v 0.683517 0.465773 -0.231367
v 0.697893 0.474227 -0.156197
v 0.706777 0.479804 -0.078726
v 0.709817 0.481815 -0.000106
v 0.706777 0.479804 0.078515
v 0.697893 0.474227 0.155986
v 0.683517 0.465774 0.231156
v 0.664000 0.455129 0.302877
v 0.639617 0.443178 0.370034
v 0.610328 0.431586 0.431653
v 0.575820 0.422433 0.486859
v 0.547770 0.473638 -0.473916
v 0.575820 0.486792 -0.422712
v 0.600477 0.502111 -0.363827
v 0.621777 0.517020 -0.298521
v 0.639179 0.529902 -0.228236
v 0.652197 0.539914 -0.154249
v 0.660355 0.546399 -0.077794
v 0.663179 0.548707 -0.000106
v 0.660355 0.546400 0.077583
v 0.652196 0.539914 0.154038
v 0.639179 0.529902 0.228025
v 0.621777 0.517020 0.298310
v 0.600477 0.502111 0.363616
v 0.575820 0.486792 0.422501
v 0.547770 0.473638 0.473705
v 0.473678 -0.473984 0.547797
v 0.422474 -0.487137 0.575847
v 0.363589 -0.502456 0.600504
v 0.298283 -0.517365 0.621804
v 0.227998 -0.530248 0.639206
v 0.154011 -0.540259 0.652224
v 0.077556 -0.546745 0.660382
v -0.000133 -0.549052 0.663207
v -0.077821 -0.546745 0.660382
v -0.154276 -0.540259 0.652223
v -0.228263 -0.530248 0.639206
v -0.298548 -0.517365 0.621804
v -0.363854 -0.502456 0.600504
v -0.422739 -0.487137 0.575847
v -0.473943 -0.473984 0.547797
v 0.486832 -0.422779 0.575847
v 0.431626 -0.431931 0.610356
v 0.370007 -0.443524 0.639644
v 0.302850 -0.455475 0.664027
v 0.231129 -0.466119 0.683544
v 0.155959 -0.474573 0.697920
v 0.078488 -0.480149 0.706804
v -0.000133 -0.482161 0.709843
v -0.078753 -0.480149 0.706804
v -0.156224 -0.474573 0.697920
v -0.231394 -0.466119 0.683544
v -0.303115 -0.455475 0.664027
v -0.370272 -0.443524 0.639644
v -0.431891 -0.431932 0.610356
v -0.487097 -0.422779 0.575847
v 0.502151 -0.363895 0.600504
v 0.443219 -0.370312 0.639644
v 0.378636 -0.378941 0.672594
v 0.309128 -0.388206 0.699665
v 0.235481 -0.396704 0.721057
v 0.158690 -0.403613 0.736624
v 0.079803 -0.408255 0.746134
v -0.000133 -0.409952 0.749355
v -0.080068 -0.408255 0.746134
v -0.158955 -0.403613 0.736624
v -0.235746 -0.396704 0.721057
v -0.309393 -0.388206 0.699665
v -0.378901 -0.378941 0.672594
v -0.443484 -0.370312 0.639644
v -0.502416 -0.363895 0.600504
v 0.517060 -0.298588 0.621804
v 0.455170 -0.303155 0.664027
v 0.387901 -0.309433 0.699665
v 0.316025 -0.316330 0.728884
v 0.240343 -0.322832 0.751803
v 0.161783 -0.328243 0.768337
v 0.081305 -0.331942 0.778355
v -0.000133 -0.333313 0.781723
v -0.081570 -0.331942 0.778355
v -0.162048 -0.328243 0.768337
v -0.240608 -0.322832 0.751803
v -0.316290 -0.316330 0.728884
v -0.388166 -0.309433 0.699665
v -0.455435 -0.303155 0.664027
v -0.517325 -0.298588 0.621804
v 0.529943 -0.228303 0.639206
v 0.465814 -0.231435 0.683544
v 0.396399 -0.235786 0.721057
v 0.322527 -0.240648 0.751802
v 0.245038 -0.245343 0.775818
v 0.164827 -0.249329 0.793057
v 0.082801 -0.252094 0.803450
v -0.000133 -0.253130 0.806930
v -0.083066 -0.252094 0.803450
v -0.165092 -0.249329 0.793057
v -0.245303 -0.245343 0.775818
v -0.322792 -0.240648 0.751802
v -0.396664 -0.235786 0.721057
v -0.466079 -0.231435 0.683544
v -0.530208 -0.228303 0.639206
v 0.539954 -0.154316 0.652224
v 0.474268 -0.156264 0.697920
v 0.403308 -0.158995 0.736624
v 0.327937 -0.162088 0.768337
v 0.249024 -0.165132 0.793057
v 0.167450 -0.167755 0.810757
v 0.084102 -0.169594 0.821401
v -0.000133 -0.170288 0.824957
v -0.084367 -0.169594 0.821401
v -0.167715 -0.167755 0.810757
v -0.249289 -0.165132 0.793057
v -0.328202 -0.162088 0.768337
v -0.403573 -0.158995 0.736624
v -0.474533 -0.156264 0.697920
v -0.540219 -0.154316 0.652224
v 0.546440 -0.077862 0.660382
v 0.479844 -0.078793 0.706804
v 0.407949 -0.080108 0.746134
v 0.331637 -0.081610 0.778355
v 0.251789 -0.083106 0.803450
v 0.169289 -0.084407 0.821401
v 0.085020 -0.085325 0.832187
v -0.000133 -0.085673 0.835787
v -0.085285 -0.085325 0.832187
v -0.169554 -0.084407 0.821401
v -0.252054 -0.083106 0.803450
v -0.331902 -0.081610 0.778355
v -0.408214 -0.080108 0.746134
v -0.480109 -0.078793 0.706804
v -0.546705 -0.077862 0.660382
v 0.548747 -0.000173 0.663207
v 0.481855 -0.000173 0.709844
v 0.409647 -0.000173 0.749355
v 0.333008 -0.000173 0.781723
v 0.252824 -0.000173 0.806930
v 0.169982 -0.000173 0.824957
v 0.085368 -0.000173 0.835787
v -0.000133 -0.000173 0.839401
v -0.085633 -0.000173 0.835787
v -0.170247 -0.000173 0.824957
v -0.253089 -0.000173 0.806930
v -0.333273 -0.000173 0.781723
v -0.409912 -0.000173 0.749355
v -0.482120 -0.000173 0.709843
v -0.549012 -0.000173 0.663207
v 0.546440 0.077516 0.660382
v 0.479844 0.078448 0.706804
v 0.407949 0.079762 0.746133
v 0.331637 0.081265 0.778355
v 0.251789 0.082761 0.803450
v 0.169289 0.084062 0.821401
v 0.085020 0.084980 0.832187
v -0.000133 0.085328 0.835787
v -0.085285 0.084980 0.832187
v -0.169554 0.084062 0.821401
v -0.252054 0.082761 0.803450
v -0.331902 0.081265 0.778355
v -0.408214 0.079762 0.746133
v -0.480109 0.078448 0.706804
v -0.546705 0.077516 0.660382
v 0.539954 0.153971 0.652224
v 0.474268 0.155918 0.697920
v 0.403308 0.158649 0.736624
v 0.327937 0.161743 0.768337
v 0.249024 0.164787 0.793057
v 0.167450 0.167409 0.810757
v 0.084102 0.169249 0.821402
v -0.000133 0.169942 0.824957
v -0.084367 0.169249 0.821401
v -0.167715 0.167409 0.810757
v -0.249289 0.164787 0.793057
v -0.328202 0.161743 0.768337
v -0.403573 0.158649 0.736624
v -0.474533 0.155918 0.697920
v -0.540219 0.153971 0.652224
v 0.529943 0.227958 0.639206
v 0.465814 0.231089 0.683544
v 0.396399 0.235441 0.721057
v 0.322527 0.240302 0.751802
v 0.245038 0.244998 0.775818
v 0.164827 0.248983 0.793057
v 0.082801 0.251749 0.803450
v -0.000133 0.252784 0.806930
v -0.083066 0.251749 0.803450
v -0.165092 0.248983 0.793057
v -0.245303 0.244998 0.775818
v -0.322792 0.240302 0.751802
v -0.396664 0.235441 0.721057
v -0.466079 0.231089 0.683544
v -0.530208 0.227958 0.639206
v 0.517060 0.298242 0.621804
v 0.455170 0.302810 0.664027
v 0.387901 0.309088 0.699665
v 0.316025 0.315984 0.728884
v 0.240343 0.322487 0.751802
v 0.161783 0.327897 0.768337
v 0.081305 0.331597 0.778355
v -0.000133 0.332968 0.781723
v -0.081570 0.331597 0.778355
v -0.162048 0.327897 0.768337
v -0.240608 0.322487 0.751802
v -0.316290 0.315984 0.728884
v -0.388166 0.309088 0.699665
v -0.455435 0.302810 0.664027
v -0.517325 0.298242 0.621804
v 0.502151 0.363549 0.600504
v 0.443219 0.369966 0.639644
v 0.378636 0.378595 0.672594
v 0.309128 0.387861 0.699665
v 0.235481 0.396359 0.721057
v 0.158690 0.403267 0.736624
v 0.079803 0.407909 0.746134
v -0.000133 0.409607 0.749355
v -0.080068 0.407909 0.746134
v -0.158955 0.403267 0.736624
v -0.235746 0.396359 0.721057
v -0.309393 0.387861 0.699665
v -0.378901 0.378595 0.672594
v -0.443484 0.369966 0.639644
v -0.502416 0.363549 0.600504
v 0.486832 0.422433 0.575847
v 0.431626 0.431586 0.610356
v 0.370006 0.443178 0.639644
v 0.302850 0.455130 0.664027
v 0.231129 0.465773 0.683544
v 0.155959 0.474227 0.697920
v 0.078488 0.479804 0.706804
v -0.000133 0.481815 0.709844
v -0.078753 0.479804 0.706804
v -0.156224 0.474227 0.697920
v -0.231394 0.465774 0.683544
v -0.303115 0.455129 0.664027
v -0.370272 0.443178 0.639644
v -0.431891 0.431586 0.610355
v -0.487097 0.422433 0.575847
v 0.473678 0.473638 0.547797
v 0.422474 0.486792 0.575847
v 0.363589 0.502111 0.600504
v 0.298283 0.517020 0.621804
v 0.227998 0.529902 0.639206
v 0.154011 0.539914 0.652224
v 0.077556 0.546399 0.660382
v -0.000133 0.548707 0.663207
v -0.077821 0.546399 0.660382
v -0.154276 0.539914 0.652224
v -0.228263 0.529902 0.639206
v -0.298548 0.517020 0.621804
v -0.363854 0.502111 0.600504
v -0.422739 0.486792 0.575847
v -0.473943 0.473638 0.547797
v -0.548035 -0.473984 0.473705
v -0.576085 -0.487137 0.422501
v -0.600742 -0.502456 0.363616
v -0.622042 -0.517365 0.298310
v -0.639444 -0.530248 0.228025
v -0.652462 -0.540259 0.154038
v -0.660620 -0.546745 0.077583
v -0.663445 -0.549052 -0.000106
v -0.660620 -0.546745 -0.077794
v -0.652462 -0.540259 -0.154249
v -0.639444 -0.530248 -0.228236
v -0.622042 -0.517365 -0.298521
v -0.600742 -0.502456 -0.363827
v -0.576085 -0.487137 -0.422712
v -0.548035 -0.473984 -0.473916
v -0.576085 -0.422779 0.486859
v -0.610594 -0.431931 0.431653
v -0.639882 -0.443524 0.370034
v -0.664265 -0.455475 0.302877
v -0.683782 -0.466119 0.231156
v -0.698158 -0.474573 0.155986
v -0.707042 -0.480149 0.078515
v -0.710082 -0.482161 -0.000106
v -0.707042 -0.480149 -0.078726
v -0.698158 -0.474573 -0.156197
v -0.683782 -0.466119 -0.231367
v -0.664265 -0.455475 -0.303088
v -0.639882 -0.443524 -0.370245
v -0.610594 -0.431932 -0.431864
v -0.576085 -0.422779 -0.487070
v -0.600742 -0.363895 0.502178
v -0.639882 -0.370312 0.443246
v -0.672832 -0.378941 0.378663
v -0.699903 -0.388206 0.309155
v -0.721295 -0.396704 0.235508
v -0.736862 -0.403613 0.158717
v -0.746372 -0.408255 0.079830
v -0.749593 -0.409952 -0.000106
v -0.746372 -0.408255 -0.080041
v -0.736862 -0.403613 -0.158928
v -0.721295 -0.396704 -0.235719
v -0.699903 -0.388206 -0.309366
v -0.672832 -0.378941 -0.378874
v -0.639882 -0.370312 -0.443457
v -0.600742 -0.363895 -0.502389
v -0.622042 -0.298588 0.517087
v -0.664265 -0.303155 0.455197
v -0.699903 -0.309433 0.387928
v -0.729123 -0.316330 0.316052
v -0.752041 -0.322832 0.240370
v -0.768575 -0.328243 0.161810
v -0.778593 -0.331942 0.081332
v -0.781961 -0.333313 -0.000106
v -0.778593 -0.331942 -0.081543
v -0.768575 -0.328243 -0.162021
v -0.752041 -0.322832 -0.240581
v -0.729123 -0.316330 -0.316263
v -0.699903 -0.309433 -0.388139
v -0.664265 -0.303155 -0.455408
v -0.622042 -0.298588 -0.517298
v -0.639444 -0.228303 0.529970
v -0.683782 -0.231435 0.465841
v -0.721295 -0.235786 0.396426
v -0.752041 -0.240648 0.322554
v -0.776056 -0.245343 0.245065
v -0.793295 -0.249329 0.164854
v -0.803688 -0.252094 0.082828
v -0.807168 -0.253130 -0.000106
v -0.803688 -0.252094 -0.083039
v -0.793295 -0.249329 -0.165065
v -0.776056 -0.245343 -0.245276
v -0.752041 -0.240648 -0.322765
v -0.721295 -0.235786 -0.396637
v -0.683782 -0.231435 -0.466052
v -0.639444 -0.228303 -0.530181
v -0.652462 -0.154316 0.539981
v -0.698158 -0.156264 0.474295
v -0.736862 -0.158995 0.403335
v -0.768575 -0.162088 0.327964
v -0.793295 -0.165132 0.249051
v -0.810995 -0.167755 0.167477
v -0.821640 -0.169594 0.084129
v -0.825195 -0.170288 -0.000106
v -0.821640 -0.169594 -0.084340
v -0.810995 -0.167755 -0.167688
v -0.793295 -0.165132 -0.249262
v -0.768575 -0.162088 -0.328175
v -0.736862 -0.158995 -0.403546
v -0.698158 -0.156264 -0.474506
v -0.652462 -0.154316 -0.540192
v -0.660620 -0.077862 0.546467
v -0.707042 -0.078793 0.479871
v -0.746372 -0.080108 0.407976
v -0.778593 -0.081610 0.331664
v -0.803688 -0.083106 0.251816
v -0.821640 -0.084407 0.169316
v -0.832425 -0.085325 0.085047
v -0.836025 -0.085673 -0.000106
v -0.832425 -0.085325 -0.085258
v -0.821640 -0.084407 -0.169527
v -0.803688 -0.083106 -0.252027
v -0.778593 -0.081610 -0.331875
v -0.746372 -0.080108 -0.408187
v -0.707042 -0.078793 -0.480082
v -0.660620 -0.077862 -0.546678
v -0.663445 -0.000173 0.548774
v -0.710082 -0.000173 0.481882
v -0.749593 -0.000173 0.409674
v -0.781961 -0.000173 0.333035
v -0.807168 -0.000173 0.252851
v -0.825195 -0.000173 0.170009
v -0.836025 -0.000173 0.085395
v -0.839639 -0.000173 -0.000106
v -0.836025 -0.000173 -0.085606
v -0.825195 -0.000173 -0.170220
v -0.807168 -0.000173 -0.253062
v -0.781961 -0.000173 -0.333246
v -0.749593 -0.000173 -0.409885
v -0.710082 -0.000173 -0.482093
v -0.663445 -0.000173 -0.548985
v -0.660620 0.077516 0.546467
v -0.707042 0.078448 0.479871
v -0.746372 0.079762 0.407976
v -0.778593 0.081265 0.331664
v -0.803688 0.082761 0.251816
v -0.821639 0.084062 0.169316
v -0.832425 0.084980 0.085047
v -0.836025 0.085328 -0.000106
v -0.832425 0.084980 -0.085258
v -0.821639 0.084062 -0.169527
v -0.803688 0.082761 -0.252027
v -0.778593 0.081265 -0.331875
v -0.746372 0.079762 -0.408187
v -0.707042 0.078448 -0.480082
v -0.660620 0.077516 -0.546678
v -0.652462 0.153971 0.539981
v -0.698158 0.155918 0.474295
v -0.736862 0.158649 0.403335
v -0.768575 0.161743 0.327964
v -0.793295 0.164787 0.249051
v -0.810995 0.167409 0.167477
v -0.821640 0.169249 0.084129
v -0.825195 0.169942 -0.000106
v -0.821640 0.169249 -0.084340
v -0.810995 0.167409 -0.167688
v -0.793295 0.164787 -0.249262
v -0.768575 0.161743 -0.328175
v -0.736862 0.158649 -0.403546
v -0.698158 0.155918 -0.474506
v -0.652462 0.153971 -0.540192
v -0.639444 0.227958 0.529970
v -0.683782 0.231089 0.465841
v -0.721295 0.235441 0.396426
v -0.752041 0.240302 0.322554
v -0.776056 0.244998 0.245065
v -0.793295 0.248983 0.164854
v -0.803689 0.251749 0.082828
v -0.807168 0.252784 -0.000106
v -0.803689 0.251749 -0.083039
v -0.793295 0.248983 -0.165065
v -0.776056 0.244998 -0.245276
v -0.752041 0.240302 -0.322765
v -0.721295 0.235441 -0.396637
v -0.683782 0.231089 -0.466052
v -0.639444 0.227958 -0.530181
v -0.622042 0.298242 0.517087
v -0.664265 0.302810 0.455197
v -0.699903 0.309088 0.387928
v -0.729123 0.315984 0.316052
v -0.752041 0.322487 0.240370
v -0.768575 0.327897 0.161810
v -0.778593 0.331597 0.081332
v -0.781961 0.332968 -0.000106
v -0.778593 0.331597 -0.081543
v -0.768575 0.327897 -0.162021
v -0.752040 0.322487 -0.240581
v -0.729122 0.315984 -0.316263
v -0.699903 0.309088 -0.388139
v -0.664265 0.302810 -0.455408
v -0.622042 0.298242 -0.517298
v -0.600742 0.363549 0.502178
v -0.639882 0.369966 0.443246
v -0.672832 0.378595 0.378663
v -0.699903 0.387861 0.309155
v -0.721295 0.396359 0.235508
v -0.736862 0.403267 0.158717
v -0.746372 0.407909 0.079830
v -0.749593 0.409607 -0.000106
v -0.746372 0.407909 -0.080041
v -0.736862 0.403267 -0.158928
v -0.721295 0.396359 -0.235719
v -0.699903 0.387861 -0.309366
v -0.672832 0.378595 -0.378874
v -0.639882 0.369966 -0.443457
v -0.600742 0.363549 -0.502389
v -0.576085 0.422433 0.486859
v -0.610594 0.431586 0.431653
v -0.639882 0.443178 0.370034
v -0.664266 0.455130 0.302877
v -0.683782 0.465773 0.231156
v -0.698158 0.474227 0.155986
v -0.707042 0.479804 0.078515
v -0.710082 0.481815 -0.000106
v -0.707042 0.479804 -0.078726
v -0.698158 0.474227 -0.156197
v -0.683782 0.465774 -0.231367
v -0.664265 0.455129 -0.303088
v -0.639882 0.443178 -0.370245
v -0.610594 0.431586 -0.431864
v -0.576085 0.422433 -0.487070
v -0.548035 0.473638 0.473705
v -0.576086 0.486792 0.422501
v -0.600742 0.502111 0.363616
v -0.622042 0.517020 0.298310
v -0.639444 0.529902 0.228025
v -0.652462 0.539914 0.154038
v -0.660620 0.546399 0.077583
v -0.663445 0.548707 -0.000106
v -0.660620 0.546399 -0.077794
v -0.652462 0.539914 -0.154249
v -0.639444 0.529902 -0.228236
v -0.622042 0.517020 -0.298521
v -0.600742 0.502111 -0.363827
v -0.576085 0.486792 -0.422712
v -0.548035 0.473638 -0.473916
v -0.473943 -0.473984 -0.548008
v -0.422739 -0.487137 -0.576058
v -0.363854 -0.502456 -0.600715
v -0.298548 -0.517365 -0.622015
v -0.228263 -0.530248 -0.639417
v -0.154276 -0.540259 -0.652435
v -0.077821 -0.546745 -0.660593
v -0.000133 -0.549052 -0.663418
v 0.077556 -0.546745 -0.660593
v 0.154011 -0.540259 -0.652434
v 0.227998 -0.530248 -0.639417
v 0.298283 -0.517365 -0.622015
v 0.363589 -0.502456 -0.600715
v 0.422474 -0.487137 -0.576058
v 0.473678 -0.473984 -0.548008
v -0.487097 -0.422779 -0.576058
v -0.431891 -0.431931 -0.610567
v -0.370272 -0.443524 -0.639855
v -0.303115 -0.455475 -0.664238
v -0.231394 -0.466119 -0.683755
v -0.156224 -0.474573 -0.698131
v -0.078753 -0.480149 -0.707015
v -0.000133 -0.482161 -0.710054
v 0.078488 -0.480149 -0.707015
v 0.155959 -0.474573 -0.698131
v 0.231129 -0.466119 -0.683755
v 0.302850 -0.455475 -0.664238
v 0.370007 -0.443524 -0.639855
v 0.431626 -0.431932 -0.610567
v 0.486832 -0.422779 -0.576058
v -0.502416 -0.363895 -0.600715
v -0.443484 -0.370312 -0.639855
v -0.378901 -0.378941 -0.672805
v -0.309393 -0.388206 -0.699876
v -0.235746 -0.396704 -0.721268
v -0.158955 -0.403613 -0.736835
v -0.080068 -0.408255 -0.746345
v -0.000133 -0.409952 -0.749566
v 0.079803 -0.408255 -0.746345
v 0.158690 -0.403613 -0.736835
v 0.235481 -0.396704 -0.721268
v 0.309128 -0.388206 -0.699876
v 0.378636 -0.378941 -0.672805
v 0.443219 -0.370312 -0.639855
v 0.502151 -0.363895 -0.600715
v -0.517325 -0.298588 -0.622015
v -0.455435 -0.303155 -0.664238
v -0.388166 -0.309433 -0.699876
v -0.316290 -0.316330 -0.729095
v -0.240608 -0.322832 -0.752014
v -0.162048 -0.328243 -0.768548
v -0.081570 -0.331942 -0.778566
v -0.000133 -0.333313 -0.781934
v 0.081305 -0.331942 -0.778566
v 0.161783 -0.328243 -0.768548
v 0.240343 -0.322832 -0.752014
v 0.316025 -0.316330 -0.729095
v 0.387901 -0.309433 -0.699876
v 0.455170 -0.303155 -0.664238
v 0.517060 -0.298588 -0.622015
v -0.530208 -0.228303 -0.639417
v -0.466079 -0.231435 -0.683755
v -0.396664 -0.235786 -0.721268
v -0.322792 -0.240648 -0.752013
v -0.245303 -0.245343 -0.776029
v -0.165092 -0.249329 -0.793268
v -0.083066 -0.252094 -0.803661
v -0.000133 -0.253130 -0.807141
v 0.082801 -0.252094 -0.803661
v 0.164827 -0.249329 -0.793268
v 0.245038 -0.245343 -0.776029
v 0.322527 -0.240648 -0.752014
v 0.396399 -0.235786 -0.721268
v 0.465814 -0.231435 -0.683755
v 0.529943 -0.228303 -0.639417
v -0.540219 -0.154316 -0.652435
v -0.474533 -0.156264 -0.698131
v -0.403573 -0.158995 -0.736835
v -0.328202 -0.162088 -0.768548
v -0.249289 -0.165132 -0.793268
v -0.167715 -0.167755 -0.810968
v -0.084367 -0.169594 -0.821612
v -0.000133 -0.170288 -0.825168
v 0.084102 -0.169594 -0.821612
v 0.167450 -0.167755 -0.810968
v 0.249024 -0.165132 -0.793268
v 0.327937 -0.162088 -0.768548
v 0.403308 -0.158995 -0.736835
v 0.474268 -0.156264 -0.698131
v 0.539954 -0.154316 -0.652435
v -0.546705 -0.077862 -0.660593
v -0.480109 -0.078793 -0.707015
v -0.408214 -0.080108 -0.746345
v -0.331902 -0.081610 -0.778566
v -0.252054 -0.083106 -0.803661
v -0.169554 -0.084407 -0.821612
v -0.085285 -0.085325 -0.832398
v -0.000133 -0.085673 -0.835998
v 0.085020 -0.085325 -0.832398
v 0.169289 -0.084407 -0.821612
v 0.251789 -0.083106 -0.803661
v 0.331637 -0.081610 -0.778566
v 0.407949 -0.080108 -0.746345
v 0.479844 -0.078793 -0.707015
v 0.546440 -0.077862 -0.660593
v -0.549012 -0.000173 -0.663418
v -0.482120 -0.000173 -0.710055
v -0.409912 -0.000173 -0.749566
v -0.333273 -0.000173 -0.781934
v -0.253089 -0.000173 -0.807141
v -0.170247 -0.000173 -0.825168
v -0.085633 -0.000173 -0.835998
v -0.000133 -0.000173 -0.839612
v 0.085368 -0.000173 -0.835998
v 0.169982 -0.000173 -0.825168
v 0.252824 -0.000173 -0.807141
v 0.333008 -0.000173 -0.781934
v 0.409647 -0.000173 -0.749566
v 0.481855 -0.000173 -0.710054
v 0.548747 -0.000173 -0.663418
v -0.546705 0.077516 -0.660593
v -0.480109 0.078448 -0.707015
v -0.408214 0.079762 -0.746344
v -0.331902 0.081265 -0.778566
v -0.252054 0.082761 -0.803661
v -0.169554 0.084062 -0.821612
v -0.085285 0.084980 -0.832398
v -0.000133 0.085328 -0.835998
v 0.085020 0.084980 -0.832398
v 0.169289 0.084062 -0.821612
v 0.251789 0.082761 -0.803661
v 0.331637 0.081265 -0.778566
v 0.407949 0.079762 -0.746344
v 0.479844 0.078448 -0.707015
v 0.546440 0.077516 -0.660593
v -0.540219 0.153971 -0.652435
v -0.474533 0.155918 -0.698131
v -0.403573 0.158649 -0.736835
v -0.328202 0.161743 -0.768548
v -0.249289 0.164787 -0.793268
v -0.167715 0.167409 -0.810968
v -0.084367 0.169249 -0.821613
v -0.000133 0.169942 -0.825168
v 0.084102 0.169249 -0.821612
v 0.167450 0.167409 -0.810968
v 0.249024 0.164787 -0.793268
v 0.327937 0.161743 -0.768548
v 0.403308 0.158649 -0.736835
v 0.474267 0.155918 -0.698131
v 0.539954 0.153971 -0.652435
v -0.530208 0.227958 -0.639417
v -0.466079 0.231089 -0.683755
v -0.396664 0.235441 -0.721268
v -0.322792 0.240302 -0.752013
v -0.245303 0.244998 -0.776029
v -0.165092 0.248983 -0.793268
v -0.083066 0.251749 -0.803661
v -0.000133 0.252784 -0.807141
v 0.082801 0.251749 -0.803661
v 0.164827 0.248983 -0.793268
v 0.245038 0.244998 -0.776029
v 0.322527 0.240302 -0.752013
v 0.396399 0.235441 -0.721268
v 0.465814 0.231089 -0.683755
v 0.529943 0.227958 -0.639417
v -0.517325 0.298242 -0.622015
v -0.455435 0.302810 -0.664238
v -0.388166 0.309088 -0.699876
v -0.316290 0.315984 -0.729095
v -0.240608 0.322487 -0.752013
v -0.162048 0.327897 -0.768548
v -0.081570 0.331597 -0.778566
v -0.000133 0.332968 -0.781934
v 0.081305 0.331597 -0.778566
v 0.161783 0.327897 -0.768548
v 0.240343 0.322487 -0.752013
v 0.316025 0.315984 -0.729095
v 0.387901 0.309088 -0.699876
v 0.455170 0.302810 -0.664238
v 0.517060 0.298242 -0.622015
v -0.502416 0.363549 -0.600715
v -0.443484 0.369966 -0.639855
v -0.378901 0.378595 -0.672805
v -0.309393 0.387861 -0.699876
v -0.235746 0.396359 -0.721268
v -0.158955 0.403267 -0.736835
v -0.080068 0.407909 -0.746345
v -0.000133 0.409607 -0.749566
v 0.079803 0.407909 -0.746345
v 0.158690 0.403267 -0.736835
v 0.235481 0.396359 -0.721268
v 0.309128 0.387861 -0.699876
v 0.378636 0.378595 -0.672805
v 0.443219 0.369966 -0.639855
v 0.502151 0.363549 -0.600715
v -0.487097 0.422433 -0.576058
v -0.431891 0.431586 -0.610567
v -0.370272 0.443178 -0.639855
v -0.303115 0.455130 -0.664238
v -0.231394 0.465774 -0.683755
v -0.156224 0.474227 -0.698131
v -0.078753 0.479804 -0.707015
v -0.000133 0.481815 -0.710055
v 0.078488 0.479804 -0.707015
v 0.155959 0.474227 -0.698131
v 0.231129 0.465774 -0.683755
v 0.302850 0.455129 -0.664238
v 0.370006 0.443178 -0.639855
v 0.431626 0.431586 -0.610566
v 0.486832 0.422433 -0.576058
v -0.473943 0.473638 -0.548008
v -0.422739 0.486792 -0.576058
v -0.363854 0.502111 -0.600715
v -0.298548 0.517020 -0.622015
v -0.228263 0.529902 -0.639417
v -0.154276 0.539914 -0.652435
v -0.077821 0.546399 -0.660593
v -0.000133 0.548707 -0.663418
v 0.077556 0.546399 -0.660593
v 0.154011 0.539914 -0.652435
v 0.227998 0.529902 -0.639417
v 0.298283 0.517020 -0.622015
v 0.363589 0.502111 -0.600715
v 0.422474 0.486792 -0.576058
v 0.473678 0.473638 -0.548008
v 0.473678 -0.548075 0.473705
v 0.486832 -0.576126 0.422501
v 0.502151 -0.600782 0.363616
v 0.517060 -0.622082 0.298310
v 0.529943 -0.639484 0.228025
v 0.539954 -0.652502 0.154038
v 0.546440 -0.660660 0.077583
v 0.548747 -0.663485 -0.000106
v 0.546440 -0.660660 -0.077794
v 0.539954 -0.652502 -0.154249
v 0.529943 -0.639484 -0.228236
v 0.517060 -0.622082 -0.298521
v 0.502151 -0.600782 -0.363827
v 0.486832 -0.576126 -0.422712
v 0.473678 -0.548075 -0.473916
v 0.422474 -0.576126 0.486859
v 0.431626 -0.610634 0.431653
v 0.443219 -0.639922 0.370034
v 0.455170 -0.664306 0.302877
v 0.465814 -0.683822 0.231156
v 0.474268 -0.698198 0.155986
v 0.479844 -0.707082 0.078515
v 0.481855 -0.710122 -0.000106
v 0.479844 -0.707082 -0.078726
v 0.474268 -0.698198 -0.156197
v 0.465814 -0.683822 -0.231367
v 0.455170 -0.664306 -0.303088
v 0.443219 -0.639922 -0.370245
v 0.431626 -0.610634 -0.431864
v 0.422474 -0.576126 -0.487070
v 0.363589 -0.600782 0.502178
v 0.370007 -0.639922 0.443246
v 0.378636 -0.672872 0.378663
v 0.387901 -0.699943 0.309155
v 0.396399 -0.721335 0.235508
v 0.403308 -0.736902 0.158717
v 0.407949 -0.746412 0.079830
v 0.409647 -0.749633 -0.000106
v 0.407949 -0.746412 -0.080041
v 0.403308 -0.736902 -0.158928
v 0.396399 -0.721335 -0.235719
v 0.387901 -0.699943 -0.309366
v 0.378636 -0.672872 -0.378874
v 0.370007 -0.639922 -0.443457
v 0.363589 -0.600782 -0.502389
v 0.298283 -0.622082 0.517087
v 0.302850 -0.664306 0.455197
v 0.309128 -0.699943 0.387928
v 0.316025 -0.729163 0.316052
v 0.322527 -0.752081 0.240370
v 0.327937 -0.768615 0.161810
v 0.331637 -0.778633 0.081332
v 0.333008 -0.782002 -0.000106
v 0.331637 -0.778633 -0.081543
v 0.327937 -0.768615 -0.162021
v 0.322527 -0.752081 -0.240581
v 0.316025 -0.729163 -0.316263
v 0.309128 -0.699943 -0.388139
v 0.302850 -0.664306 -0.455408
v 0.298283 -0.622082 -0.517298
v 0.227998 -0.639484 0.529970
v 0.231129 -0.683822 0.465841
v 0.235481 -0.721335 0.396426
v 0.240343 -0.752081 0.322554
v 0.245038 -0.776097 0.245065
v 0.249024 -0.793335 0.164854
v 0.251789 -0.803729 0.082828
v 0.252824 -0.807208 -0.000106
v 0.251789 -0.803729 -0.083039
v 0.249024 -0.793335 -0.165065
v 0.245038 -0.776097 -0.245276
v 0.240343 -0.752081 -0.322765
v 0.235481 -0.721335 -0.396637
v 0.231129 -0.683822 -0.466052
v 0.227998 -0.639484 -0.530181
v 0.154011 -0.652502 0.539981
v 0.155959 -0.698198 0.474295
v 0.158690 -0.736902 0.403335
v 0.161783 -0.768615 0.327964
v 0.164827 -0.793335 0.249051
v 0.167450 -0.811035 0.167477
v 0.169289 -0.821680 0.084129
v 0.169982 -0.825236 -0.000106
v 0.169289 -0.821680 -0.084340
v 0.167450 -0.811035 -0.167688
v 0.164827 -0.793335 -0.249262
v 0.161783 -0.768615 -0.328175
v 0.158690 -0.736902 -0.403546
v 0.155959 -0.698199 -0.474506
v 0.154011 -0.652502 -0.540192
v 0.077556 -0.660660 0.546467
v 0.078488 -0.707082 0.479871
v 0.079803 -0.746412 0.407976
v 0.081305 -0.778633 0.331664
v 0.082801 -0.803729 0.251816
v 0.084102 -0.821680 0.169316
v 0.085020 -0.832465 0.085047
v 0.085368 -0.836065 -0.000106
v 0.085020 -0.832465 -0.085258
v 0.084102 -0.821680 -0.169527
v 0.082801 -0.803729 -0.252027
v 0.081305 -0.778633 -0.331875
v 0.079803 -0.746412 -0.408187
v 0.078488 -0.707082 -0.480082
v 0.077556 -0.660660 -0.546678
v -0.000133 -0.663485 0.548774
v -0.000133 -0.710122 0.481882
v -0.000133 -0.749633 0.409674
v -0.000133 -0.782001 0.333035
v -0.000133 -0.807208 0.252851
v -0.000133 -0.825235 0.170009
v -0.000133 -0.836065 0.085395
v -0.000133 -0.839679 -0.000106
v -0.000133 -0.836065 -0.085606
v -0.000133 -0.825236 -0.170220
v -0.000133 -0.807208 -0.253062
v -0.000133 -0.782002 -0.333246
v -0.000133 -0.749633 -0.409885
v -0.000133 -0.710122 -0.482093
v -0.000133 -0.663485 -0.548985
v -0.077821 -0.660660 0.546467
v -0.078753 -0.707082 0.479871
v -0.080068 -0.746412 0.407976
v -0.081570 -0.778633 0.331664
v -0.083066 -0.803729 0.251816
v -0.084367 -0.821680 0.169316
v -0.085285 -0.832465 0.085047
v -0.085633 -0.836065 -0.000106
v -0.085285 -0.832465 -0.085258
v -0.084367 -0.821680 -0.169527
v -0.083066 -0.803729 -0.252027
v -0.081570 -0.778633 -0.331875
v -0.080068 -0.746412 -0.408187
v -0.078753 -0.707082 -0.480082
v -0.077821 -0.660660 -0.546678
v -0.154276 -0.652502 0.539981
v -0.156224 -0.698198 0.474295
v -0.158955 -0.736902 0.403335
v -0.162048 -0.768615 0.327964
v -0.165092 -0.793335 0.249051
v -0.167715 -0.811035 0.167477
v -0.169554 -0.821680 0.084129
v -0.170247 -0.825236 -0.000106
v -0.169554 -0.821680 -0.084340
v -0.167715 -0.811035 -0.167688
v -0.165092 -0.793335 -0.249262
v -0.162048 -0.768615 -0.328175
v -0.158955 -0.736902 -0.403546
v -0.156224 -0.698199 -0.474506
v -0.154276 -0.652502 -0.540192
v -0.228263 -0.639484 0.529970
v -0.231394 -0.683822 0.465841
v -0.235746 -0.721335 0.396426
v -0.240608 -0.752081 0.322554
v -0.245303 -0.776097 0.245065
v -0.249289 -0.793335 0.164854
v -0.252054 -0.803729 0.082828
v -0.253089 -0.807208 -0.000106
v -0.252054 -0.803729 -0.083039
v -0.249289 -0.793335 -0.165065
v -0.245303 -0.776097 -0.245276
v -0.240608 -0.752081 -0.322765
v -0.235746 -0.721335 -0.396637
v -0.231394 -0.683822 -0.466052
v -0.228263 -0.639484 -0.530181
v -0.298548 -0.622082 0.517087
v -0.303115 -0.664306 0.455197
v -0.309393 -0.699943 0.387928
v -0.316290 -0.729163 0.316052
v -0.322792 -0.752081 0.240370
v -0.328202 -0.768615 0.161810
v -0.331902 -0.778633 0.081332
v -0.333273 -0.782002 -0.000106
v -0.331902 -0.778633 -0.081543
v -0.328202 -0.768615 -0.162021
v -0.322792 -0.752081 -0.240581
v -0.316290 -0.729163 -0.316263
v -0.309393 -0.699943 -0.388139
v -0.303115 -0.664306 -0.455408
v -0.298548 -0.622082 -0.517298
v -0.363854 -0.600782 0.502178
v -0.370272 -0.639922 0.443246
v -0.378901 -0.672872 0.378663
v -0.388166 -0.699943 0.309155
v -0.396664 -0.721335 0.235508
v -0.403573 -0.736902 0.158717
v -0.408214 -0.746412 0.079830
v -0.409912 -0.749633 -0.000106
v -0.408214 -0.746412 -0.080041
v -0.403573 -0.736902 -0.158928
v -0.396664 -0.721335 -0.235719
v -0.388166 -0.699943 -0.309366
v -0.378901 -0.672872 -0.378874
v -0.370272 -0.639922 -0.443457
v -0.363854 -0.600782 -0.502389
v -0.422739 -0.576126 0.486859
v -0.431891 -0.610634 0.431653
v -0.443484 -0.639922 0.370034
v -0.455435 -0.664306 0.302877
v -0.466079 -0.683822 0.231156
v -0.474533 -0.698199 0.155986
v -0.480109 -0.707082 0.078515
v -0.482120 -0.710122 -0.000106
v -0.480109 -0.707082 -0.078726
v -0.474533 -0.698199 -0.156197
v -0.466079 -0.683822 -0.231367
v -0.455435 -0.664306 -0.303088
v -0.443484 -0.639922 -0.370245
v -0.431891 -0.610634 -0.431864
v -0.422739 -0.576126 -0.487070
v -0.473943 -0.548076 0.473705
v -0.487097 -0.576126 0.422501
v -0.502416 -0.600782 0.363616
v -0.517325 -0.622082 0.298310
v -0.530208 -0.639484 0.228025
v -0.540219 -0.652502 0.154038
v -0.546705 -0.660660 0.077583
v -0.549012 -0.663485 -0.000106
v -0.546705 -0.660660 -0.077794
v -0.540219 -0.652502 -0.154249
v -0.530208 -0.639484 -0.228236
v -0.517325 -0.622082 -0.298521
v -0.502416 -0.600782 -0.363827
v -0.487097 -0.576126 -0.422712
v -0.473943 -0.548075 -0.473916
v -0.473943 0.547730 0.473705
v -0.487097 0.575780 0.422501
v -0.502416 0.600437 0.363616
v -0.517325 0.621737 0.298310
v -0.530208 0.639139 0.228025
v -0.540219 0.652156 0.154038
v -0.546705 0.660314 0.077583
v -0.549012 0.663139 -0.000106
v -0.546705 0.660314 -0.077794
v -0.540219 0.652156 -0.154249
v -0.530208 0.639139 -0.228236
v -0.517325 0.621737 -0.298521
v -0.502416 0.600437 -0.363827
v -0.487097 0.575780 -0.422712
v -0.473943 0.547730 -0.473916
v -0.422739 0.575780 0.486859
v -0.431891 0.610288 0.431653
v -0.443484 0.639577 0.370034
v -0.455435 0.663960 0.302877
v -0.466079 0.683477 0.231156
v -0.474533 0.697853 0.155986
v -0.480109 0.706737 0.078515
v -0.482120 0.709776 -0.000106
v -0.480109 0.706737 -0.078726
v -0.474533 0.697853 -0.156197
v -0.466079 0.683477 -0.231367
v -0.455435 0.663960 -0.303088
v -0.443484 0.639577 -0.370245
v -0.431891 0.610288 -0.431864
v -0.422739 0.575780 -0.487070
v -0.363854 0.600437 0.502178
v -0.370272 0.639577 0.443246
v -0.378901 0.672527 0.378663
v -0.388166 0.699598 0.309155
v -0.396664 0.720990 0.235508
v -0.403573 0.736556 0.158717
v -0.408214 0.746066 0.079830
v -0.409912 0.749288 -0.000106
v -0.408214 0.746066 -0.080041
v -0.403573 0.736556 -0.158928
v -0.396664 0.720990 -0.235719
v -0.388166 0.699598 -0.309366
v -0.378901 0.672527 -0.378874
v -0.370272 0.639577 -0.443457
v -0.363854 0.600437 -0.502389
v -0.298548 0.621737 0.517087
v -0.303115 0.663960 0.455197
v -0.309393 0.699598 0.387928
v -0.316290 0.728817 0.316052
v -0.322792 0.751735 0.240370
v -0.328202 0.768269 0.161810
v -0.331902 0.778287 0.081332
v -0.333273 0.781656 -0.000106
v -0.331902 0.778287 -0.081543
v -0.328202 0.768269 -0.162021
v -0.322792 0.751735 -0.240581
v -0.316290 0.728817 -0.316263
v -0.309393 0.699598 -0.388139
v -0.303115 0.663960 -0.455408
v -0.298548 0.621737 -0.517298
v -0.228263 0.639139 0.529970
v -0.231394 0.683477 0.465841
v -0.235746 0.720990 0.396426
v -0.240608 0.751735 0.322554
v -0.245303 0.775751 0.245065
v -0.249289 0.792990 0.164854
v -0.252054 0.803383 0.082828
v -0.253089 0.806863 -0.000106
v -0.252054 0.803383 -0.083039
v -0.249289 0.792990 -0.165065
v -0.245303 0.775751 -0.245276
v -0.240608 0.751735 -0.322765
v -0.235746 0.720990 -0.396637
v -0.231394 0.683477 -0.466052
v -0.228263 0.639139 -0.530181
v -0.154276 0.652156 0.539981
v -0.156224 0.697853 0.474295
v -0.158955 0.736556 0.403335
v -0.162048 0.768270 0.327964
v -0.165092 0.792990 0.249051
v -0.167715 0.810689 0.167477
v -0.169554 0.821334 0.084129
v -0.170247 0.824890 -0.000106
v -0.169554 0.821334 -0.084340
v -0.167715 0.810689 -0.167688
v -0.165092 0.792990 -0.249262
v -0.162048 0.768270 -0.328175
v -0.158955 0.736556 -0.403546
v -0.156224 0.697853 -0.474506
v -0.154276 0.652156 -0.540192
v -0.077821 0.660315 0.546467
v -0.078753 0.706737 0.479871
v -0.080068 0.746066 0.407976
v -0.081570 0.778287 0.331664
v -0.083066 0.803383 0.251816
v -0.084367 0.821334 0.169316
v -0.085285 0.832120 0.085047
v -0.085633 0.835720 -0.000106
v -0.085285 0.832120 -0.085258
v -0.084367 0.821334 -0.169527
v -0.083066 0.803383 -0.252027
v -0.081570 0.778287 -0.331875
v -0.080068 0.746066 -0.408187
v -0.078753 0.706737 -0.480082
v -0.077821 0.660315 -0.546678
v -0.000133 0.663139 0.548774
v -0.000133 0.709776 0.481882
v -0.000133 0.749288 0.409674
v -0.000133 0.781656 0.333035
v -0.000133 0.806863 0.252851
v -0.000133 0.824890 0.170009
v -0.000133 0.835720 0.085395
v -0.000133 0.839334 -0.000106
v -0.000133 0.835720 -0.085606
v -0.000133 0.824890 -0.170220
v -0.000133 0.806863 -0.253062
v -0.000133 0.781656 -0.333246
v -0.000133 0.749288 -0.409885
v -0.000133 0.709776 -0.482093
v -0.000133 0.663139 -0.548985
v 0.077556 0.660314 0.546467
v 0.078488 0.706737 0.479871
v 0.079803 0.746066 0.407976
v 0.081305 0.778287 0.331664
v 0.082801 0.803383 0.251816
v 0.084102 0.821334 0.169316
v 0.085020 0.832120 0.085047
v 0.085368 0.835720 -0.000106
v 0.085020 0.832120 -0.085258
v 0.084102 0.821334 -0.169527
v 0.082801 0.803383 -0.252027
v 0.081305 0.778287 -0.331875
v 0.079803 0.746066 -0.408187
v 0.078488 0.706737 -0.480082
v 0.077556 0.660315 -0.546678
v 0.154011 0.652156 0.539981
v 0.155959 0.697853 0.474295
v 0.158690 0.736556 0.403335
v 0.161783 0.768269 0.327964
v 0.164827 0.792990 0.249051
v 0.167450 0.810689 0.167477
v 0.169289 0.821334 0.084129
v 0.169982 0.824890 -0.000106
v 0.169289 0.821334 -0.084340
v 0.167450 0.810690 -0.167688
v 0.164827 0.792990 -0.249262
v 0.161783 0.768270 -0.328175
v 0.158690 0.736556 -0.403546
v 0.155959 0.697853 -0.474506
v 0.154011 0.652156 -0.540192
v 0.227998 0.639139 0.529970
v 0.231129 0.683477 0.465841
v 0.235481 0.720990 0.396426
v 0.240343 0.751735 0.322554
v 0.245038 0.775751 0.245065
v 0.249024 0.792990 0.164854
v 0.251789 0.803383 0.082828
v 0.252824 0.806863 -0.000106
v 0.251789 0.803383 -0.083039
v 0.249024 0.792990 -0.165065
v 0.245038 0.775751 -0.245276
v 0.240343 0.751735 -0.322765
v 0.235481 0.720990 -0.396637
v 0.231129 0.683477 -0.466052
v 0.227998 0.639139 -0.530181
v 0.298283 0.621737 0.517087
v 0.302850 0.663960 0.455197
v 0.309128 0.699598 0.387928
v 0.316025 0.728817 0.316052
v 0.322527 0.751735 0.240370
v 0.327937 0.768270 0.161810
v 0.331637 0.778287 0.081332
v 0.333008 0.781656 -0.000106
v 0.331637 0.778287 -0.081543
v 0.327937 0.768270 -0.162021
v 0.322527 0.751735 -0.240581
v 0.316025 0.728817 -0.316263
v 0.309128 0.699598 -0.388139
v 0.302850 0.663960 -0.455408
v 0.298283 0.621737 -0.517298
v 0.363589 0.600437 0.502178
v 0.370007 0.639577 0.443246
v 0.378636 0.672527 0.378663
v 0.387901 0.699598 0.309155
v 0.396399 0.720990 0.235508
v 0.403308 0.736556 0.158717
v 0.407949 0.746066 0.079830
v 0.409647 0.749288 -0.000106
v 0.407949 0.746066 -0.080041
v 0.403308 0.736556 -0.158928
v 0.396399 0.720990 -0.235719
v 0.387901 0.699598 -0.309366
v 0.378636 0.672527 -0.378874
v 0.370006 0.639577 -0.443457
v 0.363589 0.600437 -0.502389
v 0.422474 0.575780 0.486859
v 0.431626 0.610288 0.431653
v 0.443219 0.639577 0.370034
v 0.455170 0.663960 0.302877
v 0.465814 0.683477 0.231156
v 0.474268 0.697853 0.155986
v 0.479844 0.706737 0.078515
v 0.481855 0.709776 -0.000106
v 0.479844 0.706737 -0.078726
v 0.474268 0.697853 -0.156197
v 0.465814 0.683477 -0.231367
v 0.455170 0.663960 -0.303088
v 0.443219 0.639577 -0.370245
v 0.431626 0.610288 -0.431864
v 0.422474 0.575780 -0.487070
v 0.473678 0.547730 0.473705
v 0.486832 0.575780 0.422501
v 0.502151 0.600437 0.363616
v 0.517060 0.621737 0.298310
v 0.529943 0.639139 0.228025
v 0.539954 0.652156 0.154038
v 0.546440 0.660315 0.077583
v 0.548747 0.663139 -0.000106
v 0.546440 0.660315 -0.077794
v 0.539954 0.652156 -0.154249
v 0.529943 0.639139 -0.228236
v 0.517060 0.621737 -0.298521
v 0.502151 0.600437 -0.363827
v 0.486832 0.575780 -0.422712
v 0.473678 0.547730 -0.473916
vn -0.6890 0.5098 0.5152
vn -0.7250 0.5268 0.4437
vn -0.7547 0.5416 0.3704
vn -0.7793 0.5534 0.2942
vn -0.7982 0.5624 0.2159
vn -0.8116 0.5686 0.1340
vn -0.8192 0.5717 0.0463
vn -0.8194 0.5713 -0.0468
vn -0.8120 0.5679 -0.1348
vn -0.7984 0.5619 -0.2165
vn -0.7793 0.5532 -0.2944
vn -0.7546 0.5421 -0.3698
vn -0.7247 0.5293 -0.4412
vn -0.6890 0.5152 -0.5098
vn -0.7247 0.4412 0.5293
vn -0.7693 0.4508 0.4527
vn -0.8046 0.4606 0.3748
vn -0.8324 0.4686 0.2959
vn -0.8533 0.4747 0.2157
vn -0.8680 0.4785 0.1328
vn -0.8760 0.4801 0.0455
vn -0.8763 0.4795 -0.0461
vn -0.8684 0.4775 -0.1339
vn -0.8536 0.4739 -0.2165
vn -0.8324 0.4684 -0.2960
vn -0.8046 0.4612 -0.3742
vn -0.7693 0.4527 -0.4508
vn -0.7250 0.4437 -0.5268
vn -0.7546 0.3698 0.5421
vn -0.8046 0.3742 0.4612
vn -0.8439 0.3793 0.3795
vn -0.8741 0.3839 0.2977
vn -0.8965 0.3873 0.2153
vn -0.9118 0.3890 0.1314
vn -0.9200 0.3893 0.0446
vn -0.9203 0.3887 -0.0453
vn -0.9122 0.3877 -0.1328
vn -0.8967 0.3862 -0.2165
vn -0.8741 0.3834 -0.2981
vn -0.8439 0.3795 -0.3793
vn -0.8046 0.3748 -0.4606
vn -0.7547 0.3704 -0.5416
vn -0.7793 0.2944 0.5532
vn -0.8324 0.2960 0.4684
vn -0.8741 0.2981 0.3834
vn -0.9059 0.3000 0.2989
vn -0.9292 0.3010 0.2146
vn -0.9448 0.3010 0.1299
vn -0.9528 0.3003 0.0437
vn -0.9530 0.2996 -0.0445
vn -0.9450 0.2995 -0.1314
vn -0.9293 0.2994 -0.2162
vn -0.9059 0.2989 -0.3000
vn -0.8741 0.2977 -0.3839
vn -0.8324 0.2959 -0.4686
vn -0.7793 0.2942 -0.5534
vn -0.7984 0.2165 0.5619
vn -0.8536 0.2165 0.4739
vn -0.8967 0.2165 0.3862
vn -0.9293 0.2162 0.2994
vn -0.9529 0.2154 0.2137
vn -0.9683 0.2142 0.1284
vn -0.9761 0.2131 0.0430
vn -0.9762 0.2124 -0.0436
vn -0.9684 0.2128 -0.1299
vn -0.9529 0.2137 -0.2154
vn -0.9292 0.2146 -0.3010
vn -0.8965 0.2153 -0.3873
vn -0.8533 0.2157 -0.4747
vn -0.7982 0.2159 -0.5624
vn -0.8120 0.1348 0.5679
vn -0.8684 0.1339 0.4775
vn -0.9122 0.1328 0.3877
vn -0.9450 0.1314 0.2995
vn -0.9684 0.1299 0.2128
vn -0.9835 0.1284 0.1273
vn -0.9910 0.1273 0.0424
vn -0.9910 0.1268 -0.0429
vn -0.9835 0.1273 -0.1284
vn -0.9683 0.1284 -0.2142
vn -0.9448 0.1299 -0.3010
vn -0.9118 0.1314 -0.3890
vn -0.8680 0.1328 -0.4785
vn -0.8116 0.1340 -0.5686
vn -0.8194 0.0468 0.5713
vn -0.8763 0.0461 0.4795
vn -0.9203 0.0453 0.3887
vn -0.9530 0.0445 0.2996
vn -0.9762 0.0436 0.2124
vn -0.9910 0.0429 0.1268
vn -0.9982 0.0424 0.0422
vn -0.9982 0.0422 -0.0424
vn -0.9910 0.0424 -0.1273
vn -0.9761 0.0430 -0.2131
vn -0.9528 0.0437 -0.3003
vn -0.9200 0.0446 -0.3893
vn -0.8760 0.0455 -0.4801
vn -0.8192 0.0463 -0.5717
vn -0.8194 -0.0468 0.5713
vn -0.8763 -0.0461 0.4795
vn -0.9203 -0.0453 0.3887
vn -0.9530 -0.0445 0.2996
vn -0.9762 -0.0436 0.2124
vn -0.9910 -0.0429 0.1268
vn -0.9982 -0.0424 0.0422
vn -0.9982 -0.0422 -0.0424
vn -0.9910 -0.0424 -0.1273
vn -0.9761 -0.0430 -0.2131
vn -0.9528 -0.0437 -0.3003
vn -0.9200 -0.0446 -0.3893
vn -0.8760 -0.0455 -0.4801
vn -0.8192 -0.0463 -0.5717
vn -0.8120 -0.1348 0.5679
vn -0.8684 -0.1339 0.4775
vn -0.9122 -0.1328 0.3878
vn -0.9450 -0.1314 0.2995
vn -0.9684 -0.1299 0.2128
vn -0.9835 -0.1284 0.1273
vn -0.9910 -0.1273 0.0424
vn -0.9910 -0.1268 -0.0429
vn -0.9835 -0.1273 -0.1284
vn -0.9683 -0.1284 -0.2142
vn -0.9448 -0.1299 -0.3010
vn -0.9118 -0.1314 -0.3890
vn -0.8680 -0.1328 -0.4785
vn -0.8116 -0.1340 -0.5686
vn -0.7984 -0.2165 0.5619
vn -0.8536 -0.2165 0.4739
vn -0.8967 -0.2165 0.3862
vn -0.9293 -0.2162 0.2994
vn -0.9529 -0.2154 0.2137
vn -0.9683 -0.2142 0.1284
vn -0.9761 -0.2131 0.0430
vn -0.9762 -0.2124 -0.0436
vn -0.9684 -0.2128 -0.1299
vn -0.9529 -0.2137 -0.2154
vn -0.9292 -0.2146 -0.3010
vn -0.8965 -0.2153 -0.3873
vn -0.8533 -0.2157 -0.4747
vn -0.7982 -0.2159 -0.5624
vn -0.7793 -0.2944 0.5532
vn -0.8324 -0.2960 0.4684
vn -0.8741 -0.2981 0.3834
vn -0.9059 -0.3000 0.2989
vn -0.9292 -0.3010 0.2146
vn -0.9448 -0.3010 0.1299
vn -0.9528 -0.3003 0.0437
vn -0.9530 -0.2996 -0.0445
vn -0.9450 -0.2995 -0.1314
vn -0.9293 -0.2994 -0.2162
vn -0.9059 -0.2989 -0.3000
vn -0.8741 -0.2977 -0.3839
vn -0.8324 -0.2959 -0.4686
vn -0.7793 -0.2942 -0.5534
vn -0.7546 -0.3698 0.5421
vn -0.8046 -0.3742 0.4612
vn -0.8439 -0.3793 0.3795
vn -0.8741 -0.3839 0.2977
vn -0.8965 -0.3873 0.2154
vn -0.9118 -0.3890 0.1314
vn -0.9200 -0.3893 0.0446
vn -0.9203 -0.3887 -0.0453
vn -0.9122 -0.3877 -0.1328
vn -0.8967 -0.3862 -0.2165
vn -0.8741 -0.3834 -0.2981
vn -0.8439 -0.3795 -0.3793
vn -0.8046 -0.3748 -0.4606
vn -0.7547 -0.3704 -0.5415
vn -0.7247 -0.4412 0.5293
vn -0.7693 -0.4508 0.4527
vn -0.8046 -0.4606 0.3748
vn -0.8324 -0.4686 0.2959
vn -0.8533 -0.4747 0.2157
vn -0.8680 -0.4785 0.1328
vn -0.8760 -0.4801 0.0455
vn -0.8763 -0.4795 -0.0461
vn -0.8684 -0.4775 -0.1339
vn -0.8536 -0.4739 -0.2165
vn -0.8324 -0.4684 -0.2960
vn -0.8046 -0.4612 -0.3742
vn -0.7693 -0.4527 -0.4508
vn -0.7250 -0.4437 -0.5268
vn -0.6890 -0.5098 0.5152
vn -0.7250 -0.5268 0.4437
vn -0.7547 -0.5415 0.3704
vn -0.7793 -0.5534 0.2942
vn -0.7982 -0.5624 0.2159
vn -0.8116 -0.5686 0.1340
vn -0.8192 -0.5717 0.0463
vn -0.8194 -0.5713 -0.0468
vn -0.8120 -0.5679 -0.1348
vn -0.7984 -0.5619 -0.2165
vn -0.7793 -0.5532 -0.2944
vn -0.7546 -0.5421 -0.3698
vn -0.7247 -0.5293 -0.4412
vn -0.6890 -0.5152 -0.5098
vn -0.6116 0.5530 0.5657
vn -0.6437 0.5783 0.5012
vn -0.6691 0.6014 0.4366
vn -0.6929 0.6203 0.3676
vn -0.7136 0.6363 0.2933
vn -0.7297 0.6487 0.2162
vn -0.7412 0.6576 0.1349
vn -0.7477 0.6624 0.0469
vn -0.7478 0.6622 -0.0470
vn -0.7414 0.6573 -0.1352
vn -0.7298 0.6485 -0.2164
vn -0.7136 0.6361 -0.2934
vn -0.6929 0.6204 -0.3675
vn -0.6687 0.6025 -0.4356
vn -0.6428 0.5838 -0.4960
vn -0.6116 0.5657 -0.5530
vn -0.6437 0.5012 -0.5783
vn -0.6691 0.4366 -0.6014
vn -0.6929 0.3676 -0.6203
vn -0.7136 0.2933 -0.6363
vn -0.7297 0.2162 -0.6487
vn -0.7412 0.1349 -0.6576
vn -0.7477 0.0469 -0.6624
vn -0.7477 -0.0469 -0.6624
vn -0.7412 -0.1349 -0.6576
vn -0.7297 -0.2162 -0.6487
vn -0.7136 -0.2933 -0.6363
vn -0.6929 -0.3676 -0.6203
vn -0.6691 -0.4366 -0.6014
vn -0.6437 -0.5012 -0.5783
vn -0.6116 -0.5657 -0.5530
vn -0.6428 -0.5838 -0.4960
vn -0.6687 -0.6025 -0.4356
vn -0.6929 -0.6204 -0.3675
vn -0.7136 -0.6361 -0.2934
vn -0.7298 -0.6485 -0.2164
vn -0.7414 -0.6573 -0.1352
vn -0.7478 -0.6622 -0.0470
vn -0.7477 -0.6624 0.0469
vn -0.7412 -0.6576 0.1349
vn -0.7297 -0.6487 0.2162
vn -0.7136 -0.6363 0.2933
vn -0.6929 -0.6203 0.3676
vn -0.6691 -0.6014 0.4366
vn -0.6437 -0.5783 0.5012
vn -0.6116 -0.5530 0.5657
vn -0.6428 -0.4960 0.5838
vn -0.6687 -0.4356 0.6025
vn -0.6929 -0.3675 0.6204
vn -0.7136 -0.2934 0.6361
vn -0.7298 -0.2164 0.6485
vn -0.7414 -0.1352 0.6573
vn -0.7478 -0.0470 0.6622
vn -0.7478 0.0470 0.6622
vn -0.7414 0.1352 0.6573
vn -0.7298 0.2164 0.6485
vn -0.7136 0.2934 0.6361
vn -0.6929 0.3675 0.6204
vn -0.6687 0.4356 0.6025
vn -0.6428 0.4960 0.5838
vn -0.5152 0.5098 -0.6890
vn -0.4437 0.5268 -0.7250
vn -0.3704 0.5415 -0.7547
vn -0.2942 0.5534 -0.7793
vn -0.2159 0.5624 -0.7982
vn -0.1340 0.5686 -0.8116
vn -0.0463 0.5717 -0.8192
vn 0.0468 0.5713 -0.8194
vn 0.1348 0.5679 -0.8120
vn 0.2165 0.5619 -0.7984
vn 0.2944 0.5532 -0.7793
vn 0.3698 0.5421 -0.7546
vn 0.4412 0.5293 -0.7247
vn 0.5098 0.5152 -0.6890
vn -0.5293 0.4412 -0.7247
vn -0.4527 0.4508 -0.7693
vn -0.3748 0.4606 -0.8046
vn -0.2959 0.4686 -0.8324
vn -0.2157 0.4747 -0.8533
vn -0.1328 0.4785 -0.8680
vn -0.0455 0.4801 -0.8760
vn 0.0461 0.4795 -0.8763
vn 0.1339 0.4775 -0.8684
vn 0.2165 0.4739 -0.8536
vn 0.2960 0.4684 -0.8324
vn 0.3742 0.4612 -0.8046
vn 0.4508 0.4527 -0.7693
vn 0.5268 0.4437 -0.7250
vn -0.5421 0.3698 -0.7546
vn -0.4612 0.3742 -0.8046
vn -0.3795 0.3793 -0.8439
vn -0.2977 0.3839 -0.8741
vn -0.2153 0.3873 -0.8965
vn -0.1314 0.3890 -0.9118
vn -0.0446 0.3893 -0.9200
vn 0.0453 0.3887 -0.9203
vn 0.1328 0.3878 -0.9122
vn 0.2165 0.3862 -0.8967
vn 0.2981 0.3834 -0.8741
vn 0.3793 0.3795 -0.8439
vn 0.4606 0.3748 -0.8046
vn 0.5416 0.3704 -0.7547
vn -0.5532 0.2944 -0.7793
vn -0.4684 0.2960 -0.8324
vn -0.3834 0.2981 -0.8741
vn -0.2989 0.3000 -0.9059
vn -0.2146 0.3010 -0.9292
vn -0.1299 0.3010 -0.9448
vn -0.0437 0.3003 -0.9528
vn 0.0445 0.2996 -0.9530
vn 0.1314 0.2995 -0.9450
vn 0.2162 0.2994 -0.9293
vn 0.3000 0.2989 -0.9059
vn 0.3839 0.2977 -0.8741
vn 0.4686 0.2959 -0.8324
vn 0.5534 0.2942 -0.7793
vn -0.5619 0.2165 -0.7984
vn -0.4739 0.2165 -0.8536
vn -0.3862 0.2165 -0.8967
vn -0.2994 0.2162 -0.9293
vn -0.2137 0.2154 -0.9529
vn -0.1284 0.2142 -0.9683
vn -0.0430 0.2131 -0.9761
vn 0.0436 0.2124 -0.9762
vn 0.1299 0.2128 -0.9684
vn 0.2154 0.2137 -0.9529
vn 0.3010 0.2146 -0.9292
vn 0.3873 0.2153 -0.8965
vn 0.4747 0.2157 -0.8533
vn 0.5624 0.2159 -0.7982
vn -0.5679 0.1348 -0.8120
vn -0.4775 0.1339 -0.8684
vn -0.3877 0.1328 -0.9122
vn -0.2995 0.1314 -0.9450
vn -0.2128 0.1299 -0.9684
vn -0.1273 0.1284 -0.9835
vn -0.0424 0.1273 -0.9910
vn 0.0429 0.1268 -0.9910
vn 0.1284 0.1273 -0.9835
vn 0.2142 0.1284 -0.9683
vn 0.3010 0.1299 -0.9448
vn 0.3890 0.1314 -0.9118
vn 0.4785 0.1328 -0.8680
vn 0.5686 0.1340 -0.8116
vn -0.5713 0.0468 -0.8194
vn -0.4795 0.0461 -0.8763
vn -0.3887 0.0453 -0.9203
vn -0.2996 0.0445 -0.9530
vn -0.2124 0.0436 -0.9762
vn -0.1268 0.0429 -0.9910
vn -0.0422 0.0424 -0.9982
vn 0.0424 0.0422 -0.9982
vn 0.1273 0.0424 -0.9910
vn 0.2131 0.0430 -0.9761
vn 0.3003 0.0437 -0.9528
vn 0.3893 0.0446 -0.9200
vn 0.4801 0.0455 -0.8760
vn 0.5717 0.0463 -0.8192
vn -0.5713 -0.0468 -0.8194
vn -0.4795 -0.0461 -0.8763
vn -0.3887 -0.0453 -0.9203
vn -0.2996 -0.0445 -0.9530
vn -0.2124 -0.0436 -0.9762
vn -0.1268 -0.0429 -0.9910
vn -0.0422 -0.0424 -0.9982
vn 0.0424 -0.0422 -0.9982
vn 0.1273 -0.0424 -0.9910
vn 0.2131 -0.0430 -0.9761
vn 0.3003 -0.0437 -0.9528
vn 0.3893 -0.0446 -0.9200
vn 0.4801 -0.0455 -0.8760
vn 0.5717 -0.0463 -0.8192
vn -0.5679 -0.1348 -0.8120
vn -0.4775 -0.1339 -0.8684
vn -0.3877 -0.1328 -0.9122
vn -0.2995 -0.1314 -0.9450
vn -0.2128 -0.1299 -0.9684
vn -0.1273 -0.1284 -0.9835
vn -0.0424 -0.1273 -0.9910
vn 0.0429 -0.1268 -0.9910
vn 0.1284 -0.1273 -0.9835
vn 0.2142 -0.1284 -0.9683
vn 0.3010 -0.1299 -0.9448
vn 0.3890 -0.1314 -0.9118
vn 0.4785 -0.1328 -0.8680
vn 0.5686 -0.1340 -0.8116
vn -0.5619 -0.2165 -0.7984
vn -0.4739 -0.2165 -0.8536
vn -0.3862 -0.2165 -0.8967
vn -0.2994 -0.2162 -0.9293
vn -0.2137 -0.2154 -0.9529
vn -0.1284 -0.2142 -0.9683
vn -0.0430 -0.2131 -0.9761
vn 0.0436 -0.2124 -0.9762
vn 0.1299 -0.2128 -0.9684
vn 0.2154 -0.2137 -0.9529
vn 0.3010 -0.2146 -0.9292
vn 0.3873 -0.2153 -0.8965
vn 0.4747 -0.2157 -0.8533
vn 0.5624 -0.2159 -0.7982
vn -0.5532 -0.2944 -0.7793
vn -0.4684 -0.2960 -0.8324
vn -0.3834 -0.2981 -0.8741
vn -0.2989 -0.3000 -0.9059
vn -0.2146 -0.3010 -0.9292
vn -0.1299 -0.3010 -0.9448
vn -0.0437 -0.3003 -0.9528
vn 0.0445 -0.2996 -0.9530
vn 0.1314 -0.2995 -0.9450
vn 0.2162 -0.2994 -0.9293
vn 0.3000 -0.2989 -0.9059
vn 0.3839 -0.2977 -0.8741
vn 0.4686 -0.2959 -0.8324
vn 0.5534 -0.2942 -0.7793
vn -0.5421 -0.3699 -0.7546
vn -0.4612 -0.3742 -0.8046
vn -0.3795 -0.3793 -0.8439
vn -0.2977 -0.3839 -0.8741
vn -0.2153 -0.3873 -0.8965
vn -0.1314 -0.3890 -0.9118
vn -0.0446 -0.3893 -0.9200
vn 0.0453 -0.3887 -0.9203
vn 0.1328 -0.3877 -0.9122
vn 0.2165 -0.3862 -0.8967
vn 0.2981 -0.3834 -0.8741
vn 0.3793 -0.3795 -0.8439
vn 0.4606 -0.3748 -0.8046
vn 0.5415 -0.3704 -0.7547
vn -0.5293 -0.4412 -0.7247
vn -0.4527 -0.4508 -0.7693
vn -0.3748 -0.4606 -0.8046
vn -0.2959 -0.4686 -0.8324
vn -0.2157 -0.4747 -0.8533
vn -0.1328 -0.4785 -0.8680
vn -0.0455 -0.4801 -0.8760
vn 0.0461 -0.4795 -0.8763
vn 0.1339 -0.4775 -0.8684
vn 0.2165 -0.4739 -0.8536
vn 0.2960 -0.4684 -0.8324
vn 0.3742 -0.4612 -0.8046
vn 0.4508 -0.4527 -0.7693
vn 0.5268 -0.4437 -0.7250
vn -0.5152 -0.5098 -0.6890
vn -0.4437 -0.5268 -0.7250
vn -0.3704 -0.5416 -0.7547
vn -0.2942 -0.5534 -0.7793
vn -0.2159 -0.5624 -0.7982
vn -0.1340 -0.5686 -0.8116
vn -0.0463 -0.5717 -0.8192
vn 0.0468 -0.5713 -0.8194
vn 0.1348 -0.5679 -0.8120
vn 0.2165 -0.5619 -0.7984
vn 0.2944 -0.5532 -0.7793
vn 0.3698 -0.5421 -0.7546
vn 0.4412 -0.5293 -0.7247
vn 0.5098 -0.5152 -0.6890
vn -0.5657 0.5530 -0.6116
vn -0.5012 0.5783 -0.6437
vn -0.4366 0.6014 -0.6691
vn -0.3676 0.6203 -0.6929
vn -0.2933 0.6363 -0.7136
vn -0.2162 0.6487 -0.7297
vn -0.1349 0.6576 -0.7412
vn -0.0469 0.6624 -0.7477
vn 0.0470 0.6622 -0.7478
vn 0.1352 0.6573 -0.7414
vn 0.2164 0.6485 -0.7298
vn 0.2934 0.6361 -0.7136
vn 0.3675 0.6204 -0.6929
vn 0.4356 0.6025 -0.6687
vn 0.4960 0.5838 -0.6428
vn 0.5530 0.5657 -0.6116
vn 0.5783 0.5012 -0.6437
vn 0.6014 0.4366 -0.6691
vn 0.6203 0.3676 -0.6929
vn 0.6363 0.2933 -0.7136
vn 0.6487 0.2162 -0.7297
vn 0.6576 0.1349 -0.7412
vn 0.6624 0.0469 -0.7477
vn 0.6624 -0.0469 -0.7477
vn 0.6576 -0.1349 -0.7412
vn 0.6487 -0.2162 -0.7297
vn 0.6363 -0.2933 -0.7136
vn 0.6203 -0.3676 -0.6929
vn 0.6014 -0.4366 -0.6691
vn 0.5783 -0.5012 -0.6437
vn 0.5530 -0.5657 -0.6116
vn 0.4960 -0.5838 -0.6428
vn 0.4356 -0.6025 -0.6687
vn 0.3675 -0.6204 -0.6929
vn 0.2934 -0.6361 -0.7136
vn 0.2164 -0.6485 -0.7298
vn 0.1352 -0.6573 -0.7414
vn 0.0470 -0.6622 -0.7478
vn -0.0469 -0.6624 -0.7477
vn -0.1349 -0.6576 -0.7412
vn -0.2162 -0.6487 -0.7297
vn -0.2933 -0.6363 -0.7136
vn -0.3676 -0.6203 -0.6929
vn -0.4366 -0.6014 -0.6691
vn -0.5012 -0.5783 -0.6437
vn -0.5657 -0.5530 -0.6116
vn -0.5838 -0.4960 -0.6428
vn -0.6025 -0.4356 -0.6687
vn -0.6204 -0.3675 -0.6929
vn -0.6361 -0.2934 -0.7136
vn -0.6485 -0.2164 -0.7298
vn -0.6573 -0.1352 -0.7414
vn -0.6622 -0.0470 -0.7478
vn -0.6622 0.0470 -0.7478
vn -0.6573 0.1352 -0.7414
vn -0.6485 0.2164 -0.7298
vn -0.6361 0.2934 -0.7136
vn -0.6204 0.3675 -0.6929
vn -0.6025 0.4356 -0.6687
vn -0.5838 0.4960 -0.6428
vn 0.6890 0.5098 -0.5152
vn 0.7250 0.5268 -0.4437
vn 0.7547 0.5415 -0.3704
vn 0.7793 0.5534 -0.2942
vn 0.7982 0.5624 -0.2159
vn 0.8116 0.5686 -0.1340
vn 0.8192 0.5717 -0.0463
vn 0.8194 0.5713 0.0468
vn 0.8120 0.5679 0.1348
vn 0.7984 0.5619 0.2165
vn 0.7793 0.5532 0.2944
vn 0.7546 0.5421 0.3698
vn 0.7247 0.5293 0.4412
vn 0.6890 0.5152 0.5098
vn 0.7247 0.4412 -0.5293
vn 0.7693 0.4508 -0.4527
vn 0.8046 0.4606 -0.3748
vn 0.8324 0.4686 -0.2959
vn 0.8533 0.4747 -0.2157
vn 0.8680 0.4785 -0.1328
vn 0.8760 0.4801 -0.0455
vn 0.8763 0.4795 0.0461
vn 0.8684 0.4775 0.1339
vn 0.8536 0.4739 0.2165
vn 0.8324 0.4684 0.2960
vn 0.8046 0.4612 0.3742
vn 0.7693 0.4527 0.4508
vn 0.7250 0.4437 0.5268
vn 0.7546 0.3698 -0.5421
vn 0.8046 0.3742 -0.4612
vn 0.8439 0.3793 -0.3795
vn 0.8741 0.3839 -0.2977
vn 0.8965 0.3873 -0.2153
vn 0.9118 0.3890 -0.1314
vn 0.9200 0.3893 -0.0446
vn 0.9203 0.3887 0.0453
vn 0.9122 0.3877 0.1328
vn 0.8967 0.3862 0.2165
vn 0.8741 0.3834 0.2981
vn 0.8439 0.3795 0.3793
vn 0.8046 0.3748 0.4606
vn 0.7547 0.3704 0.5416
vn 0.7793 0.2944 -0.5532
vn 0.8324 0.2960 -0.4684
vn 0.8741 0.2981 -0.3834
vn 0.9059 0.3000 -0.2989
vn 0.9292 0.3010 -0.2146
vn 0.9448 0.3010 -0.1299
vn 0.9528 0.3003 -0.0437
vn 0.9530 0.2996 0.0445
vn 0.9450 0.2995 0.1314
vn 0.9293 0.2994 0.2162
vn 0.9059 0.2989 0.3000
vn 0.8741 0.2977 0.3839
vn 0.8324 0.2959 0.4686
vn 0.7793 0.2942 0.5534
vn 0.7984 0.2165 -0.5619
vn 0.8536 0.2165 -0.4739
vn 0.8967 0.2165 -0.3862
vn 0.9293 0.2162 -0.2994
vn 0.9529 0.2154 -0.2137
vn 0.9683 0.2142 -0.1284
vn 0.9761 0.2131 -0.0430
vn 0.9762 0.2124 0.0436
vn 0.9684 0.2128 0.1299
vn 0.9529 0.2137 0.2154
vn 0.9292 0.2146 0.3010
vn 0.8965 0.2153 0.3873
vn 0.8533 0.2157 0.4747
vn 0.7982 0.2159 0.5624
vn 0.8120 0.1348 -0.5679
vn 0.8684 0.1339 -0.4775
vn 0.9122 0.1328 -0.3877
vn 0.9450 0.1314 -0.2995
vn 0.9684 0.1299 -0.2128
vn 0.9835 0.1284 -0.1273
vn 0.9910 0.1273 -0.0424
vn 0.9910 0.1268 0.0429
vn 0.9835 0.1273 0.1284
vn 0.9683 0.1284 0.2142
vn 0.9448 0.1299 0.3010
vn 0.9118 0.1314 0.3890
vn 0.8680 0.1328 0.4785
vn 0.8116 0.1340 0.5686
vn 0.8194 0.0468 -0.5713
vn 0.8763 0.0461 -0.4795
vn 0.9203 0.0453 -0.3887
vn 0.9530 0.0445 -0.2996
vn 0.9762 0.0436 -0.2124
vn 0.9910 0.0429 -0.1268
vn 0.9982 0.0424 -0.0422
vn 0.9982 0.0422 0.0424
vn 0.9910 0.0424 0.1273
vn 0.9761 0.0430 0.2131
vn 0.9528 0.0437 0.3003
vn 0.9200 0.0446 0.3893
vn 0.8760 0.0455 0.4801
vn 0.8192 0.0463 0.5717
vn 0.8194 -0.0468 -0.5713
vn 0.8763 -0.0461 -0.4795
vn 0.9203 -0.0453 -0.3887
vn 0.9530 -0.0445 -0.2996
vn 0.9762 -0.0436 -0.2124
vn 0.9910 -0.0429 -0.1268
vn 0.9982 -0.0424 -0.0422
vn 0.9982 -0.0422 0.0424
vn 0.9910 -0.0424 0.1273
vn 0.9761 -0.0430 0.2131
vn 0.9528 -0.0437 0.3003
vn 0.9200 -0.0446 0.3893
vn 0.8760 -0.0455 0.4801
vn 0.8192 -0.0463 0.5717
vn 0.8120 -0.1348 -0.5679
vn 0.8684 -0.1339 -0.4775
vn 0.9122 -0.1328 -0.3877
vn 0.9450 -0.1314 -0.2995
vn 0.9684 -0.1299 -0.2128
vn 0.9835 -0.1284 -0.1273
vn 0.9910 -0.1273 -0.0424
vn 0.9910 -0.1268 0.0429
vn 0.9835 -0.1273 0.1284
vn 0.9683 -0.1284 0.2142
vn 0.9448 -0.1299 0.3010
vn 0.9118 -0.1314 0.3890
vn 0.8680 -0.1328 0.4785
vn 0.8116 -0.1340 0.5686
vn 0.7984 -0.2165 -0.5619
vn 0.8536 -0.2165 -0.4739
vn 0.8967 -0.2165 -0.3862
vn 0.9293 -0.2162 -0.2994
vn 0.9529 -0.2154 -0.2137
vn 0.9683 -0.2142 -0.1284
vn 0.9761 -0.2131 -0.0430
vn 0.9762 -0.2124 0.0436
vn 0.9684 -0.2128 0.1299
vn 0.9529 -0.2137 0.2154
vn 0.9292 -0.2146 0.3010
vn 0.8965 -0.2153 0.3873
vn 0.8533 -0.2157 0.4747
vn 0.7982 -0.2159 0.5624
vn 0.7793 -0.2944 -0.5532
vn 0.8324 -0.2960 -0.4684
vn 0.8741 -0.2981 -0.3834
vn 0.9059 -0.3000 -0.2989
vn 0.9292 -0.3010 -0.2146
vn 0.9448 -0.3010 -0.1299
vn 0.9528 -0.3003 -0.0437
vn 0.9530 -0.2996 0.0445
vn 0.9450 -0.2995 0.1314
vn 0.9293 -0.2994 0.2162
vn 0.9059 -0.2989 0.3000
vn 0.8741 -0.2977 0.3839
vn 0.8324 -0.2959 0.4686
vn 0.7793 -0.2942 0.5534
vn 0.7546 -0.3698 -0.5421
vn 0.8046 -0.3742 -0.4612
vn 0.8439 -0.3793 -0.3795
vn 0.8741 -0.3839 -0.2977
vn 0.8965 -0.3873 -0.2154
vn 0.9118 -0.3890 -0.1314
vn 0.9200 -0.3893 -0.0446
vn 0.9203 -0.3887 0.0453
vn 0.9122 -0.3877 0.1328
vn 0.8967 -0.3862 0.2165
vn 0.8741 -0.3834 0.2981
vn 0.8439 -0.3795 0.3793
vn 0.8046 -0.3748 0.4606
vn 0.7547 -0.3704 0.5415
vn 0.7247 -0.4412 -0.5293
vn 0.7693 -0.4508 -0.4527
vn 0.8046 -0.4606 -0.3748
vn 0.8324 -0.4686 -0.2959
vn 0.8533 -0.4747 -0.2157
vn 0.8680 -0.4785 -0.1328
vn 0.8760 -0.4801 -0.0455
vn 0.8763 -0.4795 0.0461
vn 0.8684 -0.4775 0.1339
vn 0.8536 -0.4739 0.2165
vn 0.8324 -0.4684 0.2960
vn 0.8046 -0.4612 0.3742
vn 0.7693 -0.4527 0.4508
vn 0.7250 -0.4437 0.5268
vn 0.6890 -0.5098 -0.5152
vn 0.7250 -0.5268 -0.4437
vn 0.7547 -0.5415 -0.3704
vn 0.7793 -0.5534 -0.2942
vn 0.7982 -0.5624 -0.2159
vn 0.8116 -0.5686 -0.1340
vn 0.8192 -0.5717 -0.0463
vn 0.8194 -0.5713 0.0468
vn 0.8120 -0.5679 0.1348
vn 0.7984 -0.5619 0.2165
vn 0.7793 -0.5532 0.2944
vn 0.7546 -0.5421 0.3698
vn 0.7247 -0.5293 0.4412
vn 0.6890 -0.5152 0.5098
vn 0.6116 0.5530 -0.5657
vn 0.6437 0.5783 -0.5012
vn 0.6691 0.6014 -0.4366
vn 0.6929 0.6203 -0.3676
vn 0.7136 0.6363 -0.2933
vn 0.7297 0.6487 -0.2162
vn 0.7412 0.6576 -0.1349
vn 0.7477 0.6624 -0.0469
vn 0.7478 0.6622 0.0470
vn 0.7414 0.6573 0.1352
vn 0.7298 0.6485 0.2164
vn 0.7136 0.6361 0.2934
vn 0.6929 0.6204 0.3675
vn 0.6687 0.6025 0.4356
vn 0.6428 0.5838 0.4960
vn 0.6116 0.5657 0.5530
vn 0.6437 0.5012 0.5783
vn 0.6691 0.4366 0.6014
vn 0.6929 0.3676 0.6203
vn 0.7136 0.2933 0.6363
vn 0.7297 0.2162 0.6487
vn 0.7412 0.1349 0.6576
vn 0.7477 0.0469 0.6624
vn 0.7477 -0.0469 0.6624
vn 0.7412 -0.1349 0.6576
vn 0.7297 -0.2162 0.6487
vn 0.7136 -0.2933 0.6363
vn 0.6929 -0.3676 0.6203
vn 0.6691 -0.4366 0.6014
vn 0.6437 -0.5012 0.5783
vn 0.6116 -0.5657 0.5530
vn 0.6428 -0.5838 0.4960
vn 0.6687 -0.6025 0.4356
vn 0.6929 -0.6204 0.3675
vn 0.7136 -0.6361 0.2934
vn 0.7298 -0.6485 0.2164
vn 0.7414 -0.6573 0.1352
vn 0.7478 -0.6622 0.0470
vn 0.7477 -0.6624 -0.0469
vn 0.7412 -0.6576 -0.1349
vn 0.7297 -0.6487 -0.2162
vn 0.7136 -0.6363 -0.2933
vn 0.6929 -0.6203 -0.3676
vn 0.6691 -0.6014 -0.4366
vn 0.6437 -0.5783 -0.5012
vn 0.6116 -0.5530 -0.5657
vn 0.6428 -0.4960 -0.5838
vn 0.6687 -0.4356 -0.6025
vn 0.6929 -0.3675 -0.6204
vn 0.7136 -0.2934 -0.6361
vn 0.7298 -0.2164 -0.6485
vn 0.7414 -0.1352 -0.6573
vn 0.7478 -0.0470 -0.6622
vn 0.7478 0.0470 -0.6622
vn 0.7414 0.1352 -0.6573
vn 0.7298 0.2164 -0.6485
vn 0.7136 0.2934 -0.6361
vn 0.6929 0.3675 -0.6204
vn 0.6687 0.4356 -0.6025
vn 0.6428 0.4960 -0.5838
vn 0.5152 0.5098 0.6890
vn 0.4437 0.5268 0.7250
vn 0.3704 0.5415 0.7547
vn 0.2942 0.5534 0.7793
vn 0.2159 0.5624 0.7982
vn 0.1340 0.5686 0.8116
vn 0.0463 0.5717 0.8192
vn -0.0468 0.5713 0.8194
vn -0.1348 0.5679 0.8120
vn -0.2165 0.5619 0.7984
vn -0.2944 0.5532 0.7793
vn -0.3698 0.5421 0.7546
vn -0.4412 0.5293 0.7247
vn -0.5098 0.5152 0.6890
vn 0.5293 0.4412 0.7247
vn 0.4527 0.4508 0.7693
vn 0.3748 0.4606 0.8046
vn 0.2959 0.4686 0.8324
vn 0.2157 0.4747 0.8533
vn 0.1328 0.4785 0.8680
vn 0.0455 0.4801 0.8760
vn -0.0461 0.4795 0.8763
vn -0.1339 0.4775 0.8684
vn -0.2165 0.4739 0.8536
vn -0.2960 0.4684 0.8324
vn -0.3742 0.4612 0.8046
vn -0.4508 0.4527 0.7693
vn -0.5268 0.4437 0.7250
vn 0.5421 0.3698 0.7546
vn 0.4612 0.3742 0.8046
vn 0.3795 0.3793 0.8439
vn 0.2977 0.3839 0.8741
vn 0.2153 0.3873 0.8965
vn 0.1314 0.3890 0.9118
vn 0.0446 0.3893 0.9200
vn -0.0453 0.3887 0.9203
vn -0.1328 0.3877 0.9122
vn -0.2165 0.3862 0.8967
vn -0.2981 0.3834 0.8741
vn -0.3793 0.3795 0.8439
vn -0.4606 0.3748 0.8046
vn -0.5416 0.3704 0.7547
vn 0.5532 0.2944 0.7793
vn 0.4684 0.2960 0.8324
vn 0.3834 0.2981 0.8741
vn 0.2989 0.3000 0.9059
vn 0.2146 0.3010 0.9292
vn 0.1299 0.3010 0.9448
vn 0.0437 0.3003 0.9528
vn -0.0445 0.2996 0.9530
vn -0.1314 0.2995 0.9450
vn -0.2162 0.2994 0.9293
vn -0.3000 0.2989 0.9059
vn -0.3839 0.2977 0.8741
vn -0.4686 0.2959 0.8324
vn -0.5534 0.2942 0.7793
vn 0.5619 0.2165 0.7984
vn 0.4739 0.2165 0.8536
vn 0.3862 0.2165 0.8967
vn 0.2994 0.2162 0.9293
vn 0.2137 0.2154 0.9529
vn 0.1284 0.2142 0.9683
vn 0.0430 0.2131 0.9761
vn -0.0436 0.2124 0.9762
vn -0.1299 0.2128 0.9684
vn -0.2154 0.2137 0.9529
vn -0.3010 0.2146 0.9292
vn -0.3873 0.2153 0.8965
vn -0.4747 0.2157 0.8533
vn -0.5624 0.2159 0.7982
vn 0.5679 0.1348 0.8120
vn 0.4775 0.1339 0.8684
vn 0.3877 0.1328 0.9122
vn 0.2995 0.1314 0.9450
vn 0.2128 0.1299 0.9684
vn 0.1273 0.1284 0.9835
vn 0.0424 0.1273 0.9910
vn -0.0429 0.1268 0.9910
vn -0.1284 0.1273 0.9835
vn -0.2142 0.1284 0.9683
vn -0.3010 0.1299 0.9448
vn -0.3890 0.1314 0.9118
vn -0.4785 0.1328 0.8680
vn -0.5686 0.1340 0.8116
vn 0.5713 0.0468 0.8194
vn 0.4795 0.0461 0.8763
vn 0.3887 0.0453 0.9203
vn 0.2996 0.0445 0.9530
vn 0.2124 0.0436 0.9762
vn 0.1268 0.0429 0.9910
vn 0.0422 0.0424 0.9982
vn -0.0424 0.0422 0.9982
vn -0.1273 0.0424 0.9910
vn -0.2131 0.0430 0.9761
vn -0.3003 0.0437 0.9528
vn -0.3893 0.0446 0.9200
vn -0.4801 0.0455 0.8760
vn -0.5717 0.0463 0.8192
vn 0.5713 -0.0468 0.8194
vn 0.4795 -0.0461 0.8763
vn 0.3887 -0.0453 0.9203
vn 0.2996 -0.0445 0.9530
vn 0.2124 -0.0436 0.9762
vn 0.1268 -0.0429 0.9910
vn 0.0422 -0.0424 0.9982
vn -0.0424 -0.0422 0.9982
vn -0.1273 -0.0424 0.9910
vn -0.2131 -0.0430 0.9761
vn -0.3003 -0.0437 0.9528
vn -0.3893 -0.0446 0.9200
vn -0.4801 -0.0455 0.8760
vn -0.5717 -0.0463 0.8192
vn 0.5679 -0.1348 0.8120
vn 0.4775 -0.1339 0.8684
vn 0.3877 -0.1328 0.9122
vn 0.2995 -0.1314 0.9450
vn 0.2128 -0.1299 0.9684
vn 0.1273 -0.1284 0.9835
vn 0.0424 -0.1273 0.9910
vn -0.0429 -0.1268 0.9910
vn -0.1284 -0.1273 0.9835
vn -0.2142 -0.1284 0.9683
vn -0.3010 -0.1299 0.9448
vn -0.3890 -0.1314 0.9118
vn -0.4785 -0.1328 0.8680
vn -0.5686 -0.1340 0.8116
vn 0.5619 -0.2165 0.7984
vn 0.4739 -0.2165 0.8536
vn 0.3862 -0.2165 0.8967
vn 0.2994 -0.2162 0.9293
vn 0.2137 -0.2154 0.9529
vn 0.1284 -0.2142 0.9683
vn 0.0430 -0.2131 0.9761
vn -0.0436 -0.2124 0.9762
vn -0.1299 -0.2128 0.9684
vn -0.2154 -0.2137 0.9529
vn -0.3010 -0.2146 0.9292
vn -0.3873 -0.2153 0.8965
vn -0.4747 -0.2157 0.8533
vn -0.5624 -0.2159 0.7982
vn 0.5532 -0.2944 0.7793
vn 0.4684 -0.2960 0.8324
vn 0.3834 -0.2981 0.8741
vn 0.2989 -0.3000 0.9059
vn 0.2146 -0.3010 0.9292
vn 0.1299 -0.3010 0.9448
vn 0.0437 -0.3003 0.9528
vn -0.0445 -0.2996 0.9530
vn -0.1314 -0.2995 0.9450
vn -0.2162 -0.2994 0.9293
vn -0.3000 -0.2989 0.9059
vn -0.3839 -0.2977 0.8741
vn -0.4686 -0.2959 0.8324
vn -0.5534 -0.2942 0.7793
vn 0.5421 -0.3699 0.7546
vn 0.4612 -0.3742 0.8046
vn 0.3795 -0.3793 0.8439
vn 0.2977 -0.3839 0.8741
vn 0.2153 -0.3873 0.8965
vn 0.1314 -0.3890 0.9118
vn 0.0446 -0.3893 0.9200
vn -0.0453 -0.3887 0.9203
vn -0.1328 -0.3877 0.9122
vn -0.2165 -0.3862 0.8967
vn -0.2981 -0.3834 0.8741
vn -0.3793 -0.3795 0.8439
vn -0.4606 -0.3748 0.8046
vn -0.5415 -0.3704 0.7547
vn 0.5293 -0.4412 0.7247
vn 0.4527 -0.4508 0.7693
vn 0.3748 -0.4606 0.8046
vn 0.2959 -0.4686 0.8324
vn 0.2157 -0.4747 0.8533
vn 0.1328 -0.4785 0.8680
vn 0.0455 -0.4801 0.8760
vn -0.0461 -0.4795 0.8763
vn -0.1339 -0.4775 0.8684
vn -0.2165 -0.4739 0.8536
vn -0.2960 -0.4684 0.8324
vn -0.3742 -0.4612 0.8046
vn -0.4508 -0.4527 0.7693
vn -0.5268 -0.4437 0.7250
vn 0.5152 -0.5098 0.6890
vn 0.4437 -0.5268 0.7250
vn 0.3704 -0.5416 0.7547
vn 0.2942 -0.5534 0.7793
vn 0.2159 -0.5624 0.7982
vn 0.1340 -0.5686 0.8116
vn 0.0463 -0.5717 0.8192
vn -0.0468 -0.5713 0.8194
vn -0.1348 -0.5679 0.8120
vn -0.2165 -0.5619 0.7984
vn -0.2944 -0.5532 0.7793
vn -0.3698 -0.5421 0.7546
vn -0.4412 -0.5293 0.7247
vn -0.5098 -0.5152 0.6890
vn 0.5657 0.5530 0.6116
vn 0.5012 0.5783 0.6437
vn 0.4366 0.6014 0.6691
vn 0.3676 0.6203 0.6929
vn 0.2933 0.6363 0.7136
vn 0.2162 0.6487 0.7297
vn 0.1349 0.6576 0.7412
vn 0.0469 0.6624 0.7477
vn -0.0470 0.6622 0.7478
vn -0.1352 0.6573 0.7414
vn -0.2164 0.6485 0.7298
vn -0.2934 0.6361 0.7136
vn -0.3675 0.6204 0.6929
vn -0.4356 0.6025 0.6687
vn -0.4960 0.5838 0.6428
vn -0.5530 0.5657 0.6116
vn -0.5783 0.5012 0.6437
vn -0.6014 0.4366 0.6691
vn -0.6203 0.3676 0.6929
vn -0.6363 0.2933 0.7136
vn -0.6487 0.2162 0.7297
vn -0.6576 0.1349 0.7412
vn -0.6624 0.0469 0.7477
vn -0.6624 -0.0469 0.7477
vn -0.6576 -0.1349 0.7412
vn -0.6487 -0.2162 0.7297
vn -0.6363 -0.2933 0.7136
vn -0.6203 -0.3676 0.6929
vn -0.6014 -0.4366 0.6691
vn -0.5783 -0.5012 0.6437
vn -0.5530 -0.5657 0.6116
vn -0.4960 -0.5838 0.6428
vn -0.4356 -0.6025 0.6687
vn -0.3675 -0.6204 0.6929
vn -0.2934 -0.6361 0.7136
vn -0.2164 -0.6485 0.7298
vn -0.1352 -0.6573 0.7414
vn -0.0470 -0.6622 0.7478
vn 0.0469 -0.6624 0.7477
vn 0.1349 -0.6576 0.7412
vn 0.2162 -0.6487 0.7297
vn 0.2933 -0.6363 0.7136
vn 0.3676 -0.6203 0.6929
vn 0.4366 -0.6014 0.6691
vn 0.5012 -0.5783 0.6437
vn 0.5657 -0.5530 0.6116
vn 0.5838 -0.4960 0.6428
vn 0.6025 -0.4356 0.6687
vn 0.6204 -0.3675 0.6929
vn 0.6361 -0.2934 0.7136
vn 0.6485 -0.2164 0.7298
vn 0.6573 -0.1352 0.7414
vn 0.6622 -0.0470 0.7478
vn 0.6622 0.0470 0.7478
vn 0.6573 0.1352 0.7414
vn 0.6485 0.2164 0.7298
vn 0.6361 0.2934 0.7136
vn 0.6204 0.3675 0.6929
vn 0.6025 0.4356 0.6687
vn 0.5838 0.4960 0.6428
vn -0.5098 0.6890 -0.5152
vn -0.5268 0.7250 -0.4437
vn -0.5415 0.7547 -0.3704
vn -0.5534 0.7793 -0.2942
vn -0.5624 0.7982 -0.2159
vn -0.5686 0.8116 -0.1340
vn -0.5717 0.8192 -0.0463
vn -0.5713 0.8194 0.0468
vn -0.5679 0.8120 0.1348
vn -0.5619 0.7984 0.2165
vn -0.5532 0.7793 0.2944
vn -0.5421 0.7546 0.3698
vn -0.5293 0.7247 0.4412
vn -0.5152 0.6890 0.5098
vn -0.4412 0.7247 -0.5293
vn -0.4508 0.7693 -0.4527
vn -0.4606 0.8046 -0.3748
vn -0.4686 0.8324 -0.2959
vn -0.4747 0.8533 -0.2157
vn -0.4785 0.8680 -0.1328
vn -0.4801 0.8760 -0.0455
vn -0.4795 0.8763 0.0461
vn -0.4775 0.8684 0.1339
vn -0.4739 0.8536 0.2165
vn -0.4684 0.8324 0.2960
vn -0.4612 0.8046 0.3742
vn -0.4527 0.7693 0.4508
vn -0.4437 0.7250 0.5268
vn -0.3698 0.7546 -0.5421
vn -0.3742 0.8046 -0.4612
vn -0.3793 0.8439 -0.3795
vn -0.3839 0.8741 -0.2977
vn -0.3873 0.8965 -0.2153
vn -0.3890 0.9118 -0.1314
vn -0.3893 0.9200 -0.0446
vn -0.3887 0.9203 0.0453
vn -0.3877 0.9122 0.1328
vn -0.3862 0.8967 0.2165
vn -0.3834 0.8741 0.2981
vn -0.3795 0.8439 0.3793
vn -0.3748 0.8046 0.4606
vn -0.3704 0.7547 0.5416
vn -0.2944 0.7793 -0.5532
vn -0.2960 0.8324 -0.4684
vn -0.2981 0.8741 -0.3834
vn -0.3000 0.9059 -0.2989
vn -0.3010 0.9292 -0.2146
vn -0.3010 0.9448 -0.1299
vn -0.3003 0.9528 -0.0437
vn -0.2996 0.9530 0.0445
vn -0.2995 0.9450 0.1314
vn -0.2994 0.9293 0.2162
vn -0.2989 0.9059 0.3000
vn -0.2977 0.8741 0.3839
vn -0.2959 0.8324 0.4686
vn -0.2942 0.7793 0.5534
vn -0.2165 0.7984 -0.5619
vn -0.2165 0.8536 -0.4739
vn -0.2165 0.8967 -0.3862
vn -0.2162 0.9293 -0.2994
vn -0.2154 0.9529 -0.2137
vn -0.2142 0.9683 -0.1284
vn -0.2131 0.9761 -0.0430
vn -0.2124 0.9762 0.0436
vn -0.2128 0.9684 0.1299
vn -0.2137 0.9529 0.2154
vn -0.2146 0.9292 0.3010
vn -0.2153 0.8965 0.3873
vn -0.2157 0.8533 0.4747
vn -0.2159 0.7982 0.5624
vn -0.1348 0.8120 -0.5679
vn -0.1339 0.8684 -0.4775
vn -0.1328 0.9122 -0.3877
vn -0.1314 0.9450 -0.2995
vn -0.1299 0.9684 -0.2128
vn -0.1284 0.9835 -0.1273
vn -0.1273 0.9910 -0.0424
vn -0.1268 0.9910 0.0429
vn -0.1273 0.9835 0.1284
vn -0.1284 0.9683 0.2142
vn -0.1299 0.9448 0.3010
vn -0.1314 0.9118 0.3890
vn -0.1328 0.8680 0.4785
vn -0.1340 0.8116 0.5686
vn -0.0468 0.8194 -0.5713
vn -0.0461 0.8763 -0.4795
vn -0.0453 0.9203 -0.3887
vn -0.0445 0.9530 -0.2996
vn -0.0436 0.9762 -0.2124
vn -0.0429 0.9910 -0.1268
vn -0.0424 0.9982 -0.0422
vn -0.0422 0.9982 0.0424
vn -0.0424 0.9910 0.1273
vn -0.0430 0.9761 0.2131
vn -0.0437 0.9528 0.3003
vn -0.0446 0.9200 0.3893
vn -0.0455 0.8760 0.4801
vn -0.0463 0.8192 0.5717
vn 0.0468 0.8194 -0.5713
vn 0.0461 0.8763 -0.4795
vn 0.0453 0.9203 -0.3887
vn 0.0445 0.9530 -0.2996
vn 0.0436 0.9762 -0.2124
vn 0.0429 0.9910 -0.1268
vn 0.0424 0.9982 -0.0422
vn 0.0422 0.9982 0.0424
vn 0.0424 0.9910 0.1273
vn 0.0430 0.9761 0.2131
vn 0.0437 0.9528 0.3003
vn 0.0446 0.9200 0.3893
vn 0.0455 0.8760 0.4801
vn 0.0463 0.8192 0.5717
vn 0.1348 0.8120 -0.5679
vn 0.1339 0.8684 -0.4775
vn 0.1328 0.9122 -0.3877
vn 0.1314 0.9450 -0.2995
vn 0.1299 0.9684 -0.2128
vn 0.1284 0.9835 -0.1273
vn 0.1273 0.9910 -0.0424
vn 0.1268 0.9910 0.0429
vn 0.1273 0.9835 0.1284
vn 0.1284 0.9683 0.2142
vn 0.1299 0.9448 0.3010
vn 0.1314 0.9118 0.3890
vn 0.1328 0.8680 0.4785
vn 0.1340 0.8116 0.5686
vn 0.2165 0.7984 -0.5619
vn 0.2165 0.8536 -0.4739
vn 0.2165 0.8967 -0.3862
vn 0.2162 0.9293 -0.2994
vn 0.2154 0.9529 -0.2137
vn 0.2142 0.9683 -0.1284
vn 0.2131 0.9761 -0.0430
vn 0.2124 0.9762 0.0436
vn 0.2128 0.9684 0.1299
vn 0.2137 0.9529 0.2154
vn 0.2146 0.9292 0.3010
vn 0.2153 0.8965 0.3873
vn 0.2157 0.8533 0.4747
vn 0.2159 0.7982 0.5624
vn 0.2944 0.7793 -0.5532
vn 0.2960 0.8324 -0.4684
vn 0.2981 0.8741 -0.3834
vn 0.3000 0.9059 -0.2989
vn 0.3010 0.9292 -0.2146
vn 0.3010 0.9448 -0.1299
vn 0.3003 0.9528 -0.0437
vn 0.2996 0.9530 0.0445
vn 0.2995 0.9450 0.1314
vn 0.2994 0.9293 0.2162
vn 0.2989 0.9059 0.3000
vn 0.2977 0.8741 0.3839
vn 0.2959 0.8324 0.4686
vn 0.2942 0.7793 0.5534
vn 0.3698 0.7546 -0.5421
vn 0.3742 0.8046 -0.4612
vn 0.3793 0.8439 -0.3795
vn 0.3839 0.8741 -0.2977
vn 0.3873 0.8965 -0.2154
vn 0.3890 0.9118 -0.1314
vn 0.3893 0.9200 -0.0446
vn 0.3887 0.9203 0.0453
vn 0.3877 0.9122 0.1328
vn 0.3862 0.8967 0.2165
vn 0.3834 0.8741 0.2981
vn 0.3795 0.8439 0.3793
vn 0.3748 0.8046 0.4606
vn 0.3704 0.7547 0.5415
vn 0.4412 0.7247 -0.5293
vn 0.4508 0.7693 -0.4527
vn 0.4606 0.8046 -0.3748
vn 0.4686 0.8324 -0.2959
vn 0.4747 0.8533 -0.2157
vn 0.4785 0.8680 -0.1328
vn 0.4801 0.8760 -0.0455
vn 0.4795 0.8763 0.0461
vn 0.4775 0.8684 0.1339
vn 0.4739 0.8536 0.2165
vn 0.4684 0.8324 0.2960
vn 0.4612 0.8046 0.3742
vn 0.4527 0.7693 0.4508
vn 0.4437 0.7250 0.5268
vn 0.5098 0.6890 -0.5152
vn 0.5268 0.7250 -0.4437
vn 0.5415 0.7547 -0.3704
vn 0.5534 0.7793 -0.2942
vn 0.5624 0.7982 -0.2159
vn 0.5686 0.8116 -0.1340
vn 0.5717 0.8192 -0.0463
vn 0.5713 0.8194 0.0468
vn 0.5679 0.8120 0.1348
vn 0.5619 0.7984 0.2165
vn 0.5532 0.7793 0.2944
vn 0.5421 0.7546 0.3698
vn 0.5293 0.7247 0.4412
vn 0.5152 0.6890 0.5098
vn -0.5530 0.6116 -0.5657
vn -0.5783 0.6437 -0.5012
vn -0.6014 0.6691 -0.4366
vn -0.6203 0.6929 -0.3676
vn -0.6363 0.7136 -0.2933
vn -0.6487 0.7297 -0.2162
vn -0.6576 0.7412 -0.1349
vn -0.6624 0.7477 -0.0469
vn -0.6622 0.7478 0.0470
vn -0.6573 0.7414 0.1352
vn -0.6485 0.7298 0.2164
vn -0.6361 0.7136 0.2934
vn -0.6204 0.6929 0.3675
vn -0.6025 0.6687 0.4356
vn -0.5838 0.6428 0.4960
vn -0.5657 0.6116 0.5530
vn -0.5012 0.6437 0.5783
vn -0.4366 0.6691 0.6014
vn -0.3676 0.6929 0.6203
vn -0.2933 0.7136 0.6363
vn -0.2162 0.7297 0.6487
vn -0.1349 0.7412 0.6576
vn -0.0469 0.7477 0.6624
vn 0.0469 0.7477 0.6624
vn 0.1349 0.7412 0.6576
vn 0.2162 0.7297 0.6487
vn 0.2933 0.7136 0.6363
vn 0.3676 0.6929 0.6203
vn 0.4366 0.6691 0.6014
vn 0.5012 0.6437 0.5783
vn 0.5657 0.6116 0.5530
vn 0.5838 0.6428 0.4960
vn 0.6025 0.6687 0.4356
vn 0.6204 0.6929 0.3675
vn 0.6361 0.7136 0.2934
vn 0.6485 0.7298 0.2164
vn 0.6573 0.7414 0.1352
vn 0.6622 0.7478 0.0470
vn 0.6624 0.7477 -0.0469
vn 0.6576 0.7412 -0.1349
vn 0.6487 0.7297 -0.2162
vn 0.6363 0.7136 -0.2933
vn 0.6203 0.6929 -0.3676
vn 0.6014 0.6691 -0.4366
vn 0.5783 0.6437 -0.5012
vn 0.5530 0.6116 -0.5657
vn 0.4960 0.6428 -0.5838
vn 0.4356 0.6687 -0.6025
vn 0.3675 0.6929 -0.6204
vn 0.2934 0.7136 -0.6361
vn 0.2164 0.7298 -0.6485
vn 0.1352 0.7414 -0.6573
vn 0.0470 0.7478 -0.6622
vn -0.0470 0.7478 -0.6622
vn -0.1352 0.7414 -0.6573
vn -0.2164 0.7298 -0.6485
vn -0.2934 0.7136 -0.6361
vn -0.3675 0.6929 -0.6204
vn -0.4356 0.6687 -0.6025
vn -0.4960 0.6428 -0.5838
vn 0.5098 -0.6890 -0.5152
vn 0.5268 -0.7250 -0.4437
vn 0.5415 -0.7547 -0.3704
vn 0.5534 -0.7793 -0.2942
vn 0.5624 -0.7982 -0.2159
vn 0.5686 -0.8116 -0.1340
vn 0.5717 -0.8192 -0.0463
vn 0.5713 -0.8194 0.0468
vn 0.5679 -0.8120 0.1348
vn 0.5619 -0.7984 0.2165
vn 0.5532 -0.7793 0.2944
vn 0.5421 -0.7546 0.3698
vn 0.5293 -0.7247 0.4412
vn 0.5152 -0.6890 0.5098
vn 0.4412 -0.7247 -0.5293
vn 0.4508 -0.7693 -0.4527
vn 0.4606 -0.8046 -0.3748
vn 0.4686 -0.8324 -0.2959
vn 0.4747 -0.8533 -0.2157
vn 0.4785 -0.8680 -0.1328
vn 0.4801 -0.8761 -0.0455
vn 0.4795 -0.8763 0.0461
vn 0.4775 -0.8684 0.1339
vn 0.4739 -0.8536 0.2165
vn 0.4684 -0.8324 0.2960
vn 0.4612 -0.8046 0.3742
vn 0.4527 -0.7693 0.4508
vn 0.4437 -0.7250 0.5268
vn 0.3698 -0.7546 -0.5421
vn 0.3742 -0.8046 -0.4612
vn 0.3793 -0.8439 -0.3795
vn 0.3839 -0.8741 -0.2977
vn 0.3873 -0.8965 -0.2153
vn 0.3890 -0.9118 -0.1314
vn 0.3893 -0.9200 -0.0446
vn 0.3887 -0.9203 0.0453
vn 0.3877 -0.9122 0.1328
vn 0.3862 -0.8967 0.2165
vn 0.3834 -0.8741 0.2981
vn 0.3795 -0.8439 0.3793
vn 0.3748 -0.8046 0.4606
vn 0.3704 -0.7547 0.5415
vn 0.2944 -0.7793 -0.5532
vn 0.2960 -0.8324 -0.4684
vn 0.2981 -0.8741 -0.3834
vn 0.3000 -0.9059 -0.2989
vn 0.3010 -0.9292 -0.2146
vn 0.3010 -0.9448 -0.1299
vn 0.3003 -0.9528 -0.0437
vn 0.2996 -0.9530 0.0445
vn 0.2995 -0.9450 0.1314
vn 0.2994 -0.9293 0.2162
vn 0.2989 -0.9059 0.3000
vn 0.2977 -0.8741 0.3839
vn 0.2959 -0.8324 0.4686
vn 0.2942 -0.7793 0.5534
vn 0.2165 -0.7984 -0.5619
vn 0.2165 -0.8536 -0.4739
vn 0.2165 -0.8967 -0.3862
vn 0.2162 -0.9293 -0.2994
vn 0.2154 -0.9529 -0.2137
vn 0.2142 -0.9683 -0.1284
vn 0.2131 -0.9761 -0.0430
vn 0.2124 -0.9762 0.0436
vn 0.2128 -0.9684 0.1299
vn 0.2137 -0.9529 0.2154
vn 0.2146 -0.9292 0.3010
vn 0.2153 -0.8965 0.3873
vn 0.2157 -0.8533 0.4747
vn 0.2159 -0.7982 0.5624
vn 0.1348 -0.8120 -0.5679
vn 0.1339 -0.8684 -0.4775
vn 0.1328 -0.9122 -0.3877
vn 0.1314 -0.9450 -0.2995
vn 0.1299 -0.9684 -0.2128
vn 0.1284 -0.9835 -0.1273
vn 0.1273 -0.9910 -0.0424
vn 0.1268 -0.9910 0.0429
vn 0.1273 -0.9835 0.1284
vn 0.1284 -0.9683 0.2142
vn 0.1299 -0.9448 0.3010
vn 0.1314 -0.9118 0.3890
vn 0.1328 -0.8680 0.4785
vn 0.1340 -0.8116 0.5686
vn 0.0468 -0.8194 -0.5713
vn 0.0461 -0.8763 -0.4795
vn 0.0453 -0.9203 -0.3887
vn 0.0445 -0.9530 -0.2996
vn 0.0436 -0.9762 -0.2124
vn 0.0429 -0.9910 -0.1268
vn 0.0424 -0.9982 -0.0422
vn 0.0422 -0.9982 0.0424
vn 0.0424 -0.9910 0.1273
vn 0.0430 -0.9761 0.2131
vn 0.0437 -0.9528 0.3003
vn 0.0446 -0.9200 0.3893
vn 0.0455 -0.8760 0.4801
vn 0.0463 -0.8192 0.5717
vn -0.0468 -0.8194 -0.5713
vn -0.0461 -0.8763 -0.4795
vn -0.0453 -0.9203 -0.3887
vn -0.0445 -0.9530 -0.2996
vn -0.0436 -0.9762 -0.2124
vn -0.0429 -0.9910 -0.1268
vn -0.0424 -0.9982 -0.0422
vn -0.0422 -0.9982 0.0424
vn -0.0424 -0.9910 0.1273
vn -0.0430 -0.9761 0.2131
vn -0.0437 -0.9528 0.3003
vn -0.0446 -0.9200 0.3893
vn -0.0455 -0.8760 0.4801
vn -0.0463 -0.8192 0.5717
vn -0.1348 -0.8120 -0.5679
vn -0.1339 -0.8684 -0.4775
vn -0.1328 -0.9122 -0.3877
vn -0.1314 -0.9450 -0.2995
vn -0.1299 -0.9684 -0.2128
vn -0.1284 -0.9835 -0.1273
vn -0.1273 -0.9910 -0.0424
vn -0.1268 -0.9910 0.0429
vn -0.1273 -0.9835 0.1284
vn -0.1284 -0.9683 0.2142
vn -0.1299 -0.9448 0.3010
vn -0.1314 -0.9118 0.3890
vn -0.1328 -0.8680 0.4785
vn -0.1340 -0.8116 0.5686
vn -0.2165 -0.7984 -0.5619
vn -0.2165 -0.8536 -0.4739
vn -0.2165 -0.8967 -0.3862
vn -0.2162 -0.9293 -0.2994
vn -0.2154 -0.9529 -0.2137
vn -0.2142 -0.9683 -0.1284
vn -0.2131 -0.9761 -0.0430
vn -0.2124 -0.9762 0.0436
vn -0.2128 -0.9684 0.1299
vn -0.2137 -0.9529 0.2154
vn -0.2146 -0.9292 0.3010
vn -0.2153 -0.8965 0.3873
vn -0.2157 -0.8533 0.4747
vn -0.2159 -0.7982 0.5624
vn -0.2944 -0.7793 -0.5532
vn -0.2960 -0.8324 -0.4684
vn -0.2981 -0.8741 -0.3834
vn -0.3000 -0.9059 -0.2989
vn -0.3010 -0.9292 -0.2146
vn -0.3010 -0.9448 -0.1299
vn -0.3003 -0.9528 -0.0437
vn -0.2996 -0.9530 0.0445
vn -0.2995 -0.9450 0.1314
vn -0.2994 -0.9293 0.2162
vn -0.2989 -0.9059 0.3000
vn -0.2977 -0.8741 0.3839
vn -0.2959 -0.8324 0.4686
vn -0.2942 -0.7793 0.5534
vn -0.3698 -0.7546 -0.5421
vn -0.3742 -0.8046 -0.4612
vn -0.3793 -0.8439 -0.3795
vn -0.3839 -0.8741 -0.2977
vn -0.3873 -0.8965 -0.2154
vn -0.3890 -0.9118 -0.1314
vn -0.3893 -0.9200 -0.0446
vn -0.3887 -0.9203 0.0453
vn -0.3877 -0.9122 0.1328
vn -0.3862 -0.8967 0.2165
vn -0.3834 -0.8741 0.2981
vn -0.3795 -0.8439 0.3793
vn -0.3748 -0.8046 0.4606
vn -0.3704 -0.7547 0.5415
vn -0.4412 -0.7247 -0.5293
vn -0.4508 -0.7693 -0.4527
vn -0.4606 -0.8046 -0.3748
vn -0.4686 -0.8324 -0.2959
vn -0.4747 -0.8533 -0.2157
vn -0.4785 -0.8680 -0.1328
vn -0.4801 -0.8760 -0.0455
vn -0.4795 -0.8763 0.0461
vn -0.4775 -0.8684 0.1339
vn -0.4739 -0.8536 0.2165
vn -0.4684 -0.8324 0.2960
vn -0.4612 -0.8046 0.3742
vn -0.4527 -0.7693 0.4508
vn -0.4437 -0.7250 0.5268
vn -0.5098 -0.6890 -0.5152
vn -0.5268 -0.7250 -0.4437
vn -0.5415 -0.7547 -0.3704
vn -0.5534 -0.7793 -0.2942
vn -0.5624 -0.7982 -0.2159
vn -0.5686 -0.8116 -0.1340
vn -0.5717 -0.8192 -0.0463
vn -0.5713 -0.8194 0.0468
vn -0.5679 -0.8120 0.1348
vn -0.5619 -0.7984 0.2165
vn -0.5532 -0.7793 0.2944
vn -0.5421 -0.7546 0.3698
vn -0.5293 -0.7247 0.4412
vn -0.5152 -0.6890 0.5098
vn 0.5530 -0.6116 -0.5657
vn 0.5783 -0.6437 -0.5012
vn 0.6014 -0.6691 -0.4366
vn 0.6203 -0.6929 -0.3676
vn 0.6363 -0.7136 -0.2933
vn 0.6487 -0.7297 -0.2162
vn 0.6576 -0.7412 -0.1349
vn 0.6624 -0.7477 -0.0469
vn 0.6622 -0.7478 0.0470
vn 0.6573 -0.7414 0.1352
vn 0.6485 -0.7298 0.2164
vn 0.6361 -0.7136 0.2934
vn 0.6204 -0.6929 0.3675
vn 0.6025 -0.6687 0.4356
vn 0.5838 -0.6428 0.4960
vn 0.5657 -0.6116 0.5530
vn 0.5012 -0.6437 0.5783
vn 0.4366 -0.6691 0.6014
vn 0.3676 -0.6929 0.6203
vn 0.2933 -0.7136 0.6363
vn 0.2162 -0.7297 0.6487
vn 0.1349 -0.7412 0.6576
vn 0.0469 -0.7477 0.6624
vn -0.0469 -0.7477 0.6624
vn -0.1349 -0.7412 0.6576
vn -0.2162 -0.7297 0.6487
vn -0.2933 -0.7136 0.6363
vn -0.3676 -0.6929 0.6203
vn -0.4366 -0.6691 0.6014
vn -0.5012 -0.6437 0.5783
vn -0.5657 -0.6116 0.5530
vn -0.5838 -0.6428 0.4960
vn -0.6025 -0.6687 0.4356
vn -0.6204 -0.6929 0.3675
vn -0.6361 -0.7136 0.2934
vn -0.6485 -0.7298 0.2164
vn -0.6573 -0.7414 0.1352
vn -0.6622 -0.7478 0.0470
vn -0.6624 -0.7477 -0.0469
vn -0.6576 -0.7412 -0.1349
vn -0.6487 -0.7297 -0.2162
vn -0.6363 -0.7136 -0.2933
vn -0.6203 -0.6929 -0.3676
vn -0.6014 -0.6691 -0.4366
vn -0.5783 -0.6437 -0.5012
vn -0.5530 -0.6116 -0.5657
vn -0.4960 -0.6428 -0.5838
vn -0.4356 -0.6687 -0.6025
vn -0.3675 -0.6929 -0.6204
vn -0.2934 -0.7136 -0.6361
vn -0.2164 -0.7298 -0.6485
vn -0.1352 -0.7414 -0.6573
vn -0.0470 -0.7478 -0.6622
vn 0.0470 -0.7478 -0.6622
vn 0.1352 -0.7414 -0.6573
vn 0.2164 -0.7298 -0.6485
vn 0.2934 -0.7136 -0.6361
vn 0.3675 -0.6929 -0.6204
vn 0.4356 -0.6687 -0.6025
vn 0.4960 -0.6428 -0.5838
vn -0.6890 0.5152 0.5098
vn -0.7247 0.5293 0.4412
vn -0.7546 0.5421 0.3698
vn -0.7793 0.5532 0.2944
vn -0.7984 0.5619 0.2165
vn -0.8120 0.5679 0.1348
vn -0.8194 0.5713 0.0468
vn -0.8192 0.5717 -0.0463
vn -0.8116 0.5686 -0.1340
vn -0.7982 0.5624 -0.2159
vn -0.7793 0.5534 -0.2942
vn -0.7547 0.5415 -0.3704
vn -0.7250 0.5268 -0.4437
vn -0.6890 0.5098 -0.5152
vn -0.7250 0.4437 0.5268
vn -0.7693 0.4527 0.4508
vn -0.8046 0.4612 0.3742
vn -0.8324 0.4684 0.2960
vn -0.8536 0.4739 0.2165
vn -0.8684 0.4775 0.1339
vn -0.8763 0.4795 0.0461
vn -0.8760 0.4801 -0.0455
vn -0.8680 0.4785 -0.1328
vn -0.8533 0.4747 -0.2157
vn -0.8324 0.4686 -0.2959
vn -0.8046 0.4606 -0.3748
vn -0.7693 0.4508 -0.4527
vn -0.7247 0.4412 -0.5293
vn -0.7547 0.3704 0.5415
vn -0.8046 0.3748 0.4606
vn -0.8439 0.3795 0.3793
vn -0.8741 0.3834 0.2981
vn -0.8967 0.3862 0.2165
vn -0.9122 0.3877 0.1328
vn -0.9203 0.3887 0.0453
vn -0.9200 0.3893 -0.0446
vn -0.9118 0.3890 -0.1314
vn -0.8965 0.3873 -0.2153
vn -0.8741 0.3839 -0.2977
vn -0.8439 0.3793 -0.3795
vn -0.8046 0.3742 -0.4612
vn -0.7546 0.3698 -0.5421
vn -0.7793 0.2942 0.5534
vn -0.8324 0.2959 0.4686
vn -0.8741 0.2977 0.3839
vn -0.9059 0.2989 0.3000
vn -0.9293 0.2994 0.2162
vn -0.9450 0.2995 0.1314
vn -0.9530 0.2996 0.0445
vn -0.9528 0.3003 -0.0437
vn -0.9448 0.3010 -0.1299
vn -0.9292 0.3010 -0.2146
vn -0.9059 0.3000 -0.2989
vn -0.8741 0.2981 -0.3834
vn -0.8324 0.2960 -0.4684
vn -0.7793 0.2944 -0.5532
vn -0.7982 0.2159 0.5624
vn -0.8533 0.2157 0.4747
vn -0.8965 0.2153 0.3873
vn -0.9292 0.2146 0.3010
vn -0.9529 0.2137 0.2154
vn -0.9684 0.2128 0.1299
vn -0.9762 0.2124 0.0436
vn -0.9761 0.2131 -0.0430
vn -0.9683 0.2142 -0.1284
vn -0.9529 0.2154 -0.2137
vn -0.9293 0.2162 -0.2994
vn -0.8967 0.2165 -0.3862
vn -0.8536 0.2165 -0.4739
vn -0.7984 0.2165 -0.5619
vn -0.8116 0.1340 0.5686
vn -0.8680 0.1328 0.4785
vn -0.9118 0.1314 0.3890
vn -0.9448 0.1299 0.3010
vn -0.9683 0.1284 0.2142
vn -0.9835 0.1273 0.1284
vn -0.9910 0.1268 0.0429
vn -0.9910 0.1273 -0.0424
vn -0.9835 0.1284 -0.1273
vn -0.9684 0.1299 -0.2128
vn -0.9450 0.1314 -0.2995
vn -0.9122 0.1328 -0.3877
vn -0.8684 0.1339 -0.4775
vn -0.8120 0.1348 -0.5679
vn -0.8192 0.0463 0.5717
vn -0.8760 0.0455 0.4801
vn -0.9200 0.0446 0.3893
vn -0.9528 0.0437 0.3003
vn -0.9761 0.0430 0.2131
vn -0.9910 0.0424 0.1273
vn -0.9982 0.0422 0.0424
vn -0.9982 0.0424 -0.0422
vn -0.9910 0.0429 -0.1268
vn -0.9762 0.0436 -0.2124
vn -0.9530 0.0445 -0.2996
vn -0.9203 0.0453 -0.3887
vn -0.8763 0.0461 -0.4795
vn -0.8194 0.0468 -0.5713
vn -0.8192 -0.0463 0.5717
vn -0.8760 -0.0455 0.4801
vn -0.9200 -0.0446 0.3893
vn -0.9528 -0.0437 0.3003
vn -0.9761 -0.0430 0.2131
vn -0.9910 -0.0424 0.1273
vn -0.9982 -0.0422 0.0424
vn -0.9982 -0.0424 -0.0422
vn -0.9910 -0.0429 -0.1268
vn -0.9762 -0.0436 -0.2124
vn -0.9530 -0.0445 -0.2996
vn -0.9203 -0.0453 -0.3887
vn -0.8763 -0.0461 -0.4795
vn -0.8194 -0.0468 -0.5713
vn -0.8116 -0.1340 0.5686
vn -0.8680 -0.1328 0.4785
vn -0.9118 -0.1314 0.3890
vn -0.9448 -0.1299 0.3010
vn -0.9683 -0.1284 0.2142
vn -0.9835 -0.1273 0.1284
vn -0.9910 -0.1268 0.0429
vn -0.9910 -0.1273 -0.0424
vn -0.9835 -0.1284 -0.1273
vn -0.9684 -0.1299 -0.2128
vn -0.9450 -0.1314 -0.2995
vn -0.9122 -0.1328 -0.3878
vn -0.8684 -0.1339 -0.4775
vn -0.8120 -0.1348 -0.5679
vn -0.7982 -0.2159 0.5624
vn -0.8533 -0.2157 0.4747
vn -0.8965 -0.2153 0.3873
vn -0.9292 -0.2146 0.3010
vn -0.9529 -0.2137 0.2154
vn -0.9684 -0.2128 0.1299
vn -0.9762 -0.2124 0.0436
vn -0.9761 -0.2131 -0.0430
vn -0.9683 -0.2142 -0.1284
vn -0.9529 -0.2154 -0.2137
vn -0.9293 -0.2162 -0.2994
vn -0.8967 -0.2165 -0.3862
vn -0.8536 -0.2165 -0.4739
vn -0.7984 -0.2165 -0.5619
vn -0.7793 -0.2942 0.5534
vn -0.8324 -0.2959 0.4686
vn -0.8741 -0.2977 0.3839
vn -0.9059 -0.2989 0.3000
vn -0.9293 -0.2994 0.2162
vn -0.9450 -0.2995 0.1314
vn -0.9530 -0.2996 0.0445
vn -0.9528 -0.3003 -0.0437
vn -0.9448 -0.3010 -0.1299
vn -0.9292 -0.3010 -0.2146
vn -0.9059 -0.3000 -0.2989
vn -0.8741 -0.2981 -0.3834
vn -0.8324 -0.2960 -0.4684
vn -0.7793 -0.2944 -0.5532
vn -0.7547 -0.3704 0.5415
vn -0.8046 -0.3748 0.4606
vn -0.8439 -0.3795 0.3793
vn -0.8741 -0.3834 0.2981
vn -0.8967 -0.3862 0.2165
vn -0.9122 -0.3877 0.1328
vn -0.9203 -0.3887 0.0453
vn -0.9200 -0.3893 -0.0446
vn -0.9118 -0.3890 -0.1314
vn -0.8965 -0.3873 -0.2154
vn -0.8741 -0.3839 -0.2977
vn -0.8439 -0.3793 -0.3795
vn -0.8046 -0.3742 -0.4612
vn -0.7546 -0.3698 -0.5421
vn -0.7250 -0.4437 0.5268
vn -0.7693 -0.4527 0.4508
vn -0.8046 -0.4612 0.3742
vn -0.8324 -0.4684 0.2960
vn -0.8536 -0.4739 0.2165
vn -0.8684 -0.4775 0.1339
vn -0.8763 -0.4795 0.0461
vn -0.8760 -0.4801 -0.0455
vn -0.8680 -0.4785 -0.1328
vn -0.8533 -0.4747 -0.2157
vn -0.8324 -0.4686 -0.2959
vn -0.8046 -0.4606 -0.3748
vn -0.7693 -0.4508 -0.4527
vn -0.7247 -0.4412 -0.5293
vn -0.6890 -0.5152 0.5098
vn -0.7247 -0.5293 0.4412
vn -0.7546 -0.5421 0.3698
vn -0.7793 -0.5532 0.2944
vn -0.7984 -0.5619 0.2165
vn -0.8120 -0.5679 0.1348
vn -0.8194 -0.5713 0.0468
vn -0.8192 -0.5717 -0.0463
vn -0.8116 -0.5686 -0.1340
vn -0.7982 -0.5624 -0.2159
vn -0.7793 -0.5534 -0.2942
vn -0.7547 -0.5415 -0.3704
vn -0.7250 -0.5268 -0.4437
vn -0.6890 -0.5098 -0.5152
vn -0.6116 0.5657 0.5530
vn -0.6428 0.5838 0.4960
vn -0.6687 0.6025 0.4356
vn -0.6929 0.6204 0.3675
vn -0.7136 0.6361 0.2934
vn -0.7298 0.6485 0.2164
vn -0.7414 0.6573 0.1352
vn -0.7478 0.6622 0.0470
vn -0.7477 0.6624 -0.0469
vn -0.7412 0.6576 -0.1349
vn -0.7297 0.6487 -0.2162
vn -0.7136 0.6363 -0.2933
vn -0.6929 0.6203 -0.3676
vn -0.6691 0.6014 -0.4366
vn -0.6437 0.5783 -0.5012
vn -0.6116 0.5530 -0.5657
vn -0.6428 0.4960 -0.5838
vn -0.6687 0.4356 -0.6025
vn -0.6929 0.3675 -0.6204
vn -0.7136 0.2934 -0.6361
vn -0.7298 0.2164 -0.6485
vn -0.7414 0.1352 -0.6573
vn -0.7478 0.0470 -0.6622
vn -0.7478 -0.0470 -0.6622
vn -0.7414 -0.1352 -0.6573
vn -0.7298 -0.2164 -0.6485
vn -0.7136 -0.2934 -0.6361
vn -0.6929 -0.3675 -0.6204
vn -0.6687 -0.4356 -0.6025
vn -0.6428 -0.4960 -0.5838
vn -0.6116 -0.5530 -0.5657
vn -0.6437 -0.5783 -0.5012
vn -0.6691 -0.6014 -0.4366
vn -0.6929 -0.6203 -0.3676
vn -0.7136 -0.6363 -0.2933
vn -0.7297 -0.6487 -0.2162
vn -0.7412 -0.6576 -0.1349
vn -0.7477 -0.6624 -0.0469
vn -0.7478 -0.6622 0.0470
vn -0.7414 -0.6573 0.1352
vn -0.7298 -0.6485 0.2164
vn -0.7136 -0.6361 0.2934
vn -0.6929 -0.6204 0.3675
vn -0.6687 -0.6025 0.4356
vn -0.6428 -0.5838 0.4960
vn -0.6116 -0.5657 0.5530
vn -0.6437 -0.5012 0.5783
vn -0.6691 -0.4366 0.6014
vn -0.6929 -0.3676 0.6203
vn -0.7136 -0.2933 0.6363
vn -0.7297 -0.2162 0.6487
vn -0.7412 -0.1349 0.6576
vn -0.7477 -0.0469 0.6624
vn -0.7477 0.0469 0.6624
vn -0.7412 0.1349 0.6576
vn -0.7297 0.2162 0.6487
vn -0.7136 0.2933 0.6363
vn -0.6929 0.3676 0.6203
vn -0.6691 0.4366 0.6014
vn -0.6437 0.5012 0.5783
vn -0.5098 0.5152 -0.6890
vn -0.4412 0.5293 -0.7247
vn -0.3698 0.5421 -0.7546
vn -0.2944 0.5532 -0.7793
vn -0.2165 0.5619 -0.7984
vn -0.1348 0.5679 -0.8120
vn -0.0468 0.5713 -0.8194
vn 0.0463 0.5717 -0.8192
vn 0.1340 0.5686 -0.8116
vn 0.2159 0.5624 -0.7982
vn 0.2942 0.5534 -0.7793
vn 0.3704 0.5415 -0.7547
vn 0.4437 0.5268 -0.7250
vn 0.5152 0.5098 -0.6890
vn -0.5268 0.4437 -0.7250
vn -0.4508 0.4527 -0.7693
vn -0.3742 0.4612 -0.8046
vn -0.2960 0.4684 -0.8324
vn -0.2165 0.4739 -0.8536
vn -0.1339 0.4775 -0.8684
vn -0.0461 0.4795 -0.8763
vn 0.0455 0.4801 -0.8760
vn 0.1328 0.4785 -0.8680
vn 0.2157 0.4747 -0.8533
vn 0.2959 0.4686 -0.8324
vn 0.3748 0.4606 -0.8046
vn 0.4527 0.4508 -0.7693
vn 0.5293 0.4412 -0.7247
vn -0.5415 0.3704 -0.7547
vn -0.4606 0.3748 -0.8046
vn -0.3793 0.3795 -0.8439
vn -0.2981 0.3834 -0.8741
vn -0.2165 0.3862 -0.8967
vn -0.1328 0.3877 -0.9122
vn -0.0453 0.3887 -0.9203
vn 0.0446 0.3893 -0.9200
vn 0.1314 0.3890 -0.9118
vn 0.2153 0.3873 -0.8965
vn 0.2977 0.3839 -0.8741
vn 0.3795 0.3793 -0.8439
vn 0.4612 0.3742 -0.8046
vn 0.5421 0.3698 -0.7546
vn -0.5534 0.2942 -0.7793
vn -0.4686 0.2959 -0.8324
vn -0.3839 0.2977 -0.8741
vn -0.3000 0.2989 -0.9059
vn -0.2162 0.2994 -0.9293
vn -0.1314 0.2995 -0.9450
vn -0.0445 0.2996 -0.9530
vn 0.0437 0.3003 -0.9528
vn 0.1299 0.3010 -0.9448
vn 0.2146 0.3010 -0.9292
vn 0.2989 0.3000 -0.9059
vn 0.3834 0.2981 -0.8741
vn 0.4684 0.2960 -0.8324
vn 0.5532 0.2944 -0.7793
vn -0.5624 0.2159 -0.7982
vn -0.4747 0.2157 -0.8533
vn -0.3873 0.2153 -0.8965
vn -0.3010 0.2146 -0.9292
vn -0.2154 0.2137 -0.9529
vn -0.1299 0.2128 -0.9684
vn -0.0436 0.2124 -0.9762
vn 0.0430 0.2131 -0.9761
vn 0.1284 0.2142 -0.9683
vn 0.2137 0.2154 -0.9529
vn 0.2994 0.2162 -0.9293
vn 0.3862 0.2165 -0.8967
vn 0.4739 0.2165 -0.8536
vn 0.5619 0.2165 -0.7984
vn -0.5686 0.1340 -0.8116
vn -0.4785 0.1328 -0.8680
vn -0.3890 0.1314 -0.9118
vn -0.3010 0.1299 -0.9448
vn -0.2142 0.1284 -0.9683
vn -0.1284 0.1273 -0.9835
vn -0.0429 0.1268 -0.9910
vn 0.0424 0.1273 -0.9910
vn 0.1273 0.1284 -0.9835
vn 0.2128 0.1299 -0.9684
vn 0.2995 0.1314 -0.9450
vn 0.3877 0.1328 -0.9122
vn 0.4775 0.1339 -0.8684
vn 0.5679 0.1348 -0.8120
vn -0.5717 0.0463 -0.8192
vn -0.4801 0.0455 -0.8760
vn -0.3893 0.0446 -0.9200
vn -0.3003 0.0437 -0.9528
vn -0.2131 0.0430 -0.9761
vn -0.1273 0.0424 -0.9910
vn -0.0424 0.0422 -0.9982
vn 0.0422 0.0424 -0.9982
vn 0.1268 0.0429 -0.9910
vn 0.2124 0.0436 -0.9762
vn 0.2996 0.0445 -0.9530
vn 0.3887 0.0453 -0.9203
vn 0.4795 0.0461 -0.8763
vn 0.5713 0.0468 -0.8194
vn -0.5717 -0.0463 -0.8192
vn -0.4801 -0.0455 -0.8760
vn -0.3893 -0.0446 -0.9200
vn -0.3003 -0.0437 -0.9528
vn -0.2131 -0.0430 -0.9761
vn -0.1273 -0.0424 -0.9910
vn -0.0424 -0.0422 -0.9982
vn 0.0422 -0.0424 -0.9982
vn 0.1268 -0.0429 -0.9910
vn 0.2124 -0.0436 -0.9762
vn 0.2996 -0.0445 -0.9530
vn 0.3887 -0.0453 -0.9203
vn 0.4795 -0.0461 -0.8763
vn 0.5713 -0.0468 -0.8194
vn -0.5686 -0.1340 -0.8116
vn -0.4785 -0.1328 -0.8680
vn -0.3890 -0.1314 -0.9118
vn -0.3010 -0.1299 -0.9448
vn -0.2142 -0.1284 -0.9683
vn -0.1284 -0.1273 -0.9835
vn -0.0429 -0.1268 -0.9910
vn 0.0424 -0.1273 -0.9910
vn 0.1273 -0.1284 -0.9835
vn 0.2128 -0.1299 -0.9684
vn 0.2995 -0.1314 -0.9450
vn 0.3878 -0.1328 -0.9122
vn 0.4775 -0.1339 -0.8684
vn 0.5679 -0.1348 -0.8120
vn -0.5624 -0.2159 -0.7982
vn -0.4747 -0.2157 -0.8533
vn -0.3873 -0.2153 -0.8965
vn -0.3010 -0.2146 -0.9292
vn -0.2154 -0.2137 -0.9529
vn -0.1299 -0.2128 -0.9684
vn -0.0436 -0.2124 -0.9762
vn 0.0430 -0.2131 -0.9761
vn 0.1284 -0.2142 -0.9683
vn 0.2137 -0.2154 -0.9529
vn 0.2994 -0.2162 -0.9293
vn 0.3862 -0.2165 -0.8967
vn 0.4739 -0.2165 -0.8536
vn 0.5619 -0.2165 -0.7984
vn -0.5534 -0.2942 -0.7793
vn -0.4686 -0.2959 -0.8324
vn -0.3839 -0.2977 -0.8741
vn -0.3000 -0.2989 -0.9059
vn -0.2162 -0.2994 -0.9293
vn -0.1314 -0.2995 -0.9450
vn -0.0445 -0.2996 -0.9530
vn 0.0437 -0.3003 -0.9528
vn 0.1299 -0.3010 -0.9448
vn 0.2146 -0.3010 -0.9292
vn 0.2989 -0.3000 -0.9059
vn 0.3834 -0.2981 -0.8741
vn 0.4684 -0.2960 -0.8324
vn 0.5532 -0.2944 -0.7793
vn -0.5415 -0.3704 -0.7547
vn -0.4606 -0.3748 -0.8046
vn -0.3793 -0.3795 -0.8439
vn -0.2981 -0.3834 -0.8741
vn -0.2165 -0.3862 -0.8967
vn -0.1328 -0.3877 -0.9122
vn -0.0453 -0.3887 -0.9203
vn 0.0446 -0.3893 -0.9200
vn 0.1314 -0.3890 -0.9118
vn 0.2153 -0.3873 -0.8965
vn 0.2977 -0.3839 -0.8741
vn 0.3795 -0.3793 -0.8439
vn 0.4612 -0.3742 -0.8046
vn 0.5421 -0.3698 -0.7546
vn -0.5268 -0.4437 -0.7250
vn -0.4508 -0.4527 -0.7693
vn -0.3742 -0.4612 -0.8046
vn -0.2960 -0.4684 -0.8324
vn -0.2165 -0.4739 -0.8536
vn -0.1339 -0.4775 -0.8684
vn -0.0461 -0.4795 -0.8763
vn 0.0455 -0.4801 -0.8760
vn 0.1328 -0.4785 -0.8680
vn 0.2157 -0.4747 -0.8533
vn 0.2958 -0.4686 -0.8324
vn 0.3748 -0.4606 -0.8046
vn 0.4527 -0.4508 -0.7693
vn 0.5293 -0.4412 -0.7247
vn -0.5098 -0.5152 -0.6890
vn -0.4412 -0.5293 -0.7247
vn -0.3698 -0.5421 -0.7546
vn -0.2944 -0.5532 -0.7793
vn -0.2165 -0.5619 -0.7984
vn -0.1348 -0.5679 -0.8120
vn -0.0468 -0.5713 -0.8194
vn 0.0463 -0.5717 -0.8192
vn 0.1340 -0.5686 -0.8116
vn 0.2159 -0.5624 -0.7982
vn 0.2942 -0.5534 -0.7793
vn 0.3704 -0.5415 -0.7547
vn 0.4437 -0.5268 -0.7250
vn 0.5152 -0.5098 -0.6890
vn -0.5530 0.5657 -0.6116
vn -0.4960 0.5838 -0.6428
vn -0.4356 0.6025 -0.6687
vn -0.3675 0.6204 -0.6929
vn -0.2934 0.6361 -0.7136
vn -0.2164 0.6485 -0.7298
vn -0.1352 0.6573 -0.7414
vn -0.0470 0.6622 -0.7478
vn 0.0469 0.6624 -0.7477
vn 0.1349 0.6576 -0.7412
vn 0.2162 0.6487 -0.7297
vn 0.2933 0.6363 -0.7136
vn 0.3676 0.6203 -0.6929
vn 0.4366 0.6014 -0.6691
vn 0.5012 0.5783 -0.6437
vn 0.5657 0.5530 -0.6116
vn 0.5838 0.4960 -0.6428
vn 0.6025 0.4356 -0.6687
vn 0.6204 0.3675 -0.6929
vn 0.6361 0.2934 -0.7136
vn 0.6485 0.2164 -0.7298
vn 0.6573 0.1352 -0.7414
vn 0.6622 0.0470 -0.7478
vn 0.6622 -0.0470 -0.7478
vn 0.6573 -0.1352 -0.7414
vn 0.6485 -0.2164 -0.7298
vn 0.6361 -0.2934 -0.7136
vn 0.6204 -0.3675 -0.6929
vn 0.6025 -0.4356 -0.6687
vn 0.5838 -0.4960 -0.6428
vn 0.5657 -0.5530 -0.6116
vn 0.5012 -0.5783 -0.6437
vn 0.4366 -0.6014 -0.6691
vn 0.3676 -0.6203 -0.6929
vn 0.2933 -0.6363 -0.7136
vn 0.2162 -0.6487 -0.7297
vn 0.1349 -0.6576 -0.7412
vn 0.0469 -0.6624 -0.7477
vn -0.0470 -0.6622 -0.7478
vn -0.1352 -0.6573 -0.7414
vn -0.2164 -0.6485 -0.7298
vn -0.2934 -0.6361 -0.7136
vn -0.3675 -0.6204 -0.6929
vn -0.4356 -0.6025 -0.6687
vn -0.4960 -0.5838 -0.6428
vn -0.5530 -0.5657 -0.6116
vn -0.5783 -0.5012 -0.6437
vn -0.6014 -0.4366 -0.6691
vn -0.6203 -0.3676 -0.6929
vn -0.6363 -0.2933 -0.7136
vn -0.6487 -0.2162 -0.7297
vn -0.6576 -0.1349 -0.7412
vn -0.6624 -0.0469 -0.7477
vn -0.6624 0.0469 -0.7477
vn -0.6576 0.1349 -0.7412
vn -0.6487 0.2162 -0.7297
vn -0.6363 0.2933 -0.7136
vn -0.6203 0.3676 -0.6929
vn -0.6014 0.4366 -0.6691
vn -0.5783 0.5012 -0.6437
vn 0.6890 0.5152 -0.5098
vn 0.7247 0.5293 -0.4412
vn 0.7546 0.5421 -0.3698
vn 0.7793 0.5532 -0.2944
vn 0.7984 0.5619 -0.2165
vn 0.8120 0.5679 -0.1348
vn 0.8194 0.5713 -0.0468
vn 0.8192 0.5717 0.0463
vn 0.8116 0.5686 0.1340
vn 0.7982 0.5624 0.2159
vn 0.7793 0.5534 0.2942
vn 0.7547 0.5415 0.3704
vn 0.7250 0.5268 0.4437
vn 0.6890 0.5098 0.5152
vn 0.7250 0.4437 -0.5268
vn 0.7693 0.4527 -0.4508
vn 0.8046 0.4612 -0.3742
vn 0.8324 0.4684 -0.2960
vn 0.8536 0.4739 -0.2165
vn 0.8684 0.4775 -0.1339
vn 0.8763 0.4795 -0.0461
vn 0.8760 0.4801 0.0455
vn 0.8680 0.4785 0.1328
vn 0.8533 0.4747 0.2157
vn 0.8324 0.4686 0.2959
vn 0.8046 0.4606 0.3748
vn 0.7693 0.4508 0.4527
vn 0.7247 0.4412 0.5293
vn 0.7547 0.3704 -0.5415
vn 0.8046 0.3748 -0.4606
vn 0.8439 0.3795 -0.3793
vn 0.8741 0.3834 -0.2981
vn 0.8967 0.3862 -0.2165
vn 0.9122 0.3877 -0.1328
vn 0.9203 0.3887 -0.0453
vn 0.9200 0.3893 0.0446
vn 0.9118 0.3890 0.1314
vn 0.8965 0.3873 0.2153
vn 0.8741 0.3839 0.2977
vn 0.8439 0.3793 0.3795
vn 0.8046 0.3742 0.4612
vn 0.7546 0.3698 0.5421
vn 0.7793 0.2942 -0.5534
vn 0.8324 0.2959 -0.4686
vn 0.8741 0.2977 -0.3839
vn 0.9059 0.2989 -0.3000
vn 0.9293 0.2994 -0.2162
vn 0.9450 0.2995 -0.1314
vn 0.9530 0.2996 -0.0445
vn 0.9528 0.3003 0.0437
vn 0.9448 0.3010 0.1299
vn 0.9292 0.3010 0.2146
vn 0.9059 0.3000 0.2989
vn 0.8741 0.2981 0.3834
vn 0.8324 0.2960 0.4684
vn 0.7793 0.2944 0.5532
vn 0.7982 0.2159 -0.5624
vn 0.8533 0.2157 -0.4747
vn 0.8965 0.2153 -0.3873
vn 0.9292 0.2146 -0.3010
vn 0.9529 0.2137 -0.2154
vn 0.9684 0.2128 -0.1299
vn 0.9762 0.2124 -0.0436
vn 0.9761 0.2131 0.0430
vn 0.9683 0.2142 0.1284
vn 0.9529 0.2154 0.2137
vn 0.9293 0.2162 0.2994
vn 0.8967 0.2165 0.3862
vn 0.8536 0.2165 0.4739
vn 0.7984 0.2165 0.5619
vn 0.8116 0.1340 -0.5686
vn 0.8680 0.1328 -0.4785
vn 0.9118 0.1314 -0.3890
vn 0.9448 0.1299 -0.3010
vn 0.9683 0.1284 -0.2142
vn 0.9835 0.1273 -0.1284
vn 0.9910 0.1268 -0.0429
vn 0.9910 0.1273 0.0424
vn 0.9835 0.1284 0.1273
vn 0.9684 0.1299 0.2128
vn 0.9450 0.1314 0.2995
vn 0.9122 0.1328 0.3877
vn 0.8684 0.1339 0.4775
vn 0.8120 0.1348 0.5679
vn 0.8192 0.0463 -0.5717
vn 0.8760 0.0455 -0.4801
vn 0.9200 0.0446 -0.3893
vn 0.9528 0.0437 -0.3003
vn 0.9761 0.0430 -0.2131
vn 0.9910 0.0424 -0.1273
vn 0.9982 0.0422 -0.0424
vn 0.9982 0.0424 0.0422
vn 0.9910 0.0429 0.1268
vn 0.9762 0.0436 0.2124
vn 0.9530 0.0445 0.2996
vn 0.9203 0.0453 0.3887
vn 0.8763 0.0461 0.4795
vn 0.8194 0.0468 0.5713
vn 0.8192 -0.0463 -0.5717
vn 0.8760 -0.0455 -0.4801
vn 0.9200 -0.0446 -0.3893
vn 0.9528 -0.0437 -0.3003
vn 0.9761 -0.0430 -0.2131
vn 0.9910 -0.0424 -0.1273
vn 0.9982 -0.0422 -0.0424
vn 0.9982 -0.0424 0.0422
vn 0.9910 -0.0429 0.1268
vn 0.9762 -0.0436 0.2124
vn 0.9530 -0.0445 0.2996
vn 0.9203 -0.0453 0.3887
vn 0.8763 -0.0461 0.4795
vn 0.8194 -0.0468 0.5713
vn 0.8116 -0.1340 -0.5686
vn 0.8680 -0.1328 -0.4785
vn 0.9118 -0.1314 -0.3890
vn 0.9448 -0.1299 -0.3010
vn 0.9683 -0.1284 -0.2142
vn 0.9835 -0.1273 -0.1284
vn 0.9910 -0.1268 -0.0429
vn 0.9910 -0.1273 0.0424
vn 0.9835 -0.1284 0.1273
vn 0.9684 -0.1299 0.2128
vn 0.9450 -0.1314 0.2995
vn 0.9122 -0.1328 0.3878
vn 0.8684 -0.1339 0.4775
vn 0.8120 -0.1348 0.5679
vn 0.7982 -0.2159 -0.5624
vn 0.8533 -0.2157 -0.4747
vn 0.8965 -0.2153 -0.3873
vn 0.9292 -0.2146 -0.3010
vn 0.9529 -0.2137 -0.2154
vn 0.9684 -0.2128 -0.1299
vn 0.9762 -0.2124 -0.0436
vn 0.9761 -0.2131 0.0430
vn 0.9683 -0.2142 0.1284
vn 0.9529 -0.2154 0.2137
vn 0.9293 -0.2162 0.2994
vn 0.8967 -0.2165 0.3862
vn 0.8536 -0.2165 0.4739
vn 0.7984 -0.2165 0.5619
vn 0.7793 -0.2942 -0.5534
vn 0.8324 -0.2959 -0.4686
vn 0.8741 -0.2977 -0.3839
vn 0.9059 -0.2989 -0.3000
vn 0.9293 -0.2994 -0.2162
vn 0.9450 -0.2995 -0.1314
vn 0.9530 -0.2996 -0.0445
vn 0.9528 -0.3003 0.0437
vn 0.9448 -0.3010 0.1299
vn 0.9292 -0.3010 0.2146
vn 0.9059 -0.3000 0.2989
vn 0.8741 -0.2981 0.3834
vn 0.8324 -0.2960 0.4684
vn 0.7793 -0.2944 0.5532
vn 0.7547 -0.3704 -0.5416
vn 0.8046 -0.3748 -0.4606
vn 0.8439 -0.3795 -0.3793
vn 0.8741 -0.3834 -0.2981
vn 0.8967 -0.3862 -0.2165
vn 0.9122 -0.3877 -0.1328
vn 0.9203 -0.3887 -0.0453
vn 0.9200 -0.3893 0.0446
vn 0.9118 -0.3890 0.1314
vn 0.8965 -0.3873 0.2154
vn 0.8741 -0.3839 0.2977
vn 0.8439 -0.3793 0.3795
vn 0.8046 -0.3742 0.4612
vn 0.7546 -0.3698 0.5421
vn 0.7250 -0.4437 -0.5268
vn 0.7693 -0.4527 -0.4508
vn 0.8046 -0.4612 -0.3742
vn 0.8324 -0.4684 -0.2960
vn 0.8536 -0.4739 -0.2165
vn 0.8684 -0.4775 -0.1339
vn 0.8763 -0.4795 -0.0461
vn 0.8760 -0.4801 0.0455
vn 0.8680 -0.4785 0.1328
vn 0.8533 -0.4747 0.2157
vn 0.8324 -0.4686 0.2959
vn 0.8046 -0.4606 0.3748
vn 0.7693 -0.4508 0.4527
vn 0.7247 -0.4412 0.5293
vn 0.6890 -0.5152 -0.5098
vn 0.7247 -0.5293 -0.4412
vn 0.7546 -0.5421 -0.3698
vn 0.7793 -0.5532 -0.2944
vn 0.7984 -0.5619 -0.2165
vn 0.8120 -0.5679 -0.1348
vn 0.8194 -0.5713 -0.0468
vn 0.8192 -0.5717 0.0463
vn 0.8116 -0.5686 0.1340
vn 0.7982 -0.5624 0.2159
vn 0.7793 -0.5534 0.2942
vn 0.7547 -0.5415 0.3704
vn 0.7250 -0.5268 0.4437
vn 0.6890 -0.5098 0.5152
vn 0.6116 0.5657 -0.5530
vn 0.6428 0.5838 -0.4960
vn 0.6687 0.6025 -0.4356
vn 0.6929 0.6204 -0.3675
vn 0.7136 0.6361 -0.2934
vn 0.7298 0.6485 -0.2164
vn 0.7414 0.6573 -0.1352
vn 0.7478 0.6622 -0.0470
vn 0.7477 0.6624 0.0469
vn 0.7412 0.6576 0.1349
vn 0.7297 0.6487 0.2162
vn 0.7136 0.6363 0.2933
vn 0.6929 0.6203 0.3676
vn 0.6691 0.6014 0.4366
vn 0.6437 0.5783 0.5012
vn 0.6116 0.5530 0.5657
vn 0.6428 0.4960 0.5838
vn 0.6687 0.4356 0.6025
vn 0.6929 0.3675 0.6204
vn 0.7136 0.2934 0.6361
vn 0.7298 0.2164 0.6485
vn 0.7414 0.1352 0.6573
vn 0.7478 0.0470 0.6622
vn 0.7478 -0.0470 0.6622
vn 0.7414 -0.1352 0.6573
vn 0.7298 -0.2164 0.6485
vn 0.7136 -0.2934 0.6361
vn 0.6929 -0.3675 0.6204
vn 0.6687 -0.4356 0.6025
vn 0.6428 -0.4960 0.5838
vn 0.6116 -0.5530 0.5657
vn 0.6437 -0.5783 0.5012
vn 0.6691 -0.6014 0.4366
vn 0.6929 -0.6203 0.3676
vn 0.7136 -0.6363 0.2933
vn 0.7297 -0.6487 0.2162
vn 0.7412 -0.6576 0.1349
vn 0.7477 -0.6624 0.0469
vn 0.7478 -0.6622 -0.0470
vn 0.7414 -0.6573 -0.1352
vn 0.7298 -0.6485 -0.2164
vn 0.7136 -0.6361 -0.2934
vn 0.6929 -0.6204 -0.3675
vn 0.6687 -0.6025 -0.4356
vn 0.6428 -0.5838 -0.4960
vn 0.6116 -0.5657 -0.5530
vn 0.6437 -0.5012 -0.5783
vn 0.6691 -0.4366 -0.6014
vn 0.6929 -0.3676 -0.6203
vn 0.7136 -0.2933 -0.6363
vn 0.7297 -0.2162 -0.6487
vn 0.7412 -0.1349 -0.6576
vn 0.7477 -0.0469 -0.6624
vn 0.7477 0.0469 -0.6624
vn 0.7412 0.1349 -0.6576
vn 0.7297 0.2162 -0.6487
vn 0.7136 0.2933 -0.6363
vn 0.6929 0.3676 -0.6203
vn 0.6691 0.4366 -0.6014
vn 0.6437 0.5012 -0.5783
vn 0.5098 0.5152 0.6890
vn 0.4412 0.5293 0.7247
vn 0.3698 0.5421 0.7546
vn 0.2944 0.5532 0.7793
vn 0.2165 0.5619 0.7984
vn 0.1348 0.5679 0.8120
vn 0.0468 0.5713 0.8194
vn -0.0463 0.5717 0.8192
vn -0.1340 0.5686 0.8116
vn -0.2159 0.5624 0.7982
vn -0.2942 0.5534 0.7793
vn -0.3704 0.5415 0.7547
vn -0.4437 0.5268 0.7250
vn -0.5152 0.5098 0.6890
vn 0.5268 0.4437 0.7250
vn 0.4508 0.4527 0.7693
vn 0.3742 0.4612 0.8046
vn 0.2960 0.4684 0.8324
vn 0.2165 0.4739 0.8536
vn 0.1339 0.4775 0.8684
vn 0.0461 0.4795 0.8763
vn -0.0455 0.4801 0.8760
vn -0.1328 0.4785 0.8680
vn -0.2157 0.4747 0.8533
vn -0.2959 0.4686 0.8324
vn -0.3748 0.4606 0.8046
vn -0.4527 0.4508 0.7693
vn -0.5293 0.4412 0.7247
vn 0.5415 0.3704 0.7547
vn 0.4606 0.3748 0.8046
vn 0.3793 0.3795 0.8439
vn 0.2981 0.3834 0.8741
vn 0.2165 0.3862 0.8967
vn 0.1328 0.3877 0.9122
vn 0.0453 0.3887 0.9203
vn -0.0446 0.3893 0.9200
vn -0.1314 0.3890 0.9118
vn -0.2153 0.3873 0.8965
vn -0.2977 0.3839 0.8741
vn -0.3795 0.3793 0.8439
vn -0.4612 0.3742 0.8046
vn -0.5421 0.3698 0.7546
vn 0.5534 0.2942 0.7793
vn 0.4686 0.2959 0.8324
vn 0.3839 0.2977 0.8741
vn 0.3000 0.2989 0.9059
vn 0.2162 0.2994 0.9293
vn 0.1314 0.2995 0.9450
vn 0.0445 0.2996 0.9530
vn -0.0437 0.3003 0.9528
vn -0.1299 0.3010 0.9448
vn -0.2146 0.3010 0.9292
vn -0.2989 0.3000 0.9059
vn -0.3834 0.2981 0.8741
vn -0.4684 0.2960 0.8324
vn -0.5532 0.2944 0.7793
vn 0.5624 0.2159 0.7982
vn 0.4747 0.2157 0.8533
vn 0.3873 0.2153 0.8965
vn 0.3010 0.2146 0.9292
vn 0.2154 0.2137 0.9529
vn 0.1299 0.2128 0.9684
vn 0.0436 0.2124 0.9762
vn -0.0430 0.2131 0.9761
vn -0.1284 0.2142 0.9683
vn -0.2137 0.2154 0.9529
vn -0.2994 0.2162 0.9293
vn -0.3862 0.2165 0.8967
vn -0.4739 0.2165 0.8536
vn -0.5619 0.2165 0.7984
vn 0.5686 0.1340 0.8116
vn 0.4785 0.1328 0.8680
vn 0.3890 0.1314 0.9118
vn 0.3010 0.1299 0.9448
vn 0.2142 0.1284 0.9683
vn 0.1284 0.1273 0.9835
vn 0.0429 0.1268 0.9910
vn -0.0424 0.1273 0.9910
vn -0.1273 0.1284 0.9835
vn -0.2128 0.1299 0.9684
vn -0.2995 0.1314 0.9450
vn -0.3877 0.1328 0.9122
vn -0.4775 0.1339 0.8684
vn -0.5679 0.1348 0.8120
vn 0.5717 0.0463 0.8192
vn 0.4801 0.0455 0.8760
vn 0.3893 0.0446 0.9200
vn 0.3003 0.0437 0.9528
vn 0.2131 0.0430 0.9761
vn 0.1273 0.0424 0.9910
vn 0.0424 0.0422 0.9982
vn -0.0422 0.0424 0.9982
vn -0.1268 0.0429 0.9910
vn -0.2124 0.0436 0.9762
vn -0.2996 0.0445 0.9530
vn -0.3887 0.0453 0.9203
vn -0.4795 0.0461 0.8763
vn -0.5713 0.0468 0.8194
vn 0.5717 -0.0463 0.8192
vn 0.4801 -0.0455 0.8760
vn 0.3893 -0.0446 0.9200
vn 0.3003 -0.0437 0.9528
vn 0.2131 -0.0430 0.9761
vn 0.1273 -0.0424 0.9910
vn 0.0424 -0.0422 0.9982
vn -0.0422 -0.0424 0.9982
vn -0.1268 -0.0429 0.9910
vn -0.2124 -0.0436 0.9762
vn -0.2996 -0.0445 0.9530
vn -0.3887 -0.0453 0.9203
vn -0.4795 -0.0461 0.8763
vn -0.5713 -0.0468 0.8194
vn 0.5686 -0.1340 0.8116
vn 0.4785 -0.1328 0.8680
vn 0.3890 -0.1314 0.9118
vn 0.3010 -0.1299 0.9448
vn 0.2142 -0.1284 0.9683
vn 0.1284 -0.1273 0.9835
vn 0.0429 -0.1268 0.9910
vn -0.0424 -0.1273 0.9910
vn -0.1273 -0.1284 0.9835
vn -0.2128 -0.1299 0.9684
vn -0.2995 -0.1314 0.9450
vn -0.3878 -0.1328 0.9122
vn -0.4775 -0.1339 0.8684
vn -0.5679 -0.1348 0.8120
vn 0.5624 -0.2159 0.7982
vn 0.4747 -0.2157 0.8533
vn 0.3873 -0.2153 0.8965
vn 0.3010 -0.2146 0.9292
vn 0.2154 -0.2137 0.9529
vn 0.1299 -0.2128 0.9684
vn 0.0436 -0.2124 0.9762
vn -0.0430 -0.2131 0.9761
vn -0.1284 -0.2142 0.9683
vn -0.2137 -0.2154 0.9529
vn -0.2994 -0.2162 0.9293
vn -0.3862 -0.2165 0.8967
vn -0.4739 -0.2165 0.8536
vn -0.5619 -0.2165 0.7984
vn 0.5534 -0.2942 0.7793
vn 0.4686 -0.2959 0.8324
vn 0.3839 -0.2977 0.8741
vn 0.3000 -0.2989 0.9059
vn 0.2162 -0.2994 0.9293
vn 0.1314 -0.2995 0.9450
vn 0.0445 -0.2996 0.9530
vn -0.0437 -0.3003 0.9528
vn -0.1299 -0.3010 0.9448
vn -0.2146 -0.3010 0.9292
vn -0.2989 -0.3000 0.9059
vn -0.3834 -0.2981 0.8741
vn -0.4684 -0.2960 0.8324
vn -0.5532 -0.2944 0.7793
vn 0.5415 -0.3704 0.7547
vn 0.4606 -0.3748 0.8046
vn 0.3793 -0.3795 0.8439
vn 0.2981 -0.3834 0.8741
vn 0.2165 -0.3862 0.8967
vn 0.1328 -0.3877 0.9122
vn 0.0453 -0.3887 0.9203
vn -0.0446 -0.3893 0.9200
vn -0.1314 -0.3890 0.9118
vn -0.2153 -0.3873 0.8965
vn -0.2977 -0.3839 0.8741
vn -0.3795 -0.3793 0.8439
vn -0.4612 -0.3742 0.8046
vn -0.5421 -0.3698 0.7546
vn 0.5268 -0.4437 0.7250
vn 0.4508 -0.4527 0.7693
vn 0.3742 -0.4612 0.8046
vn 0.2960 -0.4684 0.8324
vn 0.2165 -0.4739 0.8536
vn 0.1339 -0.4775 0.8684
vn 0.0461 -0.4795 0.8763
vn -0.0455 -0.4801 0.8760
vn -0.1328 -0.4785 0.8680
vn -0.2157 -0.4747 0.8533
vn -0.2959 -0.4686 0.8324
vn -0.3748 -0.4606 0.8046
vn -0.4527 -0.4508 0.7693
vn -0.5293 -0.4412 0.7247
vn 0.5098 -0.5152 0.6890
vn 0.4412 -0.5293 0.7247
vn 0.3698 -0.5421 0.7546
vn 0.2944 -0.5532 0.7793
vn 0.2165 -0.5619 0.7984
vn 0.1348 -0.5679 0.8120
vn 0.0468 -0.5713 0.8194
vn -0.0463 -0.5717 0.8192
vn -0.1340 -0.5686 0.8116
vn -0.2159 -0.5624 0.7982
vn -0.2942 -0.5534 0.7793
vn -0.3704 -0.5415 0.7547
vn -0.4437 -0.5268 0.7250
vn -0.5152 -0.5098 0.6890
vn 0.5530 0.5657 0.6116
vn 0.4960 0.5838 0.6428
vn 0.4356 0.6025 0.6687
vn 0.3675 0.6204 0.6929
vn 0.2934 0.6361 0.7136
vn 0.2164 0.6485 0.7298
vn 0.1352 0.6573 0.7414
vn 0.0470 0.6622 0.7478
vn -0.0469 0.6624 0.7477
vn -0.1349 0.6576 0.7412
vn -0.2162 0.6487 0.7297
vn -0.2933 0.6363 0.7136
vn -0.3676 0.6203 0.6929
vn -0.4366 0.6014 0.6691
vn -0.5012 0.5783 0.6437
vn -0.5657 0.5530 0.6116
vn -0.5838 0.4960 0.6428
vn -0.6025 0.4356 0.6687
vn -0.6204 0.3675 0.6929
vn -0.6361 0.2934 0.7136
vn -0.6485 0.2164 0.7298
vn -0.6573 0.1352 0.7414
vn -0.6622 0.0470 0.7478
vn -0.6622 -0.0470 0.7478
vn -0.6573 -0.1352 0.7414
vn -0.6485 -0.2164 0.7298
vn -0.6361 -0.2934 0.7136
vn -0.6204 -0.3675 0.6929
vn -0.6025 -0.4356 0.6687
vn -0.5838 -0.4960 0.6428
vn -0.5657 -0.5530 0.6116
vn -0.5012 -0.5783 0.6437
vn -0.4366 -0.6014 0.6691
vn -0.3676 -0.6203 0.6929
vn -0.2933 -0.6363 0.7136
vn -0.2162 -0.6487 0.7297
vn -0.1349 -0.6576 0.7412
vn -0.0469 -0.6624 0.7477
vn 0.0470 -0.6622 0.7478
vn 0.1352 -0.6573 0.7414
vn 0.2164 -0.6485 0.7298
vn 0.2934 -0.6361 0.7136
vn 0.3675 -0.6204 0.6929
vn 0.4356 -0.6025 0.6687
vn 0.4960 -0.5838 0.6428
vn 0.5530 -0.5657 0.6116
vn 0.5783 -0.5012 0.6437
vn 0.6014 -0.4366 0.6691
vn 0.6203 -0.3676 0.6929
vn 0.6363 -0.2933 0.7136
vn 0.6487 -0.2162 0.7297
vn 0.6576 -0.1349 0.7412
vn 0.6624 -0.0469 0.7477
vn 0.6624 0.0469 0.7477
vn 0.6576 0.1349 0.7412
vn 0.6487 0.2162 0.7297
vn 0.6363 0.2933 0.7136
vn 0.6203 0.3676 0.6929
vn 0.6014 0.4366 0.6691
vn 0.5783 0.5012 0.6437
vn -0.5152 0.6890 -0.5098
vn -0.5293 0.7247 -0.4412
vn -0.5421 0.7546 -0.3698
vn -0.5532 0.7793 -0.2944
vn -0.5619 0.7984 -0.2165
vn -0.5679 0.8120 -0.1348
vn -0.5713 0.8194 -0.0468
vn -0.5717 0.8192 0.0463
vn -0.5686 0.8116 0.1340
vn -0.5624 0.7982 0.2159
vn -0.5534 0.7793 0.2942
vn -0.5415 0.7547 0.3704
vn -0.5268 0.7250 0.4437
vn -0.5098 0.6890 0.5152
vn -0.4437 0.7250 -0.5268
vn -0.4527 0.7693 -0.4508
vn -0.4612 0.8046 -0.3742
vn -0.4684 0.8324 -0.2960
vn -0.4739 0.8536 -0.2165
vn -0.4775 0.8684 -0.1339
vn -0.4795 0.8763 -0.0461
vn -0.4801 0.8760 0.0455
vn -0.4785 0.8680 0.1328
vn -0.4747 0.8533 0.2157
vn -0.4686 0.8324 0.2958
vn -0.4606 0.8046 0.3748
vn -0.4508 0.7693 0.4527
vn -0.4412 0.7247 0.5293
vn -0.3704 0.7547 -0.5415
vn -0.3748 0.8046 -0.4606
vn -0.3795 0.8439 -0.3793
vn -0.3834 0.8741 -0.2981
vn -0.3862 0.8967 -0.2165
vn -0.3877 0.9122 -0.1328
vn -0.3887 0.9203 -0.0453
vn -0.3893 0.9200 0.0446
vn -0.3890 0.9118 0.1314
vn -0.3873 0.8965 0.2153
vn -0.3839 0.8741 0.2977
vn -0.3793 0.8439 0.3795
vn -0.3742 0.8046 0.4612
vn -0.3698 0.7546 0.5421
vn -0.2942 0.7793 -0.5534
vn -0.2959 0.8324 -0.4686
vn -0.2977 0.8741 -0.3839
vn -0.2989 0.9059 -0.3000
vn -0.2994 0.9293 -0.2162
vn -0.2995 0.9450 -0.1314
vn -0.2996 0.9530 -0.0445
vn -0.3003 0.9528 0.0437
vn -0.3010 0.9448 0.1299
vn -0.3010 0.9292 0.2146
vn -0.3000 0.9059 0.2989
vn -0.2981 0.8741 0.3834
vn -0.2960 0.8324 0.4684
vn -0.2944 0.7793 0.5532
vn -0.2159 0.7982 -0.5624
vn -0.2157 0.8533 -0.4747
vn -0.2153 0.8965 -0.3873
vn -0.2146 0.9292 -0.3010
vn -0.2137 0.9529 -0.2154
vn -0.2128 0.9684 -0.1299
vn -0.2124 0.9762 -0.0436
vn -0.2131 0.9761 0.0430
vn -0.2142 0.9683 0.1284
vn -0.2154 0.9529 0.2137
vn -0.2162 0.9293 0.2994
vn -0.2165 0.8967 0.3862
vn -0.2165 0.8536 0.4739
vn -0.2165 0.7984 0.5619
vn -0.1340 0.8116 -0.5686
vn -0.1328 0.8680 -0.4785
vn -0.1314 0.9118 -0.3890
vn -0.1299 0.9448 -0.3010
vn -0.1284 0.9683 -0.2142
vn -0.1273 0.9835 -0.1284
vn -0.1268 0.9910 -0.0429
vn -0.1273 0.9910 0.0424
vn -0.1284 0.9835 0.1273
vn -0.1299 0.9684 0.2128
vn -0.1314 0.9450 0.2995
vn -0.1328 0.9122 0.3877
vn -0.1339 0.8684 0.4775
vn -0.1348 0.8120 0.5679
vn -0.0463 0.8192 -0.5717
vn -0.0455 0.8760 -0.4801
vn -0.0446 0.9200 -0.3893
vn -0.0437 0.9528 -0.3003
vn -0.0430 0.9761 -0.2131
vn -0.0424 0.9910 -0.1273
vn -0.0422 0.9982 -0.0424
vn -0.0424 0.9982 0.0422
vn -0.0429 0.9910 0.1268
vn -0.0436 0.9762 0.2124
vn -0.0445 0.9530 0.2996
vn -0.0453 0.9203 0.3887
vn -0.0461 0.8763 0.4795
vn -0.0468 0.8194 0.5713
vn 0.0463 0.8192 -0.5717
vn 0.0455 0.8760 -0.4801
vn 0.0446 0.9200 -0.3893
vn 0.0437 0.9528 -0.3003
vn 0.0430 0.9761 -0.2131
vn 0.0424 0.9910 -0.1273
vn 0.0422 0.9982 -0.0424
vn 0.0424 0.9982 0.0422
vn 0.0429 0.9910 0.1268
vn 0.0436 0.9762 0.2124
vn 0.0445 0.9530 0.2996
vn 0.0453 0.9203 0.3887
vn 0.0461 0.8763 0.4795
vn 0.0468 0.8194 0.5713
vn 0.1340 0.8116 -0.5686
vn 0.1328 0.8680 -0.4785
vn 0.1314 0.9118 -0.3890
vn 0.1299 0.9448 -0.3010
vn 0.1284 0.9683 -0.2142
vn 0.1273 0.9835 -0.1284
vn 0.1268 0.9910 -0.0429
vn 0.1273 0.9910 0.0424
vn 0.1284 0.9835 0.1273
vn 0.1299 0.9684 0.2128
vn 0.1314 0.9450 0.2995
vn 0.1328 0.9122 0.3877
vn 0.1339 0.8684 0.4775
vn 0.1348 0.8120 0.5679
vn 0.2159 0.7982 -0.5624
vn 0.2157 0.8533 -0.4747
vn 0.2153 0.8965 -0.3873
vn 0.2146 0.9292 -0.3010
vn 0.2137 0.9529 -0.2154
vn 0.2128 0.9684 -0.1299
vn 0.2124 0.9762 -0.0436
vn 0.2131 0.9761 0.0430
vn 0.2142 0.9683 0.1284
vn 0.2154 0.9529 0.2137
vn 0.2162 0.9293 0.2994
vn 0.2165 0.8967 0.3862
vn 0.2165 0.8536 0.4739
vn 0.2165 0.7984 0.5619
vn 0.2942 0.7793 -0.5534
vn 0.2958 0.8324 -0.4686
vn 0.2977 0.8741 -0.3839
vn 0.2989 0.9059 -0.3000
vn 0.2994 0.9293 -0.2162
vn 0.2995 0.9450 -0.1314
vn 0.2996 0.9530 -0.0445
vn 0.3003 0.9528 0.0437
vn 0.3010 0.9448 0.1299
vn 0.3010 0.9292 0.2146
vn 0.3000 0.9059 0.2989
vn 0.2981 0.8741 0.3834
vn 0.2960 0.8324 0.4684
vn 0.2944 0.7793 0.5532
vn 0.3704 0.7547 -0.5415
vn 0.3748 0.8046 -0.4606
vn 0.3795 0.8439 -0.3793
vn 0.3834 0.8741 -0.2981
vn 0.3862 0.8967 -0.2165
vn 0.3877 0.9122 -0.1328
vn 0.3887 0.9203 -0.0453
vn 0.3893 0.9200 0.0446
vn 0.3890 0.9118 0.1314
vn 0.3873 0.8965 0.2153
vn 0.3839 0.8741 0.2977
vn 0.3793 0.8439 0.3795
vn 0.3742 0.8046 0.4612
vn 0.3698 0.7546 0.5421
vn 0.4437 0.7250 -0.5268
vn 0.4527 0.7693 -0.4508
vn 0.4612 0.8046 -0.3742
vn 0.4684 0.8324 -0.2960
vn 0.4739 0.8536 -0.2165
vn 0.4775 0.8684 -0.1339
vn 0.4795 0.8763 -0.0461
vn 0.4801 0.8760 0.0455
vn 0.4785 0.8680 0.1328
vn 0.4747 0.8533 0.2157
vn 0.4686 0.8324 0.2958
vn 0.4606 0.8046 0.3748
vn 0.4508 0.7693 0.4527
vn 0.4412 0.7247 0.5293
vn 0.5152 0.6890 -0.5098
vn 0.5293 0.7247 -0.4412
vn 0.5421 0.7546 -0.3698
vn 0.5532 0.7793 -0.2944
vn 0.5619 0.7984 -0.2165
vn 0.5679 0.8120 -0.1348
vn 0.5713 0.8194 -0.0468
vn 0.5717 0.8192 0.0463
vn 0.5686 0.8116 0.1340
vn 0.5624 0.7982 0.2159
vn 0.5534 0.7793 0.2942
vn 0.5415 0.7547 0.3704
vn 0.5268 0.7250 0.4437
vn 0.5098 0.6890 0.5152
vn -0.5657 0.6116 -0.5530
vn -0.5838 0.6428 -0.4960
vn -0.6025 0.6687 -0.4356
vn -0.6204 0.6929 -0.3675
vn -0.6361 0.7136 -0.2934
vn -0.6485 0.7298 -0.2164
vn -0.6573 0.7414 -0.1352
vn -0.6622 0.7478 -0.0470
vn -0.6624 0.7477 0.0469
vn -0.6576 0.7412 0.1349
vn -0.6487 0.7297 0.2162
vn -0.6363 0.7136 0.2933
vn -0.6203 0.6929 0.3676
vn -0.6014 0.6691 0.4366
vn -0.5783 0.6437 0.5012
vn -0.5530 0.6116 0.5657
vn -0.4960 0.6428 0.5838
vn -0.4356 0.6687 0.6025
vn -0.3675 0.6929 0.6204
vn -0.2934 0.7136 0.6361
vn -0.2164 0.7298 0.6485
vn -0.1352 0.7414 0.6573
vn -0.0470 0.7478 0.6622
vn 0.0470 0.7478 0.6622
vn 0.1352 0.7414 0.6573
vn 0.2164 0.7298 0.6485
vn 0.2934 0.7136 0.6361
vn 0.3675 0.6929 0.6204
vn 0.4356 0.6687 0.6025
vn 0.4960 0.6428 0.5838
vn 0.5530 0.6116 0.5657
vn 0.5783 0.6437 0.5012
vn 0.6014 0.6691 0.4366
vn 0.6203 0.6929 0.3676
vn 0.6363 0.7136 0.2933
vn 0.6487 0.7297 0.2162
vn 0.6576 0.7412 0.1349
vn 0.6624 0.7477 0.0469
vn 0.6622 0.7478 -0.0470
vn 0.6573 0.7414 -0.1352
vn 0.6485 0.7298 -0.2164
vn 0.6361 0.7136 -0.2934
vn 0.6204 0.6929 -0.3675
vn 0.6025 0.6687 -0.4356
vn 0.5838 0.6428 -0.4960
vn 0.5657 0.6116 -0.5530
vn 0.5012 0.6437 -0.5783
vn 0.4366 0.6691 -0.6014
vn 0.3676 0.6929 -0.6203
vn 0.2933 0.7136 -0.6363
vn 0.2162 0.7297 -0.6487
vn 0.1349 0.7412 -0.6576
vn 0.0469 0.7477 -0.6624
vn -0.0469 0.7477 -0.6624
vn -0.1349 0.7412 -0.6576
vn -0.2162 0.7297 -0.6487
vn -0.2933 0.7136 -0.6363
vn -0.3676 0.6929 -0.6203
vn -0.4366 0.6691 -0.6014
vn -0.5012 0.6437 -0.5783
vn 0.5152 -0.6890 -0.5098
vn 0.5293 -0.7247 -0.4412
vn 0.5421 -0.7546 -0.3698
vn 0.5532 -0.7793 -0.2944
vn 0.5619 -0.7984 -0.2165
vn 0.5679 -0.8120 -0.1348
vn 0.5713 -0.8194 -0.0468
vn 0.5717 -0.8192 0.0463
vn 0.5686 -0.8116 0.1340
vn 0.5624 -0.7982 0.2159
vn 0.5534 -0.7793 0.2942
vn 0.5415 -0.7547 0.3704
vn 0.5268 -0.7250 0.4437
vn 0.5098 -0.6890 0.5152
vn 0.4437 -0.7250 -0.5268
vn 0.4527 -0.7693 -0.4508
vn 0.4612 -0.8046 -0.3742
vn 0.4684 -0.8324 -0.2960
vn 0.4739 -0.8536 -0.2165
vn 0.4775 -0.8684 -0.1339
vn 0.4795 -0.8763 -0.0461
vn 0.4801 -0.8760 0.0455
vn 0.4785 -0.8680 0.1328
vn 0.4747 -0.8533 0.2157
vn 0.4686 -0.8324 0.2958
vn 0.4606 -0.8046 0.3748
vn 0.4508 -0.7693 0.4527
vn 0.4412 -0.7247 0.5293
vn 0.3704 -0.7547 -0.5415
vn 0.3748 -0.8046 -0.4606
vn 0.3795 -0.8439 -0.3793
vn 0.3834 -0.8741 -0.2981
vn 0.3862 -0.8967 -0.2165
vn 0.3877 -0.9122 -0.1328
vn 0.3887 -0.9203 -0.0453
vn 0.3893 -0.9200 0.0446
vn 0.3890 -0.9118 0.1314
vn 0.3873 -0.8965 0.2153
vn 0.3839 -0.8741 0.2977
vn 0.3793 -0.8439 0.3795
vn 0.3742 -0.8046 0.4612
vn 0.3698 -0.7546 0.5421
vn 0.2942 -0.7793 -0.5534
vn 0.2959 -0.8324 -0.4686
vn 0.2977 -0.8741 -0.3839
vn 0.2989 -0.9059 -0.3000
vn 0.2994 -0.9293 -0.2162
vn 0.2995 -0.9450 -0.1314
vn 0.2996 -0.9530 -0.0445
vn 0.3003 -0.9528 0.0437
vn 0.3010 -0.9448 0.1299
vn 0.3010 -0.9292 0.2146
vn 0.3000 -0.9059 0.2989
vn 0.2981 -0.8741 0.3834
vn 0.2960 -0.8324 0.4684
vn 0.2944 -0.7793 0.5532
vn 0.2159 -0.7982 -0.5624
vn 0.2157 -0.8533 -0.4747
vn 0.2153 -0.8965 -0.3873
vn 0.2146 -0.9292 -0.3010
vn 0.2137 -0.9529 -0.2154
vn 0.2128 -0.9684 -0.1299
vn 0.2124 -0.9762 -0.0436
vn 0.2131 -0.9761 0.0430
vn 0.2142 -0.9683 0.1284
vn 0.2154 -0.9529 0.2137
vn 0.2162 -0.9293 0.2994
vn 0.2165 -0.8967 0.3862
vn 0.2165 -0.8536 0.4739
vn 0.2165 -0.7984 0.5619
vn 0.1340 -0.8116 -0.5686
vn 0.1328 -0.8680 -0.4785
vn 0.1314 -0.9118 -0.3890
vn 0.1299 -0.9448 -0.3010
vn 0.1284 -0.9683 -0.2142
vn 0.1273 -0.9835 -0.1284
vn 0.1268 -0.9910 -0.0429
vn 0.1273 -0.9910 0.0424
vn 0.1284 -0.9835 0.1273
vn 0.1299 -0.9684 0.2128
vn 0.1314 -0.9450 0.2995
vn 0.1328 -0.9122 0.3877
vn 0.1339 -0.8684 0.4775
vn 0.1348 -0.8120 0.5679
vn 0.0463 -0.8192 -0.5717
vn 0.0455 -0.8760 -0.4801
vn 0.0446 -0.9200 -0.3893
vn 0.0437 -0.9528 -0.3003
vn 0.0430 -0.9761 -0.2131
vn 0.0424 -0.9910 -0.1273
vn 0.0422 -0.9982 -0.0424
vn 0.0424 -0.9982 0.0422
vn 0.0429 -0.9910 0.1268
vn 0.0436 -0.9762 0.2124
vn 0.0445 -0.9530 0.2996
vn 0.0453 -0.9203 0.3887
vn 0.0461 -0.8763 0.4795
vn 0.0468 -0.8194 0.5713
vn -0.0463 -0.8192 -0.5717
vn -0.0455 -0.8760 -0.4801
vn -0.0446 -0.9200 -0.3893
vn -0.0437 -0.9528 -0.3003
vn -0.0430 -0.9761 -0.2131
vn -0.0424 -0.9910 -0.1273
vn -0.0422 -0.9982 -0.0424
vn -0.0424 -0.9982 0.0422
vn -0.0429 -0.9910 0.1268
vn -0.0436 -0.9762 0.2124
vn -0.0445 -0.9530 0.2996
vn -0.0453 -0.9203 0.3887
vn -0.0461 -0.8763 0.4795
vn -0.0468 -0.8194 0.5713
vn -0.1340 -0.8116 -0.5686
vn -0.1328 -0.8680 -0.4785
vn -0.1314 -0.9118 -0.3890
vn -0.1299 -0.9448 -0.3010
vn -0.1284 -0.9683 -0.2142
vn -0.1273 -0.9835 -0.1284
vn -0.1268 -0.9910 -0.0429
vn -0.1273 -0.9910 0.0424
vn -0.1284 -0.9835 0.1273
vn -0.1299 -0.9684 0.2128
vn -0.1314 -0.9450 0.2995
vn -0.1328 -0.9122 0.3878
vn -0.1339 -0.8684 0.4775
vn -0.1348 -0.8120 0.5679
vn -0.2159 -0.7982 -0.5624
vn -0.2157 -0.8533 -0.4747
vn -0.2153 -0.8965 -0.3873
vn -0.2146 -0.9292 -0.3010
vn -0.2137 -0.9529 -0.2154
vn -0.2128 -0.9684 -0.1299
vn -0.2124 -0.9762 -0.0436
vn -0.2131 -0.9761 0.0430
vn -0.2142 -0.9683 0.1284
vn -0.2154 -0.9529 0.2137
vn -0.2162 -0.9293 0.2994
vn -0.2165 -0.8967 0.3862
vn -0.2165 -0.8536 0.4739
vn -0.2165 -0.7984 0.5619
vn -0.2942 -0.7793 -0.5534
vn -0.2958 -0.8324 -0.4686
vn -0.2977 -0.8741 -0.3839
vn -0.2989 -0.9059 -0.3000
vn -0.2994 -0.9293 -0.2162
vn -0.2995 -0.9450 -0.1314
vn -0.2996 -0.9530 -0.0445
vn -0.3003 -0.9528 0.0437
vn -0.3010 -0.9448 0.1299
vn -0.3010 -0.9292 0.2146
vn -0.3000 -0.9059 0.2989
vn -0.2981 -0.8741 0.3834
vn -0.2960 -0.8324 0.4684
vn -0.2944 -0.7793 0.5532
vn -0.3704 -0.7547 -0.5416
vn -0.3748 -0.8046 -0.4606
vn -0.3795 -0.8439 -0.3793
vn -0.3834 -0.8741 -0.2981
vn -0.3862 -0.8967 -0.2165
vn -0.3877 -0.9122 -0.1328
vn -0.3887 -0.9203 -0.0453
vn -0.3893 -0.9200 0.0446
vn -0.3890 -0.9118 0.1314
vn -0.3873 -0.8965 0.2153
vn -0.3839 -0.8741 0.2977
vn -0.3793 -0.8439 0.3795
vn -0.3742 -0.8046 0.4612
vn -0.3698 -0.7546 0.5421
vn -0.4437 -0.7250 -0.5268
vn -0.4527 -0.7693 -0.4508
vn -0.4612 -0.8046 -0.3742
vn -0.4684 -0.8324 -0.2960
vn -0.4739 -0.8536 -0.2165
vn -0.4775 -0.8684 -0.1339
vn -0.4795 -0.8763 -0.0461
vn -0.4801 -0.8760 0.0455
vn -0.4785 -0.8680 0.1328
vn -0.4747 -0.8533 0.2157
vn -0.4686 -0.8324 0.2958
vn -0.4606 -0.8046 0.3748
vn -0.4508 -0.7693 0.4527
vn -0.4412 -0.7247 0.5293
vn -0.5152 -0.6890 -0.5098
vn -0.5293 -0.7247 -0.4412
vn -0.5421 -0.7546 -0.3698
vn -0.5532 -0.7793 -0.2944
vn -0.5619 -0.7984 -0.2165
vn -0.5679 -0.8120 -0.1348
vn -0.5713 -0.8194 -0.0468
vn -0.5717 -0.8192 0.0463
vn -0.5686 -0.8116 0.1340
vn -0.5624 -0.7982 0.2159
vn -0.5534 -0.7793 0.2942
vn -0.5415 -0.7547 0.3704
vn -0.5268 -0.7250 0.4437
vn -0.5098 -0.6890 0.5152
vn 0.5657 -0.6116 -0.5530
vn 0.5838 -0.6428 -0.4960
vn 0.6025 -0.6687 -0.4356
vn 0.6204 -0.6929 -0.3675
vn 0.6361 -0.7136 -0.2934
vn 0.6485 -0.7298 -0.2164
vn 0.6573 -0.7414 -0.1352
vn 0.6622 -0.7478 -0.0470
vn 0.6624 -0.7477 0.0469
vn 0.6576 -0.7412 0.1349
vn 0.6487 -0.7297 0.2162
vn 0.6363 -0.7136 0.2933
vn 0.6203 -0.6929 0.3676
vn 0.6014 -0.6691 0.4366
vn 0.5783 -0.6437 0.5012
vn 0.5530 -0.6116 0.5657
vn 0.4960 -0.6428 0.5838
vn 0.4356 -0.6687 0.6025
vn 0.3675 -0.6929 0.6204
vn 0.2934 -0.7136 0.6361
vn 0.2164 -0.7298 0.6485
vn 0.1352 -0.7414 0.6573
vn 0.0470 -0.7478 0.6622
vn -0.0470 -0.7478 0.6622
vn -0.1352 -0.7414 0.6573
vn -0.2164 -0.7298 0.6485
vn -0.2934 -0.7136 0.6361
vn -0.3675 -0.6929 0.6204
vn -0.4356 -0.6687 0.6025
vn -0.4960 -0.6428 0.5838
vn -0.5530 -0.6116 0.5657
vn -0.5783 -0.6437 0.5012
vn -0.6014 -0.6691 0.4366
vn -0.6203 -0.6929 0.3676
vn -0.6363 -0.7136 0.2933
vn -0.6487 -0.7297 0.2162
vn -0.6576 -0.7412 0.1349
vn -0.6624 -0.7477 0.0469
vn -0.6622 -0.7478 -0.0470
vn -0.6573 -0.7414 -0.1352
vn -0.6485 -0.7298 -0.2164
vn -0.6361 -0.7136 -0.2934
vn -0.6204 -0.6929 -0.3675
vn -0.6025 -0.6687 -0.4356
vn -0.5838 -0.6428 -0.4960
vn -0.5657 -0.6116 -0.5530
vn -0.5012 -0.6437 -0.5783
vn -0.4366 -0.6691 -0.6014
vn -0.3676 -0.6929 -0.6203
vn -0.2933 -0.7136 -0.6363
vn -0.2162 -0.7297 -0.6487
vn -0.1349 -0.7412 -0.6576
vn -0.0469 -0.7477 -0.6624
vn 0.0469 -0.7477 -0.6624
vn 0.1349 -0.7412 -0.6576
vn 0.2162 -0.7297 -0.6487
vn 0.2933 -0.7136 -0.6363
vn 0.3676 -0.6929 -0.6203
vn 0.4366 -0.6691 -0.6014
vn 0.5012 -0.6437 -0.5783
vt 0.390625 0.015625
vt 0.406250 0.031250
vt 0.406250 0.015625
vt 0.390625 0.031250
vt 0.406250 0.046875
vt 0.390625 0.046875
vt 0.406250 0.062500
vt 0.390625 0.062500
vt 0.406250 0.078125
vt 0.390625 0.078125
vt 0.406250 0.093750
vt 0.390625 0.093750
vt 0.406250 0.109375
vt 0.390625 0.109375
vt 0.406250 0.125000
vt 0.390625 0.140625
vt 0.390625 0.125000
vt 0.390625 0.156250
vt 0.406250 0.140625
vt 0.390625 0.171875
vt 0.406250 0.156250
vt 0.390625 0.187500
vt 0.406250 0.171875
vt 0.390625 0.203125
vt 0.406250 0.187500
vt 0.390625 0.218750
vt 0.406250 0.203125
vt 0.390625 0.234375
vt 0.406250 0.218750
vt 0.421875 0.031250
vt 0.421875 0.015625
vt 0.421875 0.046875
vt 0.421875 0.062500
vt 0.421875 0.078125
vt 0.421875 0.093750
vt 0.421875 0.109375
vt 0.421875 0.125000
vt 0.421875 0.140625
vt 0.421875 0.156250
vt 0.421875 0.171875
vt 0.421875 0.187500
vt 0.421875 0.203125
vt 0.406250 0.234375
vt 0.421875 0.218750
vt 0.437500 0.031250
vt 0.437500 0.015625
vt 0.437500 0.046875
vt 0.437500 0.062500
vt 0.437500 0.078125
vt 0.437500 0.093750
vt 0.437500 0.109375
vt 0.437500 0.125000
vt 0.437500 0.140625
vt 0.437500 0.156250
vt 0.437500 0.171875
vt 0.437500 0.187500
vt 0.437500 0.203125
vt 0.421875 0.234375
vt 0.437500 0.218750
vt 0.453125 0.031250
vt 0.453125 0.015625
vt 0.453125 0.046875
vt 0.453125 0.062500
vt 0.453125 0.078125
vt 0.453125 0.093750
vt 0.453125 0.109375
vt 0.453125 0.125000
vt 0.453125 0.140625
vt 0.453125 0.156250
vt 0.453125 0.171875
vt 0.453125 0.187500
vt 0.453125 0.203125
vt 0.437500 0.234375
vt 0.453125 0.218750
vt 0.468750 0.031250
vt 0.468750 0.015625
vt 0.468750 0.046875
vt 0.468750 0.062500
vt 0.468750 0.078125
vt 0.468750 0.093750
vt 0.468750 0.109375
vt 0.468750 0.125000
vt 0.468750 0.140625
vt 0.468750 0.156250
vt 0.468750 0.171875
vt 0.468750 0.187500
vt 0.468750 0.203125
vt 0.453125 0.234375
vt 0.468750 0.218750
vt 0.484375 0.031250
vt 0.484375 0.015625
vt 0.484375 0.046875
vt 0.484375 0.062500
vt 0.484375 0.078125
vt 0.484375 0.093750
vt 0.484375 0.109375
vt 0.484375 0.125000
vt 0.484375 0.140625
vt 0.484375 0.156250
vt 0.484375 0.171875
vt 0.484375 0.187500
vt 0.484375 0.203125
vt 0.468750 0.234375
vt 0.484375 0.218750
vt 0.500000 0.031250
vt 0.500000 0.015625
vt 0.500000 0.046875
vt 0.500000 0.062500
vt 0.500000 0.078125
vt 0.500000 0.093750
vt 0.500000 0.109375
vt 0.500000 0.125000
vt 0.500000 0.140625
vt 0.500000 0.156250
vt 0.500000 0.171875
vt 0.500000 0.187500
vt 0.500000 0.203125
vt 0.484375 0.234375
vt 0.500000 0.218750
vt 0.515625 0.015625
vt 0.515625 0.031250
vt 0.515625 0.046875
vt 0.515625 0.062500
vt 0.515625 0.078125
vt 0.515625 0.093750
vt 0.515625 0.109375
vt 0.515625 0.140625
vt 0.515625 0.125000
vt 0.515625 0.156250
vt 0.515625 0.171875
vt 0.515625 0.187500
vt 0.515625 0.203125
vt 0.515625 0.218750
vt 0.515625 0.234375
vt 0.531250 0.015625
vt 0.531250 0.031250
vt 0.531250 0.046875
vt 0.531250 0.062500
vt 0.531250 0.078125
vt 0.531250 0.093750
vt 0.531250 0.109375
vt 0.531250 0.140625
vt 0.531250 0.125000
vt 0.531250 0.156250
vt 0.531250 0.171875
vt 0.531250 0.187500
vt 0.531250 0.203125
vt 0.531250 0.218750
vt 0.531250 0.234375
vt 0.546875 0.015625
vt 0.546875 0.031250
vt 0.546875 0.046875
vt 0.546875 0.062500
vt 0.546875 0.078125
vt 0.546875 0.093750
vt 0.546875 0.109375
vt 0.546875 0.140625
vt 0.546875 0.125000
vt 0.546875 0.156250
vt 0.546875 0.171875
vt 0.546875 0.187500
vt 0.546875 0.203125
vt 0.546875 0.218750
vt 0.546875 0.234375
vt 0.562500 0.015625
vt 0.562500 0.031250
vt 0.562500 0.046875
vt 0.562500 0.062500
vt 0.562500 0.078125
vt 0.562500 0.093750
vt 0.562500 0.109375
vt 0.562500 0.140625
vt 0.562500 0.125000
vt 0.562500 0.156250
vt 0.562500 0.171875
vt 0.562500 0.187500
vt 0.562500 0.203125
vt 0.562500 0.218750
vt 0.562500 0.234375
vt 0.578125 0.015625
vt 0.578125 0.031250
vt 0.578125 0.046875
vt 0.578125 0.062500
vt 0.578125 0.078125
vt 0.578125 0.093750
vt 0.578125 0.109375
vt 0.578125 0.140625
vt 0.578125 0.125000
vt 0.578125 0.156250
vt 0.578125 0.171875
vt 0.578125 0.187500
vt 0.578125 0.203125
vt 0.578125 0.218750
vt 0.578125 0.234375
vt 0.593750 0.015625
vt 0.593750 0.031250
vt 0.593750 0.046875
vt 0.593750 0.062500
vt 0.593750 0.078125
vt 0.593750 0.093750
vt 0.593750 0.109375
vt 0.593750 0.140625
vt 0.593750 0.125000
vt 0.593750 0.156250
vt 0.593750 0.171875
vt 0.593750 0.187500
vt 0.593750 0.203125
vt 0.593750 0.218750
vt 0.593750 0.234375
vt 0.609375 0.015625
vt 0.609375 0.031250
vt 0.609375 0.046875
vt 0.609375 0.062500
vt 0.609375 0.078125
vt 0.609375 0.093750
vt 0.609375 0.109375
vt 0.609375 0.140625
vt 0.609375 0.125000
vt 0.609375 0.156250
vt 0.609375 0.171875
vt 0.609375 0.187500
vt 0.609375 0.203125
vt 0.609375 0.218750
vt 0.609375 0.234375
vt 0.375000 0.000000
vt 0.390625 0.000000
vt 0.375000 0.015625
vt 0.375000 0.031250
vt 0.375000 0.046875
vt 0.375000 0.062500
vt 0.375000 0.078125
vt 0.375000 0.093750
vt 0.375000 0.109375
vt 0.375000 0.140625
vt 0.375000 0.125000
vt 0.375000 0.156250
vt 0.375000 0.171875
vt 0.375000 0.187500
vt 0.375000 0.203125
vt 0.375000 0.218750
vt 0.375000 0.234375
vt 0.375000 0.250000
vt 0.390625 0.250000
vt 0.406250 0.250000
vt 0.421875 0.250000
vt 0.437500 0.250000
vt 0.453125 0.250000
vt 0.468750 0.250000
vt 0.484375 0.250000
vt 0.500000 0.234375
vt 0.515625 0.250000
vt 0.531250 0.250000
vt 0.546875 0.250000
vt 0.562500 0.250000
vt 0.578125 0.250000
vt 0.593750 0.250000
vt 0.609375 0.250000
vt 0.625000 0.250000
vt 0.625000 0.234375
vt 0.625000 0.218750
vt 0.625000 0.203125
vt 0.625000 0.187500
vt 0.625000 0.171875
vt 0.625000 0.156250
vt 0.625000 0.140625
vt 0.625000 0.125000
vt 0.625000 0.109375
vt 0.625000 0.093750
vt 0.625000 0.078125
vt 0.625000 0.062500
vt 0.625000 0.046875
vt 0.625000 0.031250
vt 0.625000 0.015625
vt 0.625000 0.000000
vt 0.609375 0.000000
vt 0.593750 0.000000
vt 0.578125 0.000000
vt 0.562500 0.000000
vt 0.546875 0.000000
vt 0.531250 0.000000
vt 0.515625 0.000000
vt 0.500000 0.000000
vt 0.484375 0.000000
vt 0.468750 0.000000
vt 0.453125 0.000000
vt 0.437500 0.000000
vt 0.421875 0.000000
vt 0.406250 0.000000
vt 0.390625 0.265625
vt 0.406250 0.281250
vt 0.406250 0.265625
vt 0.390625 0.281250
vt 0.406250 0.296875
vt 0.390625 0.296875
vt 0.406250 0.312500
vt 0.390625 0.312500
vt 0.406250 0.328125
vt 0.390625 0.328125
vt 0.406250 0.343750
vt 0.390625 0.343750
vt 0.406250 0.359375
vt 0.390625 0.359375
vt 0.406250 0.375000
vt 0.390625 0.390625
vt 0.390625 0.375000
vt 0.390625 0.406250
vt 0.406250 0.390625
vt 0.390625 0.421875
vt 0.406250 0.406250
vt 0.390625 0.437500
vt 0.406250 0.421875
vt 0.390625 0.453125
vt 0.406250 0.437500
vt 0.390625 0.468750
vt 0.406250 0.453125
vt 0.391235 0.484375
vt 0.406250 0.468750
vt 0.421875 0.281250
vt 0.421875 0.265625
vt 0.421875 0.296875
vt 0.421875 0.312500
vt 0.421875 0.328125
vt 0.421875 0.343750
vt 0.421875 0.359375
vt 0.421875 0.375000
vt 0.421875 0.390625
vt 0.421875 0.406250
vt 0.421875 0.421875
vt 0.421875 0.437500
vt 0.421875 0.453125
vt 0.406250 0.484375
vt 0.421875 0.468750
vt 0.437500 0.281250
vt 0.437500 0.265625
vt 0.437500 0.296875
vt 0.437500 0.312500
vt 0.437500 0.328125
vt 0.437500 0.343750
vt 0.437500 0.359375
vt 0.437500 0.375000
vt 0.437500 0.390625
vt 0.437500 0.406250
vt 0.437500 0.421875
vt 0.437500 0.437500
vt 0.437500 0.453125
vt 0.421875 0.484375
vt 0.437500 0.468750
vt 0.453125 0.281250
vt 0.453125 0.265625
vt 0.453125 0.296875
vt 0.453125 0.312500
vt 0.453125 0.328125
vt 0.453125 0.343750
vt 0.453125 0.359375
vt 0.453125 0.375000
vt 0.453125 0.390625
vt 0.453125 0.406250
vt 0.453125 0.421875
vt 0.453125 0.437500
vt 0.453125 0.453125
vt 0.437500 0.484375
vt 0.453125 0.468750
vt 0.468750 0.281250
vt 0.468750 0.265625
vt 0.468750 0.296875
vt 0.468750 0.312500
vt 0.468750 0.328125
vt 0.468750 0.343750
vt 0.468750 0.359375
vt 0.468750 0.375000
vt 0.468750 0.390625
vt 0.468750 0.406250
vt 0.468750 0.421875
vt 0.468750 0.437500
vt 0.468750 0.453125
vt 0.453125 0.484375
vt 0.468750 0.468750
vt 0.484375 0.281250
vt 0.484375 0.265625
vt 0.484375 0.296875
vt 0.484375 0.312500
vt 0.484375 0.328125
vt 0.484375 0.343750
vt 0.484375 0.359375
vt 0.484375 0.375000
vt 0.484375 0.390625
vt 0.484375 0.406250
vt 0.484375 0.421875
vt 0.484375 0.437500
vt 0.484375 0.453125
vt 0.468750 0.484375
vt 0.484375 0.468750
vt 0.500000 0.281250
vt 0.500000 0.265625
vt 0.500000 0.296875
vt 0.500000 0.312500
vt 0.500000 0.328125
vt 0.500000 0.343750
vt 0.500000 0.359375
vt 0.500000 0.375000
vt 0.500000 0.390625
vt 0.500000 0.406250
vt 0.500000 0.421875
vt 0.500000 0.437500
vt 0.500000 0.453125
vt 0.484375 0.484375
vt 0.500000 0.468750
vt 0.515625 0.265625
vt 0.515625 0.281250
vt 0.515625 0.296875
vt 0.515625 0.312500
vt 0.515625 0.328125
vt 0.515625 0.343750
vt 0.515625 0.359375
vt 0.515625 0.390625
vt 0.515625 0.375000
vt 0.515625 0.406250
vt 0.515625 0.421875
vt 0.515625 0.437500
vt 0.515625 0.453125
vt 0.515625 0.468750
vt 0.515625 0.484375
vt 0.531250 0.265625
vt 0.531250 0.281250
vt 0.531250 0.296875
vt 0.531250 0.312500
vt 0.531250 0.328125
vt 0.531250 0.343750
vt 0.531250 0.359375
vt 0.531250 0.390625
vt 0.531250 0.375000
vt 0.531250 0.406250
vt 0.531250 0.421875
vt 0.531250 0.437500
vt 0.531250 0.453125
vt 0.531250 0.468750
vt 0.531250 0.484375
vt 0.546875 0.265625
vt 0.546875 0.281250
vt 0.546875 0.296875
vt 0.546875 0.312500
vt 0.546875 0.328125
vt 0.546875 0.343750
vt 0.546875 0.359375
vt 0.546875 0.390625
vt 0.546875 0.375000
vt 0.546875 0.406250
vt 0.546875 0.421875
vt 0.546875 0.437500
vt 0.546875 0.453125
vt 0.546875 0.468750
vt 0.546875 0.484375
vt 0.562500 0.265625
vt 0.562500 0.281250
vt 0.562500 0.296875
vt 0.562500 0.312500
vt 0.562500 0.328125
vt 0.562500 0.343750
vt 0.562500 0.359375
vt 0.562500 0.390625
vt 0.562500 0.375000
vt 0.562500 0.406250
vt 0.562500 0.421875
vt 0.562500 0.437500
vt 0.562500 0.453125
vt 0.562500 0.468750
vt 0.562500 0.484375
vt 0.578125 0.265625
vt 0.578125 0.281250
vt 0.578125 0.296875
vt 0.578125 0.312500
vt 0.578125 0.328125
vt 0.578125 0.343750
vt 0.578125 0.359375
vt 0.578125 0.390625
vt 0.578125 0.375000
vt 0.578125 0.406250
vt 0.578125 0.421875
vt 0.578125 0.437500
vt 0.578125 0.453125
vt 0.578125 0.468750
vt 0.578125 0.484375
vt 0.593750 0.265625
vt 0.593750 0.281250
vt 0.593750 0.296875
vt 0.593750 0.312500
vt 0.593750 0.328125
vt 0.593750 0.343750
vt 0.593750 0.359375
vt 0.593750 0.390625
vt 0.593750 0.375000
vt 0.593750 0.406250
vt 0.593750 0.421875
vt 0.593750 0.437500
vt 0.593750 0.453125
vt 0.593750 0.468750
vt 0.593750 0.484375
vt 0.609375 0.265625
vt 0.609375 0.281250
vt 0.609375 0.296875
vt 0.609375 0.312500
vt 0.609375 0.328125
vt 0.609375 0.343750
vt 0.609375 0.359375
vt 0.609375 0.390625
vt 0.609375 0.375000
vt 0.609375 0.406250
vt 0.609375 0.421875
vt 0.609375 0.437500
vt 0.609375 0.453125
vt 0.609375 0.468750
vt 0.608765 0.484375
vt 0.375000 0.265625
vt 0.375000 0.281250
vt 0.375000 0.296875
vt 0.375000 0.312500
vt 0.375000 0.328125
vt 0.375000 0.343750
vt 0.375000 0.359375
vt 0.375000 0.390625
vt 0.375000 0.375000
vt 0.375000 0.406250
vt 0.375000 0.421875
vt 0.375000 0.437500
vt 0.375000 0.453125
vt 0.375000 0.468750
vt 0.375000 0.484375
vt 0.375000 0.500000
vt 0.390625 0.500000
vt 0.406250 0.500000
vt 0.421875 0.500000
vt 0.437500 0.500000
vt 0.453125 0.500000
vt 0.468750 0.500000
vt 0.484375 0.500000
vt 0.500000 0.484375
vt 0.515625 0.500000
vt 0.531250 0.500000
vt 0.546875 0.500000
vt 0.562500 0.500000
vt 0.578125 0.500000
vt 0.593750 0.500000
vt 0.609375 0.500000
vt 0.625000 0.500000
vt 0.625000 0.484375
vt 0.625000 0.468750
vt 0.625000 0.453125
vt 0.625000 0.437500
vt 0.625000 0.421875
vt 0.625000 0.406250
vt 0.625000 0.390625
vt 0.625000 0.375000
vt 0.625000 0.359375
vt 0.625000 0.343750
vt 0.625000 0.328125
vt 0.625000 0.312500
vt 0.625000 0.296875
vt 0.625000 0.281250
vt 0.625000 0.265625
vt 0.500000 0.250000
vt 0.390991 0.515991
vt 0.406250 0.531250
vt 0.406250 0.515625
vt 0.390625 0.531250
vt 0.406250 0.546875
vt 0.390625 0.546875
vt 0.406250 0.562500
vt 0.390625 0.562500
vt 0.406250 0.578125
vt 0.390625 0.578125
vt 0.406250 0.593750
vt 0.390625 0.593750
vt 0.406250 0.609375
vt 0.390625 0.609375
vt 0.406250 0.625000
vt 0.390625 0.640625
vt 0.390625 0.625000
vt 0.390625 0.656250
vt 0.406250 0.640625
vt 0.390625 0.671875
vt 0.406250 0.656250
vt 0.390625 0.687500
vt 0.406250 0.671875
vt 0.390625 0.703125
vt 0.406250 0.687500
vt 0.390625 0.718750
vt 0.406250 0.703125
vt 0.390991 0.734009
vt 0.406250 0.718750
vt 0.421875 0.531250
vt 0.421875 0.515625
vt 0.421875 0.546875
vt 0.421875 0.562500
vt 0.421875 0.578125
vt 0.421875 0.593750
vt 0.421875 0.609375
vt 0.421875 0.625000
vt 0.421875 0.640625
vt 0.421875 0.656250
vt 0.421875 0.671875
vt 0.421875 0.687500
vt 0.421875 0.703125
vt 0.406250 0.734375
vt 0.421875 0.718750
vt 0.437500 0.531250
vt 0.437500 0.515625
vt 0.437500 0.546875
vt 0.437500 0.562500
vt 0.437500 0.578125
vt 0.437500 0.593750
vt 0.437500 0.609375
vt 0.437500 0.625000
vt 0.437500 0.640625
vt 0.437500 0.656250
vt 0.437500 0.671875
vt 0.437500 0.687500
vt 0.437500 0.703125
vt 0.421875 0.734375
vt 0.437500 0.718750
vt 0.453125 0.531250
vt 0.453125 0.515625
vt 0.453125 0.546875
vt 0.453125 0.562500
vt 0.453125 0.578125
vt 0.453125 0.593750
vt 0.453125 0.609375
vt 0.453125 0.625000
vt 0.453125 0.640625
vt 0.453125 0.656250
vt 0.453125 0.671875
vt 0.453125 0.687500
vt 0.453125 0.703125
vt 0.437500 0.734375
vt 0.453125 0.718750
vt 0.468750 0.531250
vt 0.468750 0.515625
vt 0.468750 0.546875
vt 0.468750 0.562500
vt 0.468750 0.578125
vt 0.468750 0.593750
vt 0.468750 0.609375
vt 0.468750 0.625000
vt 0.468750 0.640625
vt 0.468750 0.656250
vt 0.468750 0.671875
vt 0.468750 0.687500
vt 0.468750 0.703125
vt 0.453125 0.734375
vt 0.468750 0.718750
vt 0.484375 0.531250
vt 0.484375 0.515625
vt 0.484375 0.546875
vt 0.484375 0.562500
vt 0.484375 0.578125
vt 0.484375 0.593750
vt 0.484375 0.609375
vt 0.484375 0.625000
vt 0.484375 0.640625
vt 0.484375 0.656250
vt 0.484375 0.671875
vt 0.484375 0.687500
vt 0.484375 0.703125
vt 0.468750 0.734375
vt 0.484375 0.718750
vt 0.500000 0.531250
vt 0.500000 0.515625
vt 0.500000 0.546875
vt 0.500000 0.562500
vt 0.500000 0.578125
vt 0.500000 0.593750
vt 0.500000 0.609375
vt 0.500000 0.625000
vt 0.500000 0.640625
vt 0.500000 0.656250
vt 0.500000 0.671875
vt 0.500000 0.687500
vt 0.500000 0.703125
vt 0.484375 0.734375
vt 0.500000 0.718750
vt 0.515625 0.515625
vt 0.515625 0.531250
vt 0.515625 0.546875
vt 0.515625 0.562500
vt 0.515625 0.578125
vt 0.515625 0.593750
vt 0.515625 0.609375
vt 0.515625 0.640625
vt 0.515625 0.625000
vt 0.515625 0.656250
vt 0.515625 0.671875
vt 0.515625 0.687500
vt 0.515625 0.703125
vt 0.515625 0.718750
vt 0.515625 0.734375
vt 0.531250 0.515625
vt 0.531250 0.531250
vt 0.531250 0.546875
vt 0.531250 0.562500
vt 0.531250 0.578125
vt 0.531250 0.593750
vt 0.531250 0.609375
vt 0.531250 0.640625
vt 0.531250 0.625000
vt 0.531250 0.656250
vt 0.531250 0.671875
vt 0.531250 0.687500
vt 0.531250 0.703125
vt 0.531250 0.718750
vt 0.531250 0.734375
vt 0.546875 0.515625
vt 0.546875 0.531250
vt 0.546875 0.546875
vt 0.546875 0.562500
vt 0.546875 0.578125
vt 0.546875 0.593750
vt 0.546875 0.609375
vt 0.546875 0.640625
vt 0.546875 0.625000
vt 0.546875 0.656250
vt 0.546875 0.671875
vt 0.546875 0.687500
vt 0.546875 0.703125
vt 0.546875 0.718750
vt 0.546875 0.734375
vt 0.562500 0.515625
vt 0.562500 0.531250
vt 0.562500 0.546875
vt 0.562500 0.562500
vt 0.562500 0.578125
vt 0.562500 0.593750
vt 0.562500 0.609375
vt 0.562500 0.640625
vt 0.562500 0.625000
vt 0.562500 0.656250
vt 0.562500 0.671875
vt 0.562500 0.687500
vt 0.562500 0.703125
vt 0.562500 0.718750
vt 0.562500 0.734375
vt 0.578125 0.515625
vt 0.578125 0.531250
vt 0.578125 0.546875
vt 0.578125 0.562500
vt 0.578125 0.578125
vt 0.578125 0.593750
vt 0.578125 0.609375
vt 0.578125 0.640625
vt 0.578125 0.625000
vt 0.578125 0.656250
vt 0.578125 0.671875
vt 0.578125 0.687500
vt 0.578125 0.703125
vt 0.578125 0.718750
vt 0.578125 0.734375
vt 0.593750 0.515625
vt 0.593750 0.531250
vt 0.593750 0.546875
vt 0.593750 0.562500
vt 0.593750 0.578125
vt 0.593750 0.593750
vt 0.593750 0.609375
vt 0.593750 0.640625
vt 0.593750 0.625000
vt 0.593750 0.656250
vt 0.593750 0.671875
vt 0.593750 0.687500
vt 0.593750 0.703125
vt 0.593750 0.718750
vt 0.593750 0.734375
vt 0.609009 0.515991
vt 0.609375 0.531250
vt 0.609375 0.546875
vt 0.609375 0.562500
vt 0.609375 0.578125
vt 0.609375 0.593750
vt 0.609375 0.609375
vt 0.609375 0.640625
vt 0.609375 0.625000
vt 0.609375 0.656250
vt 0.609375 0.671875
vt 0.609375 0.687500
vt 0.609375 0.703125
vt 0.609375 0.718750
vt 0.609009 0.734009
vt 0.375000 0.515625
vt 0.375000 0.531250
vt 0.375000 0.546875
vt 0.375000 0.562500
vt 0.375000 0.578125
vt 0.375000 0.593750
vt 0.375000 0.609375
vt 0.375000 0.640625
vt 0.375000 0.625000
vt 0.375000 0.656250
vt 0.375000 0.671875
vt 0.375000 0.687500
vt 0.375000 0.703125
vt 0.375000 0.718750
vt 0.375000 0.734375
vt 0.375000 0.750000
vt 0.390625 0.750000
vt 0.406250 0.750000
vt 0.421875 0.750000
vt 0.437500 0.750000
vt 0.453125 0.750000
vt 0.468750 0.750000
vt 0.484375 0.750000
vt 0.500000 0.734375
vt 0.515625 0.750000
vt 0.531250 0.750000
vt 0.546875 0.750000
vt 0.562500 0.750000
vt 0.578125 0.750000
vt 0.593750 0.750000
vt 0.609375 0.750000
vt 0.625000 0.750000
vt 0.625000 0.734375
vt 0.625000 0.718750
vt 0.625000 0.703125
vt 0.625000 0.687500
vt 0.625000 0.671875
vt 0.625000 0.656250
vt 0.625000 0.640625
vt 0.625000 0.625000
vt 0.625000 0.609375
vt 0.625000 0.593750
vt 0.625000 0.578125
vt 0.625000 0.562500
vt 0.625000 0.546875
vt 0.625000 0.531250
vt 0.625000 0.515625
vt 0.500000 0.500000
vt 0.391235 0.765625
vt 0.406250 0.781250
vt 0.406250 0.765625
vt 0.390625 0.781250
vt 0.406250 0.796875
vt 0.390625 0.796875
vt 0.406250 0.812500
vt 0.390625 0.812500
vt 0.406250 0.828125
vt 0.390625 0.828125
vt 0.406250 0.843750
vt 0.390625 0.843750
vt 0.406250 0.859375
vt 0.390625 0.859375
vt 0.406250 0.875000
vt 0.390625 0.890625
vt 0.390625 0.875000
vt 0.390625 0.906250
vt 0.406250 0.890625
vt 0.390625 0.921875
vt 0.406250 0.906250
vt 0.390625 0.937500
vt 0.406250 0.921875
vt 0.390625 0.953125
vt 0.406250 0.937500
vt 0.390625 0.968750
vt 0.406250 0.953125
vt 0.390625 0.984375
vt 0.406250 0.968750
vt 0.421875 0.781250
vt 0.421875 0.765625
vt 0.421875 0.796875
vt 0.421875 0.812500
vt 0.421875 0.828125
vt 0.421875 0.843750
vt 0.421875 0.859375
vt 0.421875 0.875000
vt 0.421875 0.890625
vt 0.421875 0.906250
vt 0.421875 0.921875
vt 0.421875 0.937500
vt 0.421875 0.953125
vt 0.406250 0.984375
vt 0.421875 0.968750
vt 0.437500 0.781250
vt 0.437500 0.765625
vt 0.437500 0.796875
vt 0.437500 0.812500
vt 0.437500 0.828125
vt 0.437500 0.843750
vt 0.437500 0.859375
vt 0.437500 0.875000
vt 0.437500 0.890625
vt 0.437500 0.906250
vt 0.437500 0.921875
vt 0.437500 0.937500
vt 0.437500 0.953125
vt 0.421875 0.984375
vt 0.437500 0.968750
vt 0.453125 0.781250
vt 0.453125 0.765625
vt 0.453125 0.796875
vt 0.453125 0.812500
vt 0.453125 0.828125
vt 0.453125 0.843750
vt 0.453125 0.859375
vt 0.453125 0.875000
vt 0.453125 0.890625
vt 0.453125 0.906250
vt 0.453125 0.921875
vt 0.453125 0.937500
vt 0.453125 0.953125
vt 0.437500 0.984375
vt 0.453125 0.968750
vt 0.468750 0.781250
vt 0.468750 0.765625
vt 0.468750 0.796875
vt 0.468750 0.812500
vt 0.468750 0.828125
vt 0.468750 0.843750
vt 0.468750 0.859375
vt 0.468750 0.875000
vt 0.468750 0.890625
vt 0.468750 0.906250
vt 0.468750 0.921875
vt 0.468750 0.937500
vt 0.468750 0.953125
vt 0.453125 0.984375
vt 0.468750 0.968750
vt 0.484375 0.781250
vt 0.484375 0.765625
vt 0.484375 0.796875
vt 0.484375 0.812500
vt 0.484375 0.828125
vt 0.484375 0.843750
vt 0.484375 0.859375
vt 0.484375 0.875000
vt 0.484375 0.890625
vt 0.484375 0.906250
vt 0.484375 0.921875
vt 0.484375 0.937500
vt 0.484375 0.953125
vt 0.468750 0.984375
vt 0.484375 0.968750
vt 0.500000 0.781250
vt 0.500000 0.765625
vt 0.500000 0.796875
vt 0.500000 0.812500
vt 0.500000 0.828125
vt 0.500000 0.843750
vt 0.500000 0.859375
vt 0.500000 0.875000
vt 0.500000 0.890625
vt 0.500000 0.906250
vt 0.500000 0.921875
vt 0.500000 0.937500
vt 0.500000 0.953125
vt 0.484375 0.984375
vt 0.500000 0.968750
vt 0.515625 0.765625
vt 0.515625 0.781250
vt 0.515625 0.796875
vt 0.515625 0.812500
vt 0.515625 0.828125
vt 0.515625 0.843750
vt 0.515625 0.859375
vt 0.515625 0.890625
vt 0.515625 0.875000
vt 0.515625 0.906250
vt 0.515625 0.921875
vt 0.515625 0.937500
vt 0.515625 0.953125
vt 0.515625 0.968750
vt 0.515625 0.984375
vt 0.531250 0.765625
vt 0.531250 0.781250
vt 0.531250 0.796875
vt 0.531250 0.812500
vt 0.531250 0.828125
vt 0.531250 0.843750
vt 0.531250 0.859375
vt 0.531250 0.890625
vt 0.531250 0.875000
vt 0.531250 0.906250
vt 0.531250 0.921875
vt 0.531250 0.937500
vt 0.531250 0.953125
vt 0.531250 0.968750
vt 0.531250 0.984375
vt 0.546875 0.765625
vt 0.546875 0.781250
vt 0.546875 0.796875
vt 0.546875 0.812500
vt 0.546875 0.828125
vt 0.546875 0.843750
vt 0.546875 0.859375
vt 0.546875 0.890625
vt 0.546875 0.875000
vt 0.546875 0.906250
vt 0.546875 0.921875
vt 0.546875 0.937500
vt 0.546875 0.953125
vt 0.546875 0.968750
vt 0.546875 0.984375
vt 0.562500 0.765625
vt 0.562500 0.781250
vt 0.562500 0.796875
vt 0.562500 0.812500
vt 0.562500 0.828125
vt 0.562500 0.843750
vt 0.562500 0.859375
vt 0.562500 0.890625
vt 0.562500 0.875000
vt 0.562500 0.906250
vt 0.562500 0.921875
vt 0.562500 0.937500
vt 0.562500 0.953125
vt 0.562500 0.968750
vt 0.562500 0.984375
vt 0.578125 0.765625
vt 0.578125 0.781250
vt 0.578125 0.796875
vt 0.578125 0.812500
vt 0.578125 0.828125
vt 0.578125 0.843750
vt 0.578125 0.859375
vt 0.578125 0.890625
vt 0.578125 0.875000
vt 0.578125 0.906250
vt 0.578125 0.921875
vt 0.578125 0.937500
vt 0.578125 0.953125
vt 0.578125 0.968750
vt 0.578125 0.984375
vt 0.593750 0.765625
vt 0.593750 0.781250
vt 0.593750 0.796875
vt 0.593750 0.812500
vt 0.593750 0.828125
vt 0.593750 0.843750
vt 0.593750 0.859375
vt 0.593750 0.890625
vt 0.593750 0.875000
vt 0.593750 0.906250
vt 0.593750 0.921875
vt 0.593750 0.937500
vt 0.593750 0.953125
vt 0.593750 0.968750
vt 0.593750 0.984375
vt 0.608765 0.765625
vt 0.609375 0.781250
vt 0.609375 0.796875
vt 0.609375 0.812500
vt 0.609375 0.828125
vt 0.609375 0.843750
vt 0.609375 0.859375
vt 0.609375 0.890625
vt 0.609375 0.875000
vt 0.609375 0.906250
vt 0.609375 0.921875
vt 0.609375 0.937500
vt 0.609375 0.953125
vt 0.609375 0.968750
vt 0.609375 0.984375
vt 0.375000 0.765625
vt 0.375000 0.781250
vt 0.375000 0.796875
vt 0.375000 0.812500
vt 0.375000 0.828125
vt 0.375000 0.843750
vt 0.375000 0.859375
vt 0.375000 0.890625
vt 0.375000 0.875000
vt 0.375000 0.906250
vt 0.375000 0.921875
vt 0.375000 0.937500
vt 0.375000 0.953125
vt 0.375000 0.968750
vt 0.375000 0.984375
vt 0.375000 1.000000
vt 0.390625 1.000000
vt 0.406250 1.000000
vt 0.421875 1.000000
vt 0.437500 1.000000
vt 0.453125 1.000000
vt 0.468750 1.000000
vt 0.484375 1.000000
vt 0.500000 0.984375
vt 0.515625 1.000000
vt 0.531250 1.000000
vt 0.546875 1.000000
vt 0.562500 1.000000
vt 0.578125 1.000000
vt 0.593750 1.000000
vt 0.609375 1.000000
vt 0.625000 1.000000
vt 0.625000 0.984375
vt 0.625000 0.968750
vt 0.625000 0.953125
vt 0.625000 0.937500
vt 0.625000 0.921875
vt 0.625000 0.906250
vt 0.625000 0.890625
vt 0.625000 0.875000
vt 0.625000 0.859375
vt 0.625000 0.843750
vt 0.625000 0.828125
vt 0.625000 0.812500
vt 0.625000 0.796875
vt 0.625000 0.781250
vt 0.625000 0.765625
vt 0.500000 0.750000
vt 0.140625 0.515625
vt 0.156250 0.531250
vt 0.156250 0.515625
vt 0.140625 0.531250
vt 0.156250 0.546875
vt 0.140625 0.546875
vt 0.156250 0.562500
vt 0.140625 0.562500
vt 0.156250 0.578125
vt 0.140625 0.578125
vt 0.156250 0.593750
vt 0.140625 0.593750
vt 0.156250 0.609375
vt 0.140625 0.609375
vt 0.156250 0.625000
vt 0.140625 0.640625
vt 0.140625 0.625000
vt 0.140625 0.656250
vt 0.156250 0.640625
vt 0.140625 0.671875
vt 0.156250 0.656250
vt 0.140625 0.687500
vt 0.156250 0.671875
vt 0.140625 0.703125
vt 0.156250 0.687500
vt 0.140625 0.718750
vt 0.156250 0.703125
vt 0.140625 0.734375
vt 0.156250 0.718750
vt 0.171875 0.531250
vt 0.171875 0.515625
vt 0.171875 0.546875
vt 0.171875 0.562500
vt 0.171875 0.578125
vt 0.171875 0.593750
vt 0.171875 0.609375
vt 0.171875 0.625000
vt 0.171875 0.640625
vt 0.171875 0.656250
vt 0.171875 0.671875
vt 0.171875 0.687500
vt 0.171875 0.703125
vt 0.156250 0.734375
vt 0.171875 0.718750
vt 0.187500 0.531250
vt 0.187500 0.515625
vt 0.187500 0.546875
vt 0.187500 0.562500
vt 0.187500 0.578125
vt 0.187500 0.593750
vt 0.187500 0.609375
vt 0.187500 0.625000
vt 0.187500 0.640625
vt 0.187500 0.656250
vt 0.187500 0.671875
vt 0.187500 0.687500
vt 0.187500 0.703125
vt 0.171875 0.734375
vt 0.187500 0.718750
vt 0.203125 0.531250
vt 0.203125 0.515625
vt 0.203125 0.546875
vt 0.203125 0.562500
vt 0.203125 0.578125
vt 0.203125 0.593750
vt 0.203125 0.609375
vt 0.203125 0.625000
vt 0.203125 0.640625
vt 0.203125 0.656250
vt 0.203125 0.671875
vt 0.203125 0.687500
vt 0.203125 0.703125
vt 0.187500 0.734375
vt 0.203125 0.718750
vt 0.218750 0.531250
vt 0.218750 0.515625
vt 0.218750 0.546875
vt 0.218750 0.562500
vt 0.218750 0.578125
vt 0.218750 0.593750
vt 0.218750 0.609375
vt 0.218750 0.625000
vt 0.218750 0.640625
vt 0.218750 0.656250
vt 0.218750 0.671875
vt 0.218750 0.687500
vt 0.218750 0.703125
vt 0.203125 0.734375
vt 0.218750 0.718750
vt 0.234375 0.531250
vt 0.234375 0.515625
vt 0.234375 0.546875
vt 0.234375 0.562500
vt 0.234375 0.578125
vt 0.234375 0.593750
vt 0.234375 0.609375
vt 0.234375 0.625000
vt 0.234375 0.640625
vt 0.234375 0.656250
vt 0.234375 0.671875
vt 0.234375 0.687500
vt 0.234375 0.703125
vt 0.218750 0.734375
vt 0.234375 0.718750
vt 0.250000 0.531250
vt 0.250000 0.515625
vt 0.250000 0.546875
vt 0.250000 0.562500
vt 0.250000 0.578125
vt 0.250000 0.593750
vt 0.250000 0.609375
vt 0.250000 0.625000
vt 0.250000 0.640625
vt 0.250000 0.656250
vt 0.250000 0.671875
vt 0.250000 0.687500
vt 0.250000 0.703125
vt 0.234375 0.734375
vt 0.250000 0.718750
vt 0.265625 0.515625
vt 0.265625 0.531250
vt 0.265625 0.546875
vt 0.265625 0.562500
vt 0.265625 0.578125
vt 0.265625 0.593750
vt 0.265625 0.609375
vt 0.265625 0.640625
vt 0.265625 0.625000
vt 0.265625 0.656250
vt 0.265625 0.671875
vt 0.265625 0.687500
vt 0.265625 0.703125
vt 0.265625 0.718750
vt 0.265625 0.734375
vt 0.281250 0.515625
vt 0.281250 0.531250
vt 0.281250 0.546875
vt 0.281250 0.562500
vt 0.281250 0.578125
vt 0.281250 0.593750
vt 0.281250 0.609375
vt 0.281250 0.640625
vt 0.281250 0.625000
vt 0.281250 0.656250
vt 0.281250 0.671875
vt 0.281250 0.687500
vt 0.281250 0.703125
vt 0.281250 0.718750
vt 0.281250 0.734375
vt 0.296875 0.515625
vt 0.296875 0.531250
vt 0.296875 0.546875
vt 0.296875 0.562500
vt 0.296875 0.578125
vt 0.296875 0.593750
vt 0.296875 0.609375
vt 0.296875 0.640625
vt 0.296875 0.625000
vt 0.296875 0.656250
vt 0.296875 0.671875
vt 0.296875 0.687500
vt 0.296875 0.703125
vt 0.296875 0.718750
vt 0.296875 0.734375
vt 0.312500 0.515625
vt 0.312500 0.531250
vt 0.312500 0.546875
vt 0.312500 0.562500
vt 0.312500 0.578125
vt 0.312500 0.593750
vt 0.312500 0.609375
vt 0.312500 0.640625
vt 0.312500 0.625000
vt 0.312500 0.656250
vt 0.312500 0.671875
vt 0.312500 0.687500
vt 0.312500 0.703125
vt 0.312500 0.718750
vt 0.312500 0.734375
vt 0.328125 0.515625
vt 0.328125 0.531250
vt 0.328125 0.546875
vt 0.328125 0.562500
vt 0.328125 0.578125
vt 0.328125 0.593750
vt 0.328125 0.609375
vt 0.328125 0.640625
vt 0.328125 0.625000
vt 0.328125 0.656250
vt 0.328125 0.671875
vt 0.328125 0.687500
vt 0.328125 0.703125
vt 0.328125 0.718750
vt 0.328125 0.734375
vt 0.343750 0.515625
vt 0.343750 0.531250
vt 0.343750 0.546875
vt 0.343750 0.562500
vt 0.343750 0.578125
vt 0.343750 0.593750
vt 0.343750 0.609375
vt 0.343750 0.640625
vt 0.343750 0.625000
vt 0.343750 0.656250
vt 0.343750 0.671875
vt 0.343750 0.687500
vt 0.343750 0.703125
vt 0.343750 0.718750
vt 0.343750 0.734375
vt 0.359375 0.516235
vt 0.359375 0.531250
vt 0.359375 0.546875
vt 0.359375 0.562500
vt 0.359375 0.578125
vt 0.359375 0.593750
vt 0.359375 0.609375
vt 0.359375 0.640625
vt 0.359375 0.625000
vt 0.359375 0.656250
vt 0.359375 0.671875
vt 0.359375 0.687500
vt 0.359375 0.703125
vt 0.359375 0.718750
vt 0.359375 0.733765
vt 0.125000 0.500000
vt 0.140625 0.500000
vt 0.125000 0.515625
vt 0.125000 0.531250
vt 0.125000 0.546875
vt 0.125000 0.562500
vt 0.125000 0.578125
vt 0.125000 0.593750
vt 0.125000 0.609375
vt 0.125000 0.640625
vt 0.125000 0.625000
vt 0.125000 0.656250
vt 0.125000 0.671875
vt 0.125000 0.687500
vt 0.125000 0.703125
vt 0.125000 0.718750
vt 0.125000 0.734375
vt 0.125000 0.750000
vt 0.140625 0.750000
vt 0.156250 0.750000
vt 0.171875 0.750000
vt 0.187500 0.750000
vt 0.203125 0.750000
vt 0.218750 0.750000
vt 0.234375 0.750000
vt 0.250000 0.734375
vt 0.265625 0.750000
vt 0.281250 0.750000
vt 0.296875 0.750000
vt 0.312500 0.750000
vt 0.328125 0.750000
vt 0.343750 0.750000
vt 0.359375 0.750000
vt 0.359375 0.500000
vt 0.343750 0.500000
vt 0.328125 0.500000
vt 0.312500 0.500000
vt 0.296875 0.500000
vt 0.281250 0.500000
vt 0.265625 0.500000
vt 0.250000 0.500000
vt 0.234375 0.500000
vt 0.218750 0.500000
vt 0.203125 0.500000
vt 0.187500 0.500000
vt 0.171875 0.500000
vt 0.156250 0.500000
vt 0.640625 0.516235
vt 0.656250 0.531250
vt 0.656250 0.515625
vt 0.640625 0.531250
vt 0.656250 0.546875
vt 0.640625 0.546875
vt 0.656250 0.562500
vt 0.640625 0.562500
vt 0.656250 0.578125
vt 0.640625 0.578125
vt 0.656250 0.593750
vt 0.640625 0.593750
vt 0.656250 0.609375
vt 0.640625 0.609375
vt 0.656250 0.625000
vt 0.640625 0.640625
vt 0.640625 0.625000
vt 0.640625 0.656250
vt 0.656250 0.640625
vt 0.640625 0.671875
vt 0.656250 0.656250
vt 0.640625 0.687500
vt 0.656250 0.671875
vt 0.640625 0.703125
vt 0.656250 0.687500
vt 0.640625 0.718750
vt 0.656250 0.703125
vt 0.640625 0.733765
vt 0.656250 0.718750
vt 0.671875 0.531250
vt 0.671875 0.515625
vt 0.671875 0.546875
vt 0.671875 0.562500
vt 0.671875 0.578125
vt 0.671875 0.593750
vt 0.671875 0.609375
vt 0.671875 0.625000
vt 0.671875 0.640625
vt 0.671875 0.656250
vt 0.671875 0.671875
vt 0.671875 0.687500
vt 0.671875 0.703125
vt 0.656250 0.734375
vt 0.671875 0.718750
vt 0.687500 0.531250
vt 0.687500 0.515625
vt 0.687500 0.546875
vt 0.687500 0.562500
vt 0.687500 0.578125
vt 0.687500 0.593750
vt 0.687500 0.609375
vt 0.687500 0.625000
vt 0.687500 0.640625
vt 0.687500 0.656250
vt 0.687500 0.671875
vt 0.687500 0.687500
vt 0.687500 0.703125
vt 0.671875 0.734375
vt 0.687500 0.718750
vt 0.703125 0.531250
vt 0.703125 0.515625
vt 0.703125 0.546875
vt 0.703125 0.562500
vt 0.703125 0.578125
vt 0.703125 0.593750
vt 0.703125 0.609375
vt 0.703125 0.625000
vt 0.703125 0.640625
vt 0.703125 0.656250
vt 0.703125 0.671875
vt 0.703125 0.687500
vt 0.703125 0.703125
vt 0.687500 0.734375
vt 0.703125 0.718750
vt 0.718750 0.531250
vt 0.718750 0.515625
vt 0.718750 0.546875
vt 0.718750 0.562500
vt 0.718750 0.578125
vt 0.718750 0.593750
vt 0.718750 0.609375
vt 0.718750 0.625000
vt 0.718750 0.640625
vt 0.718750 0.656250
vt 0.718750 0.671875
vt 0.718750 0.687500
vt 0.718750 0.703125
vt 0.703125 0.734375
vt 0.718750 0.718750
vt 0.734375 0.531250
vt 0.734375 0.515625
vt 0.734375 0.546875
vt 0.734375 0.562500
vt 0.734375 0.578125
vt 0.734375 0.593750
vt 0.734375 0.609375
vt 0.734375 0.625000
vt 0.734375 0.640625
vt 0.734375 0.656250
vt 0.734375 0.671875
vt 0.734375 0.687500
vt 0.734375 0.703125
vt 0.718750 0.734375
vt 0.734375 0.718750
vt 0.750000 0.531250
vt 0.750000 0.515625
vt 0.750000 0.546875
vt 0.750000 0.562500
vt 0.750000 0.578125
vt 0.750000 0.593750
vt 0.750000 0.609375
vt 0.750000 0.625000
vt 0.750000 0.640625
vt 0.750000 0.656250
vt 0.750000 0.671875
vt 0.750000 0.687500
vt 0.750000 0.703125
vt 0.734375 0.734375
vt 0.750000 0.718750
vt 0.765625 0.515625
vt 0.765625 0.531250
vt 0.765625 0.546875
vt 0.765625 0.562500
vt 0.765625 0.578125
vt 0.765625 0.593750
vt 0.765625 0.609375
vt 0.765625 0.640625
vt 0.765625 0.625000
vt 0.765625 0.656250
vt 0.765625 0.671875
vt 0.765625 0.687500
vt 0.765625 0.703125
vt 0.765625 0.718750
vt 0.765625 0.734375
vt 0.781250 0.515625
vt 0.781250 0.531250
vt 0.781250 0.546875
vt 0.781250 0.562500
vt 0.781250 0.578125
vt 0.781250 0.593750
vt 0.781250 0.609375
vt 0.781250 0.640625
vt 0.781250 0.625000
vt 0.781250 0.656250
vt 0.781250 0.671875
vt 0.781250 0.687500
vt 0.781250 0.703125
vt 0.781250 0.718750
vt 0.781250 0.734375
vt 0.796875 0.515625
vt 0.796875 0.531250
vt 0.796875 0.546875
vt 0.796875 0.562500
vt 0.796875 0.578125
vt 0.796875 0.593750
vt 0.796875 0.609375
vt 0.796875 0.640625
vt 0.796875 0.625000
vt 0.796875 0.656250
vt 0.796875 0.671875
vt 0.796875 0.687500
vt 0.796875 0.703125
vt 0.796875 0.718750
vt 0.796875 0.734375
vt 0.812500 0.515625
vt 0.812500 0.531250
vt 0.812500 0.546875
vt 0.812500 0.562500
vt 0.812500 0.578125
vt 0.812500 0.593750
vt 0.812500 0.609375
vt 0.812500 0.640625
vt 0.812500 0.625000
vt 0.812500 0.656250
vt 0.812500 0.671875
vt 0.812500 0.687500
vt 0.812500 0.703125
vt 0.812500 0.718750
vt 0.812500 0.734375
vt 0.828125 0.515625
vt 0.828125 0.531250
vt 0.828125 0.546875
vt 0.828125 0.562500
vt 0.828125 0.578125
vt 0.828125 0.593750
vt 0.828125 0.609375
vt 0.828125 0.640625
vt 0.828125 0.625000
vt 0.828125 0.656250
vt 0.828125 0.671875
vt 0.828125 0.687500
vt 0.828125 0.703125
vt 0.828125 0.718750
vt 0.828125 0.734375
vt 0.843750 0.515625
vt 0.843750 0.531250
vt 0.843750 0.546875
vt 0.843750 0.562500
vt 0.843750 0.578125
vt 0.843750 0.593750
vt 0.843750 0.609375
vt 0.843750 0.640625
vt 0.843750 0.625000
vt 0.843750 0.656250
vt 0.843750 0.671875
vt 0.843750 0.687500
vt 0.843750 0.703125
vt 0.843750 0.718750
vt 0.843750 0.734375
vt 0.859375 0.515625
vt 0.859375 0.531250
vt 0.859375 0.546875
vt 0.859375 0.562500
vt 0.859375 0.578125
vt 0.859375 0.593750
vt 0.859375 0.609375
vt 0.859375 0.640625
vt 0.859375 0.625000
vt 0.859375 0.656250
vt 0.859375 0.671875
vt 0.859375 0.687500
vt 0.859375 0.703125
vt 0.859375 0.718750
vt 0.859375 0.734375
vt 0.640625 0.500000
vt 0.640625 0.750000
vt 0.656250 0.750000
vt 0.671875 0.750000
vt 0.687500 0.750000
vt 0.703125 0.750000
vt 0.718750 0.750000
vt 0.734375 0.750000
vt 0.750000 0.734375
vt 0.765625 0.750000
vt 0.781250 0.750000
vt 0.796875 0.750000
vt 0.812500 0.750000
vt 0.828125 0.750000
vt 0.843750 0.750000
vt 0.859375 0.750000
vt 0.875000 0.750000
vt 0.875000 0.734375
vt 0.875000 0.718750
vt 0.875000 0.703125
vt 0.875000 0.687500
vt 0.875000 0.671875
vt 0.875000 0.656250
vt 0.875000 0.640625
vt 0.875000 0.625000
vt 0.875000 0.609375
vt 0.875000 0.593750
vt 0.875000 0.578125
vt 0.875000 0.562500
vt 0.875000 0.546875
vt 0.875000 0.531250
vt 0.875000 0.515625
vt 0.875000 0.500000
vt 0.859375 0.500000
vt 0.843750 0.500000
vt 0.828125 0.500000
vt 0.812500 0.500000
vt 0.796875 0.500000
vt 0.781250 0.500000
vt 0.765625 0.500000
vt 0.750000 0.500000
vt 0.734375 0.500000
vt 0.718750 0.500000
vt 0.703125 0.500000
vt 0.687500 0.500000
vt 0.671875 0.500000
vt 0.656250 0.500000
vt 0.500000 1.000000
vt 0.250000 0.750000
vt 0.750000 0.750000
s 0
usemtl Material.001
f 189/1/1 205/2/1 204/3/1
f 190/4/2 206/5/2 205/2/2
f 191/6/3 207/7/3 206/5/3
f 192/8/4 208/9/4 207/7/4
f 193/10/5 209/11/5 208/9/5
f 194/12/6 210/13/6 209/11/6
f 195/14/7 211/15/7 210/13/7
f 197/16/8 211/15/8 196/17/8
f 198/18/9 212/19/9 197/16/9
f 199/20/10 213/21/10 198/18/10
f 200/22/11 214/23/11 199/20/11
f 201/24/12 215/25/12 200/22/12
f 202/26/13 216/27/13 201/24/13
f 203/28/14 217/29/14 202/26/14
f 204/3/15 220/30/15 219/31/15
f 205/2/16 221/32/16 220/30/16
f 206/5/17 222/33/17 221/32/17
f 207/7/18 223/34/18 222/33/18
f 208/9/19 224/35/19 223/34/19
f 209/11/20 225/36/20 224/35/20
f 210/13/21 226/37/21 225/36/21
f 212/19/22 226/37/22 211/15/22
f 213/21/23 227/38/23 212/19/23
f 214/23/24 228/39/24 213/21/24
f 215/25/25 229/40/25 214/23/25
f 216/27/26 230/41/26 215/25/26
f 217/29/27 231/42/27 216/27/27
f 218/43/28 232/44/28 217/29/28
f 219/31/29 235/45/29 234/46/29
f 220/30/30 236/47/30 235/45/30
f 221/32/31 237/48/31 236/47/31
f 222/33/32 238/49/32 237/48/32
f 223/34/33 239/50/33 238/49/33
f 224/35/34 240/51/34 239/50/34
f 225/36/35 241/52/35 240/51/35
f 227/38/36 241/52/36 226/37/36
f 228/39/37 242/53/37 227/38/37
f 229/40/38 243/54/38 228/39/38
f 230/41/39 244/55/39 229/40/39
f 231/42/40 245/56/40 230/41/40
f 232/44/41 246/57/41 231/42/41
f 233/58/42 247/59/42 232/44/42
f 234/46/43 250/60/43 249/61/43
f 235/45/44 251/62/44 250/60/44
f 236/47/45 252/63/45 251/62/45
f 237/48/46 253/64/46 252/63/46
f 238/49/47 254/65/47 253/64/47
f 239/50/48 255/66/48 254/65/48
f 240/51/49 256/67/49 255/66/49
f 242/53/50 256/67/50 241/52/50
f 243/54/51 257/68/51 242/53/51
f 244/55/52 258/69/52 243/54/52
f 245/56/53 259/70/53 244/55/53
f 246/57/54 260/71/54 245/56/54
f 247/59/55 261/72/55 246/57/55
f 248/73/56 262/74/56 247/59/56
f 249/61/57 265/75/57 264/76/57
f 250/60/58 266/77/58 265/75/58
f 251/62/59 267/78/59 266/77/59
f 252/63/60 268/79/60 267/78/60
f 253/64/61 269/80/61 268/79/61
f 254/65/62 270/81/62 269/80/62
f 255/66/63 271/82/63 270/81/63
f 257/68/64 271/82/64 256/67/64
f 258/69/65 272/83/65 257/68/65
f 259/70/66 273/84/66 258/69/66
f 260/71/67 274/85/67 259/70/67
f 261/72/68 275/86/68 260/71/68
f 262/74/69 276/87/69 261/72/69
f 263/88/70 277/89/70 262/74/70
f 264/76/71 280/90/71 279/91/71
f 265/75/72 281/92/72 280/90/72
f 266/77/73 282/93/73 281/92/73
f 267/78/74 283/94/74 282/93/74
f 268/79/75 284/95/75 283/94/75
f 269/80/76 285/96/76 284/95/76
f 270/81/77 286/97/77 285/96/77
f 272/83/78 286/97/78 271/82/78
f 273/84/79 287/98/79 272/83/79
f 274/85/80 288/99/80 273/84/80
f 275/86/81 289/100/81 274/85/81
f 276/87/82 290/101/82 275/86/82
f 277/89/83 291/102/83 276/87/83
f 278/103/84 292/104/84 277/89/84
f 279/91/85 295/105/85 294/106/85
f 280/90/86 296/107/86 295/105/86
f 281/92/87 297/108/87 296/107/87
f 282/93/88 298/109/88 297/108/88
f 283/94/89 299/110/89 298/109/89
f 284/95/90 300/111/90 299/110/90
f 285/96/91 301/112/91 300/111/91
f 287/98/92 301/112/92 286/97/92
f 288/99/93 302/113/93 287/98/93
f 289/100/94 303/114/94 288/99/94
f 290/101/95 304/115/95 289/100/95
f 291/102/96 305/116/96 290/101/96
f 292/104/97 306/117/97 291/102/97
f 293/118/98 307/119/98 292/104/98
f 295/105/99 309/120/99 294/106/99
f 296/107/100 310/121/100 295/105/100
f 297/108/101 311/122/101 296/107/101
f 298/109/102 312/123/102 297/108/102
f 299/110/103 313/124/103 298/109/103
f 300/111/104 314/125/104 299/110/104
f 301/112/105 315/126/105 300/111/105
f 301/112/106 317/127/106 316/128/106
f 302/113/107 318/129/107 317/127/107
f 303/114/108 319/130/108 318/129/108
f 304/115/109 320/131/109 319/130/109
f 305/116/110 321/132/110 320/131/110
f 306/117/111 322/133/111 321/132/111
f 307/119/112 323/134/112 322/133/112
f 310/121/113 324/135/113 309/120/113
f 311/122/114 325/136/114 310/121/114
f 312/123/115 326/137/115 311/122/115
f 313/124/116 327/138/116 312/123/116
f 314/125/117 328/139/117 313/124/117
f 315/126/118 329/140/118 314/125/118
f 316/128/119 330/141/119 315/126/119
f 316/128/120 332/142/120 331/143/120
f 317/127/121 333/144/121 332/142/121
f 318/129/122 334/145/122 333/144/122
f 319/130/123 335/146/123 334/145/123
f 320/131/124 336/147/124 335/146/124
f 321/132/125 337/148/125 336/147/125
f 322/133/126 338/149/126 337/148/126
f 325/136/127 339/150/127 324/135/127
f 326/137/128 340/151/128 325/136/128
f 327/138/129 341/152/129 326/137/129
f 328/139/130 342/153/130 327/138/130
f 329/140/131 343/154/131 328/139/131
f 330/141/132 344/155/132 329/140/132
f 331/143/133 345/156/133 330/141/133
f 331/143/134 347/157/134 346/158/134
f 332/142/135 348/159/135 347/157/135
f 333/144/136 349/160/136 348/159/136
f 334/145/137 350/161/137 349/160/137
f 335/146/138 351/162/138 350/161/138
f 336/147/139 352/163/139 351/162/139
f 337/148/140 353/164/140 352/163/140
f 340/151/141 354/165/141 339/150/141
f 341/152/142 355/166/142 340/151/142
f 342/153/143 356/167/143 341/152/143
f 343/154/144 357/168/144 342/153/144
f 344/155/145 358/169/145 343/154/145
f 345/156/146 359/170/146 344/155/146
f 346/158/147 360/171/147 345/156/147
f 346/158/148 362/172/148 361/173/148
f 347/157/149 363/174/149 362/172/149
f 348/159/150 364/175/150 363/174/150
f 349/160/151 365/176/151 364/175/151
f 350/161/152 366/177/152 365/176/152
f 351/162/153 367/178/153 366/177/153
f 352/163/154 368/179/154 367/178/154
f 355/166/155 369/180/155 354/165/155
f 356/167/156 370/181/156 355/166/156
f 357/168/157 371/182/157 356/167/157
f 358/169/158 372/183/158 357/168/158
f 359/170/159 373/184/159 358/169/159
f 360/171/160 374/185/160 359/170/160
f 361/173/161 375/186/161 360/171/161
f 361/173/162 377/187/162 376/188/162
f 362/172/163 378/189/163 377/187/163
f 363/174/164 379/190/164 378/189/164
f 364/175/165 380/191/165 379/190/165
f 365/176/166 381/192/166 380/191/166
f 366/177/167 382/193/167 381/192/167
f 367/178/168 383/194/168 382/193/168
f 370/181/169 384/195/169 369/180/169
f 371/182/170 385/196/170 370/181/170
f 372/183/171 386/197/171 371/182/171
f 373/184/172 387/198/172 372/183/172
f 374/185/173 388/199/173 373/184/173
f 375/186/174 389/200/174 374/185/174
f 376/188/175 390/201/175 375/186/175
f 376/188/176 392/202/176 391/203/176
f 377/187/177 393/204/177 392/202/177
f 378/189/178 394/205/178 393/204/178
f 379/190/179 395/206/179 394/205/179
f 380/191/180 396/207/180 395/206/180
f 381/192/181 397/208/181 396/207/181
f 382/193/182 398/209/182 397/208/182
f 385/196/183 399/210/183 384/195/183
f 386/197/184 400/211/184 385/196/184
f 387/198/185 401/212/185 386/197/185
f 388/199/186 402/213/186 387/198/186
f 389/200/187 403/214/187 388/199/187
f 390/201/188 404/215/188 389/200/188
f 391/203/189 405/216/189 390/201/189
f 391/203/190 407/217/190 406/218/190
f 392/202/191 408/219/191 407/217/191
f 393/204/192 409/220/192 408/219/192
f 394/205/193 410/221/193 409/220/193
f 395/206/194 411/222/194 410/221/194
f 396/207/195 412/223/195 411/222/195
f 397/208/196 413/224/196 412/223/196
f 1/225/197 189/1/197 24/226/197
f 23/227/198 190/4/198 189/1/198
f 22/228/199 191/6/199 190/4/199
f 21/229/200 192/8/200 191/6/200
f 20/230/201 193/10/201 192/8/201
f 19/231/202 194/12/202 193/10/202
f 18/232/203 195/14/203 194/12/203
f 17/233/204 196/17/204 195/14/204
f 15/234/205 196/17/205 16/235/205
f 14/236/206 197/16/206 15/234/206
f 13/237/207 198/18/207 14/236/207
f 12/238/208 199/20/208 13/237/208
f 11/239/209 200/22/209 12/238/209
f 10/240/210 201/24/210 11/239/210
f 9/241/211 202/26/211 10/240/211
f 3/242/212 203/28/212 9/241/212
f 68/243/213 218/43/213 203/28/213
f 67/244/214 233/58/214 218/43/214
f 66/245/215 248/73/215 233/58/215
f 65/246/216 263/88/216 248/73/216
f 64/247/217 278/103/217 263/88/217
f 63/248/218 293/118/218 278/103/218
f 62/249/219 308/250/219 293/118/219
f 308/250/220 60/251/220 323/134/220
f 323/134/221 59/252/221 338/149/221
f 338/149/222 58/253/222 353/164/222
f 353/164/223 57/254/223 368/179/223
f 368/179/224 56/255/224 383/194/224
f 383/194/225 55/256/225 398/209/225
f 398/209/226 54/257/226 413/224/226
f 413/224/227 4/258/227 53/259/227
f 412/223/228 53/259/228 52/260/228
f 411/222/229 52/260/229 51/261/229
f 410/221/230 51/261/230 50/262/230
f 409/220/231 50/262/231 49/263/231
f 408/219/232 49/263/232 48/264/232
f 407/217/233 48/264/233 47/265/233
f 406/218/234 47/265/234 46/266/234
f 406/218/235 45/267/235 405/216/235
f 405/216/236 44/268/236 404/215/236
f 404/215/237 43/269/237 403/214/237
f 403/214/238 42/270/238 402/213/238
f 402/213/239 41/271/239 401/212/239
f 401/212/240 40/272/240 400/211/240
f 400/211/241 39/273/241 399/210/241
f 399/210/242 2/274/242 38/275/242
f 384/195/243 38/275/243 37/276/243
f 369/180/244 37/276/244 36/277/244
f 354/165/245 36/277/245 35/278/245
f 339/150/246 35/278/246 34/279/246
f 324/135/247 34/279/247 33/280/247
f 309/120/248 33/280/248 32/281/248
f 294/106/249 32/281/249 31/282/249
f 30/283/250 294/106/250 31/282/250
f 29/284/251 279/91/251 30/283/251
f 28/285/252 264/76/252 29/284/252
f 27/286/253 249/61/253 28/285/253
f 26/287/254 234/46/254 27/286/254
f 25/288/255 219/31/255 26/287/255
f 24/226/256 204/3/256 25/288/256
f 414/289/257 430/290/257 429/291/257
f 415/292/258 431/293/258 430/290/258
f 416/294/259 432/295/259 431/293/259
f 417/296/260 433/297/260 432/295/260
f 418/298/261 434/299/261 433/297/261
f 419/300/262 435/301/262 434/299/262
f 420/302/263 436/303/263 435/301/263
f 422/304/264 436/303/264 421/305/264
f 423/306/265 437/307/265 422/304/265
f 424/308/266 438/309/266 423/306/266
f 425/310/267 439/311/267 424/308/267
f 426/312/268 440/313/268 425/310/268
f 427/314/269 441/315/269 426/312/269
f 428/316/270 442/317/270 427/314/270
f 429/291/271 445/318/271 444/319/271
f 430/290/272 446/320/272 445/318/272
f 431/293/273 447/321/273 446/320/273
f 432/295/274 448/322/274 447/321/274
f 433/297/275 449/323/275 448/322/275
f 434/299/276 450/324/276 449/323/276
f 435/301/277 451/325/277 450/324/277
f 437/307/278 451/325/278 436/303/278
f 438/309/279 452/326/279 437/307/279
f 439/311/280 453/327/280 438/309/280
f 440/313/281 454/328/281 439/311/281
f 441/315/282 455/329/282 440/313/282
f 442/317/283 456/330/283 441/315/283
f 443/331/284 457/332/284 442/317/284
f 444/319/285 460/333/285 459/334/285
f 445/318/286 461/335/286 460/333/286
f 446/320/287 462/336/287 461/335/287
f 447/321/288 463/337/288 462/336/288
f 448/322/289 464/338/289 463/337/289
f 449/323/290 465/339/290 464/338/290
f 450/324/291 466/340/291 465/339/291
f 452/326/292 466/340/292 451/325/292
f 453/327/293 467/341/293 452/326/293
f 454/328/294 468/342/294 453/327/294
f 455/329/295 469/343/295 454/328/295
f 456/330/296 470/344/296 455/329/296
f 457/332/297 471/345/297 456/330/297
f 458/346/298 472/347/298 457/332/298
f 459/334/299 475/348/299 474/349/299
f 460/333/300 476/350/300 475/348/300
f 461/335/301 477/351/301 476/350/301
f 462/336/302 478/352/302 477/351/302
f 463/337/303 479/353/303 478/352/303
f 464/338/304 480/354/304 479/353/304
f 465/339/305 481/355/305 480/354/305
f 467/341/306 481/355/306 466/340/306
f 468/342/307 482/356/307 467/341/307
f 469/343/308 483/357/308 468/342/308
f 470/344/309 484/358/309 469/343/309
f 471/345/310 485/359/310 470/344/310
f 472/347/311 486/360/311 471/345/311
f 473/361/312 487/362/312 472/347/312
f 474/349/313 490/363/313 489/364/313
f 475/348/314 491/365/314 490/363/314
f 476/350/315 492/366/315 491/365/315
f 477/351/316 493/367/316 492/366/316
f 478/352/317 494/368/317 493/367/317
f 479/353/318 495/369/318 494/368/318
f 480/354/319 496/370/319 495/369/319
f 482/356/320 496/370/320 481/355/320
f 483/357/321 497/371/321 482/356/321
f 484/358/322 498/372/322 483/357/322
f 485/359/323 499/373/323 484/358/323
f 486/360/324 500/374/324 485/359/324
f 487/362/325 501/375/325 486/360/325
f 488/376/326 502/377/326 487/362/326
f 489/364/327 505/378/327 504/379/327
f 490/363/328 506/380/328 505/378/328
f 491/365/329 507/381/329 506/380/329
f 492/366/330 508/382/330 507/381/330
f 493/367/331 509/383/331 508/382/331
f 494/368/332 510/384/332 509/383/332
f 495/369/333 511/385/333 510/384/333
f 497/371/334 511/385/334 496/370/334
f 498/372/335 512/386/335 497/371/335
f 499/373/336 513/387/336 498/372/336
f 500/374/337 514/388/337 499/373/337
f 501/375/338 515/389/338 500/374/338
f 502/377/339 516/390/339 501/375/339
f 503/391/340 517/392/340 502/377/340
f 504/379/341 520/393/341 519/394/341
f 505/378/342 521/395/342 520/393/342
f 506/380/343 522/396/343 521/395/343
f 507/381/344 523/397/344 522/396/344
f 508/382/345 524/398/345 523/397/345
f 509/383/346 525/399/346 524/398/346
f 510/384/347 526/400/347 525/399/347
f 512/386/348 526/400/348 511/385/348
f 513/387/349 527/401/349 512/386/349
f 514/388/350 528/402/350 513/387/350
f 515/389/351 529/403/351 514/388/351
f 516/390/352 530/404/352 515/389/352
f 517/392/353 531/405/353 516/390/353
f 518/406/354 532/407/354 517/392/354
f 520/393/355 534/408/355 519/394/355
f 521/395/356 535/409/356 520/393/356
f 522/396/357 536/410/357 521/395/357
f 523/397/358 537/411/358 522/396/358
f 524/398/359 538/412/359 523/397/359
f 525/399/360 539/413/360 524/398/360
f 526/400/361 540/414/361 525/399/361
f 526/400/362 542/415/362 541/416/362
f 527/401/363 543/417/363 542/415/363
f 528/402/364 544/418/364 543/417/364
f 529/403/365 545/419/365 544/418/365
f 530/404/366 546/420/366 545/419/366
f 531/405/367 547/421/367 546/420/367
f 532/407/368 548/422/368 547/421/368
f 535/409/369 549/423/369 534/408/369
f 536/410/370 550/424/370 535/409/370
f 537/411/371 551/425/371 536/410/371
f 538/412/372 552/426/372 537/411/372
f 539/413/373 553/427/373 538/412/373
f 540/414/374 554/428/374 539/413/374
f 541/416/375 555/429/375 540/414/375
f 541/416/376 557/430/376 556/431/376
f 542/415/377 558/432/377 557/430/377
f 543/417/378 559/433/378 558/432/378
f 544/418/379 560/434/379 559/433/379
f 545/419/380 561/435/380 560/434/380
f 546/420/381 562/436/381 561/435/381
f 547/421/382 563/437/382 562/436/382
f 550/424/383 564/438/383 549/423/383
f 551/425/384 565/439/384 550/424/384
f 552/426/385 566/440/385 551/425/385
f 553/427/386 567/441/386 552/426/386
f 554/428/387 568/442/387 553/427/387
f 555/429/388 569/443/388 554/428/388
f 556/431/389 570/444/389 555/429/389
f 556/431/390 572/445/390 571/446/390
f 557/430/391 573/447/391 572/445/391
f 558/432/392 574/448/392 573/447/392
f 559/433/393 575/449/393 574/448/393
f 560/434/394 576/450/394 575/449/394
f 561/435/395 577/451/395 576/450/395
f 562/436/396 578/452/396 577/451/396
f 565/439/397 579/453/397 564/438/397
f 566/440/398 580/454/398 565/439/398
f 567/441/399 581/455/399 566/440/399
f 568/442/400 582/456/400 567/441/400
f 569/443/401 583/457/401 568/442/401
f 570/444/402 584/458/402 569/443/402
f 571/446/403 585/459/403 570/444/403
f 571/446/404 587/460/404 586/461/404
f 572/445/405 588/462/405 587/460/405
f 573/447/406 589/463/406 588/462/406
f 574/448/407 590/464/407 589/463/407
f 575/449/408 591/465/408 590/464/408
f 576/450/409 592/466/409 591/465/409
f 577/451/410 593/467/410 592/466/410
f 580/454/411 594/468/411 579/453/411
f 581/455/412 595/469/412 580/454/412
f 582/456/413 596/470/413 581/455/413
f 583/457/414 597/471/414 582/456/414
f 584/458/415 598/472/415 583/457/415
f 585/459/416 599/473/416 584/458/416
f 586/461/417 600/474/417 585/459/417
f 586/461/418 602/475/418 601/476/418
f 587/460/419 603/477/419 602/475/419
f 588/462/420 604/478/420 603/477/420
f 589/463/421 605/479/421 604/478/421
f 590/464/422 606/480/422 605/479/422
f 591/465/423 607/481/423 606/480/423
f 592/466/424 608/482/424 607/481/424
f 595/469/425 609/483/425 594/468/425
f 596/470/426 610/484/426 595/469/426
f 597/471/427 611/485/427 596/470/427
f 598/472/428 612/486/428 597/471/428
f 599/473/429 613/487/429 598/472/429
f 600/474/430 614/488/430 599/473/430
f 601/476/431 615/489/431 600/474/431
f 601/476/432 617/490/432 616/491/432
f 602/475/433 618/492/433 617/490/433
f 603/477/434 619/493/434 618/492/434
f 604/478/435 620/494/435 619/493/435
f 605/479/436 621/495/436 620/494/436
f 606/480/437 622/496/437 621/495/437
f 607/481/438 623/497/438 622/496/438
f 610/484/439 624/498/439 609/483/439
f 611/485/440 625/499/440 610/484/440
f 612/486/441 626/500/441 611/485/441
f 613/487/442 627/501/442 612/486/442
f 614/488/443 628/502/443 613/487/443
f 615/489/444 629/503/444 614/488/444
f 616/491/445 630/504/445 615/489/445
f 616/491/446 632/505/446 631/506/446
f 617/490/447 633/507/447 632/505/447
f 618/492/448 634/508/448 633/507/448
f 619/493/449 635/509/449 634/508/449
f 620/494/450 636/510/450 635/509/450
f 621/495/451 637/511/451 636/510/451
f 622/496/452 638/512/452 637/511/452
f 3/242/453 414/289/453 68/243/453
f 83/513/454 415/292/454 414/289/454
f 82/514/455 416/294/455 415/292/455
f 81/515/456 417/296/456 416/294/456
f 80/516/457 418/298/457 417/296/457
f 79/517/458 419/300/458 418/298/458
f 78/518/459 420/302/459 419/300/459
f 77/519/460 421/305/460 420/302/460
f 75/520/461 421/305/461 76/521/461
f 74/522/462 422/304/462 75/520/462
f 73/523/463 423/306/463 74/522/463
f 72/524/464 424/308/464 73/523/464
f 71/525/465 425/310/465 72/524/465
f 70/526/466 426/312/466 71/525/466
f 69/527/467 427/314/467 70/526/467
f 7/528/468 428/316/468 69/527/468
f 113/529/469 443/331/469 428/316/469
f 112/530/470 458/346/470 443/331/470
f 111/531/471 473/361/471 458/346/471
f 110/532/472 488/376/472 473/361/472
f 109/533/473 503/391/473 488/376/473
f 108/534/474 518/406/474 503/391/474
f 107/535/475 533/536/475 518/406/475
f 533/536/476 105/537/476 548/422/476
f 548/422/477 104/538/477 563/437/477
f 563/437/478 103/539/478 578/452/478
f 578/452/479 102/540/479 593/467/479
f 593/467/480 101/541/480 608/482/480
f 608/482/481 100/542/481 623/497/481
f 623/497/482 99/543/482 638/512/482
f 638/512/483 8/544/483 98/545/483
f 637/511/484 98/545/484 97/546/484
f 636/510/485 97/546/485 96/547/485
f 635/509/486 96/547/486 95/548/486
f 634/508/487 95/548/487 94/549/487
f 633/507/488 94/549/488 93/550/488
f 632/505/489 93/550/489 92/551/489
f 631/506/490 92/551/490 91/552/490
f 631/506/491 90/553/491 630/504/491
f 630/504/492 89/554/492 629/503/492
f 629/503/493 88/555/493 628/502/493
f 628/502/494 87/556/494 627/501/494
f 627/501/495 86/557/495 626/500/495
f 626/500/496 85/558/496 625/499/496
f 625/499/497 84/559/497 624/498/497
f 624/498/498 4/258/498 54/257/498
f 609/483/499 54/257/499 55/256/499
f 594/468/500 55/256/500 56/255/500
f 579/453/501 56/255/501 57/254/501
f 564/438/502 57/254/502 58/253/502
f 549/423/503 58/253/503 59/252/503
f 534/408/504 59/252/504 60/251/504
f 519/394/505 60/251/505 61/560/505
f 62/249/506 519/394/506 61/560/506
f 63/248/507 504/379/507 62/249/507
f 64/247/508 489/364/508 63/248/508
f 65/246/509 474/349/509 64/247/509
f 66/245/510 459/334/510 65/246/510
f 67/244/511 444/319/511 66/245/511
f 68/243/512 429/291/512 67/244/512
f 639/561/513 655/562/513 654/563/513
f 640/564/514 656/565/514 655/562/514
f 641/566/515 657/567/515 656/565/515
f 642/568/516 658/569/516 657/567/516
f 643/570/517 659/571/517 658/569/517
f 644/572/518 660/573/518 659/571/518
f 645/574/519 661/575/519 660/573/519
f 647/576/520 661/575/520 646/577/520
f 648/578/521 662/579/521 647/576/521
f 649/580/522 663/581/522 648/578/522
f 650/582/523 664/583/523 649/580/523
f 651/584/524 665/585/524 650/582/524
f 652/586/525 666/587/525 651/584/525
f 653/588/526 667/589/526 652/586/526
f 654/563/527 670/590/527 669/591/527
f 655/562/528 671/592/528 670/590/528
f 656/565/529 672/593/529 671/592/529
f 657/567/530 673/594/530 672/593/530
f 658/569/531 674/595/531 673/594/531
f 659/571/532 675/596/532 674/595/532
f 660/573/533 676/597/533 675/596/533
f 662/579/534 676/597/534 661/575/534
f 663/581/535 677/598/535 662/579/535
f 664/583/536 678/599/536 663/581/536
f 665/585/537 679/600/537 664/583/537
f 666/587/538 680/601/538 665/585/538
f 667/589/539 681/602/539 666/587/539
f 668/603/540 682/604/540 667/589/540
f 669/591/541 685/605/541 684/606/541
f 670/590/542 686/607/542 685/605/542
f 671/592/543 687/608/543 686/607/543
f 672/593/544 688/609/544 687/608/544
f 673/594/545 689/610/545 688/609/545
f 674/595/546 690/611/546 689/610/546
f 675/596/547 691/612/547 690/611/547
f 677/598/548 691/612/548 676/597/548
f 678/599/549 692/613/549 677/598/549
f 679/600/550 693/614/550 678/599/550
f 680/601/551 694/615/551 679/600/551
f 681/602/552 695/616/552 680/601/552
f 682/604/553 696/617/553 681/602/553
f 683/618/554 697/619/554 682/604/554
f 684/606/555 700/620/555 699/621/555
f 685/605/556 701/622/556 700/620/556
f 686/607/557 702/623/557 701/622/557
f 687/608/558 703/624/558 702/623/558
f 688/609/559 704/625/559 703/624/559
f 689/610/560 705/626/560 704/625/560
f 690/611/561 706/627/561 705/626/561
f 692/613/562 706/627/562 691/612/562
f 693/614/563 707/628/563 692/613/563
f 694/615/564 708/629/564 693/614/564
f 695/616/565 709/630/565 694/615/565
f 696/617/566 710/631/566 695/616/566
f 697/619/567 711/632/567 696/617/567
f 698/633/568 712/634/568 697/619/568
f 699/621/569 715/635/569 714/636/569
f 700/620/570 716/637/570 715/635/570
f 701/622/571 717/638/571 716/637/571
f 702/623/572 718/639/572 717/638/572
f 703/624/573 719/640/573 718/639/573
f 704/625/574 720/641/574 719/640/574
f 705/626/575 721/642/575 720/641/575
f 707/628/576 721/642/576 706/627/576
f 708/629/577 722/643/577 707/628/577
f 709/630/578 723/644/578 708/629/578
f 710/631/579 724/645/579 709/630/579
f 711/632/580 725/646/580 710/631/580
f 712/634/581 726/647/581 711/632/581
f 713/648/582 727/649/582 712/634/582
f 714/636/583 730/650/583 729/651/583
f 715/635/584 731/652/584 730/650/584
f 716/637/585 732/653/585 731/652/585
f 717/638/586 733/654/586 732/653/586
f 718/639/587 734/655/587 733/654/587
f 719/640/588 735/656/588 734/655/588
f 720/641/589 736/657/589 735/656/589
f 722/643/590 736/657/590 721/642/590
f 723/644/591 737/658/591 722/643/591
f 724/645/592 738/659/592 723/644/592
f 725/646/593 739/660/593 724/645/593
f 726/647/594 740/661/594 725/646/594
f 727/649/595 741/662/595 726/647/595
f 728/663/596 742/664/596 727/649/596
f 729/651/597 745/665/597 744/666/597
f 730/650/598 746/667/598 745/665/598
f 731/652/599 747/668/599 746/667/599
f 732/653/600 748/669/600 747/668/600
f 733/654/601 749/670/601 748/669/601
f 734/655/602 750/671/602 749/670/602
f 735/656/603 751/672/603 750/671/603
f 737/658/604 751/672/604 736/657/604
f 738/659/605 752/673/605 737/658/605
f 739/660/606 753/674/606 738/659/606
f 740/661/607 754/675/607 739/660/607
f 741/662/608 755/676/608 740/661/608
f 742/664/609 756/677/609 741/662/609
f 743/678/610 757/679/610 742/664/610
f 745/665/611 759/680/611 744/666/611
f 746/667/612 760/681/612 745/665/612
f 747/668/613 761/682/613 746/667/613
f 748/669/614 762/683/614 747/668/614
f 749/670/615 763/684/615 748/669/615
f 750/671/616 764/685/616 749/670/616
f 751/672/617 765/686/617 750/671/617
f 751/672/618 767/687/618 766/688/618
f 752/673/619 768/689/619 767/687/619
f 753/674/620 769/690/620 768/689/620
f 754/675/621 770/691/621 769/690/621
f 755/676/622 771/692/622 770/691/622
f 756/677/623 772/693/623 771/692/623
f 757/679/624 773/694/624 772/693/624
f 760/681/625 774/695/625 759/680/625
f 761/682/626 775/696/626 760/681/626
f 762/683/627 776/697/627 761/682/627
f 763/684/628 777/698/628 762/683/628
f 764/685/629 778/699/629 763/684/629
f 765/686/630 779/700/630 764/685/630
f 766/688/631 780/701/631 765/686/631
f 766/688/632 782/702/632 781/703/632
f 767/687/633 783/704/633 782/702/633
f 768/689/634 784/705/634 783/704/634
f 769/690/635 785/706/635 784/705/635
f 770/691/636 786/707/636 785/706/636
f 771/692/637 787/708/637 786/707/637
f 772/693/638 788/709/638 787/708/638
f 775/696/639 789/710/639 774/695/639
f 776/697/640 790/711/640 775/696/640
f 777/698/641 791/712/641 776/697/641
f 778/699/642 792/713/642 777/698/642
f 779/700/643 793/714/643 778/699/643
f 780/701/644 794/715/644 779/700/644
f 781/703/645 795/716/645 780/701/645
f 781/703/646 797/717/646 796/718/646
f 782/702/647 798/719/647 797/717/647
f 783/704/648 799/720/648 798/719/648
f 784/705/649 800/721/649 799/720/649
f 785/706/650 801/722/650 800/721/650
f 786/707/651 802/723/651 801/722/651
f 787/708/652 803/724/652 802/723/652
f 790/711/653 804/725/653 789/710/653
f 791/712/654 805/726/654 790/711/654
f 792/713/655 806/727/655 791/712/655
f 793/714/656 807/728/656 792/713/656
f 794/715/657 808/729/657 793/714/657
f 795/716/658 809/730/658 794/715/658
f 796/718/659 810/731/659 795/716/659
f 796/718/660 812/732/660 811/733/660
f 797/717/661 813/734/661 812/732/661
f 798/719/662 814/735/662 813/734/662
f 799/720/663 815/736/663 814/735/663
f 800/721/664 816/737/664 815/736/664
f 801/722/665 817/738/665 816/737/665
f 802/723/666 818/739/666 817/738/666
f 805/726/667 819/740/667 804/725/667
f 806/727/668 820/741/668 805/726/668
f 807/728/669 821/742/669 806/727/669
f 808/729/670 822/743/670 807/728/670
f 809/730/671 823/744/671 808/729/671
f 810/731/672 824/745/672 809/730/672
f 811/733/673 825/746/673 810/731/673
f 811/733/674 827/747/674 826/748/674
f 812/732/675 828/749/675 827/747/675
f 813/734/676 829/750/676 828/749/676
f 814/735/677 830/751/677 829/750/677
f 815/736/678 831/752/678 830/751/678
f 816/737/679 832/753/679 831/752/679
f 817/738/680 833/754/680 832/753/680
f 820/741/681 834/755/681 819/740/681
f 821/742/682 835/756/682 820/741/682
f 822/743/683 836/757/683 821/742/683
f 823/744/684 837/758/684 822/743/684
f 824/745/685 838/759/685 823/744/685
f 825/746/686 839/760/686 824/745/686
f 826/748/687 840/761/687 825/746/687
f 826/748/688 842/762/688 841/763/688
f 827/747/689 843/764/689 842/762/689
f 828/749/690 844/765/690 843/764/690
f 829/750/691 845/766/691 844/765/691
f 830/751/692 846/767/692 845/766/692
f 831/752/693 847/768/693 846/767/693
f 832/753/694 848/769/694 847/768/694
f 835/756/695 849/770/695 834/755/695
f 836/757/696 850/771/696 835/756/696
f 837/758/697 851/772/697 836/757/697
f 838/759/698 852/773/698 837/758/698
f 839/760/699 853/774/699 838/759/699
f 840/761/700 854/775/700 839/760/700
f 841/763/701 855/776/701 840/761/701
f 841/763/702 857/777/702 856/778/702
f 842/762/703 858/779/703 857/777/703
f 843/764/704 859/780/704 858/779/704
f 844/765/705 860/781/705 859/780/705
f 845/766/706 861/782/706 860/781/706
f 846/767/707 862/783/707 861/782/707
f 847/768/708 863/784/708 862/783/708
f 7/528/709 639/561/709 113/529/709
f 128/785/710 640/564/710 639/561/710
f 127/786/711 641/566/711 640/564/711
f 126/787/712 642/568/712 641/566/712
f 125/788/713 643/570/713 642/568/713
f 124/789/714 644/572/714 643/570/714
f 123/790/715 645/574/715 644/572/715
f 122/791/716 646/577/716 645/574/716
f 120/792/717 646/577/717 121/793/717
f 119/794/718 647/576/718 120/792/718
f 118/795/719 648/578/719 119/794/719
f 117/796/720 649/580/720 118/795/720
f 116/797/721 650/582/721 117/796/721
f 115/798/722 651/584/722 116/797/722
f 114/799/723 652/586/723 115/798/723
f 5/800/724 653/588/724 114/799/724
f 158/801/725 668/603/725 653/588/725
f 157/802/726 683/618/726 668/603/726
f 156/803/727 698/633/727 683/618/727
f 155/804/728 713/648/728 698/633/728
f 154/805/729 728/663/729 713/648/729
f 153/806/730 743/678/730 728/663/730
f 152/807/731 758/808/731 743/678/731
f 758/808/732 150/809/732 773/694/732
f 773/694/733 149/810/733 788/709/733
f 788/709/734 148/811/734 803/724/734
f 803/724/735 147/812/735 818/739/735
f 818/739/736 146/813/736 833/754/736
f 833/754/737 145/814/737 848/769/737
f 848/769/738 144/815/738 863/784/738
f 863/784/739 6/816/739 143/817/739
f 862/783/740 143/817/740 142/818/740
f 861/782/741 142/818/741 141/819/741
f 860/781/742 141/819/742 140/820/742
f 859/780/743 140/820/743 139/821/743
f 858/779/744 139/821/744 138/822/744
f 857/777/745 138/822/745 137/823/745
f 856/778/746 137/823/746 136/824/746
f 856/778/747 135/825/747 855/776/747
f 855/776/748 134/826/748 854/775/748
f 854/775/749 133/827/749 853/774/749
f 853/774/750 132/828/750 852/773/750
f 852/773/751 131/829/751 851/772/751
f 851/772/752 130/830/752 850/771/752
f 850/771/753 129/831/753 849/770/753
f 849/770/754 8/544/754 99/543/754
f 834/755/755 99/543/755 100/542/755
f 819/740/756 100/542/756 101/541/756
f 804/725/757 101/541/757 102/540/757
f 789/710/758 102/540/758 103/539/758
f 774/695/759 103/539/759 104/538/759
f 759/680/760 104/538/760 105/537/760
f 744/666/761 105/537/761 106/832/761
f 107/535/762 744/666/762 106/832/762
f 108/534/763 729/651/763 107/535/763
f 109/533/764 714/636/764 108/534/764
f 110/532/765 699/621/765 109/533/765
f 111/531/766 684/606/766 110/532/766
f 112/530/767 669/591/767 111/531/767
f 113/529/768 654/563/768 112/530/768
f 864/833/769 880/834/769 879/835/769
f 865/836/770 881/837/770 880/834/770
f 866/838/771 882/839/771 881/837/771
f 867/840/772 883/841/772 882/839/772
f 868/842/773 884/843/773 883/841/773
f 869/844/774 885/845/774 884/843/774
f 870/846/775 886/847/775 885/845/775
f 872/848/776 886/847/776 871/849/776
f 873/850/777 887/851/777 872/848/777
f 874/852/778 888/853/778 873/850/778
f 875/854/779 889/855/779 874/852/779
f 876/856/780 890/857/780 875/854/780
f 877/858/781 891/859/781 876/856/781
f 878/860/782 892/861/782 877/858/782
f 879/835/783 895/862/783 894/863/783
f 880/834/784 896/864/784 895/862/784
f 881/837/785 897/865/785 896/864/785
f 882/839/786 898/866/786 897/865/786
f 883/841/787 899/867/787 898/866/787
f 884/843/788 900/868/788 899/867/788
f 885/845/789 901/869/789 900/868/789
f 887/851/790 901/869/790 886/847/790
f 888/853/791 902/870/791 887/851/791
f 889/855/792 903/871/792 888/853/792
f 890/857/793 904/872/793 889/855/793
f 891/859/794 905/873/794 890/857/794
f 892/861/795 906/874/795 891/859/795
f 893/875/796 907/876/796 892/861/796
f 894/863/797 910/877/797 909/878/797
f 895/862/798 911/879/798 910/877/798
f 896/864/799 912/880/799 911/879/799
f 897/865/800 913/881/800 912/880/800
f 898/866/801 914/882/801 913/881/801
f 899/867/802 915/883/802 914/882/802
f 900/868/803 916/884/803 915/883/803
f 902/870/804 916/884/804 901/869/804
f 903/871/805 917/885/805 902/870/805
f 904/872/806 918/886/806 903/871/806
f 905/873/807 919/887/807 904/872/807
f 906/874/808 920/888/808 905/873/808
f 907/876/809 921/889/809 906/874/809
f 908/890/810 922/891/810 907/876/810
f 909/878/811 925/892/811 924/893/811
f 910/877/812 926/894/812 925/892/812
f 911/879/813 927/895/813 926/894/813
f 912/880/814 928/896/814 927/895/814
f 913/881/815 929/897/815 928/896/815
f 914/882/816 930/898/816 929/897/816
f 915/883/817 931/899/817 930/898/817
f 917/885/818 931/899/818 916/884/818
f 918/886/819 932/900/819 917/885/819
f 919/887/820 933/901/820 918/886/820
f 920/888/821 934/902/821 919/887/821
f 921/889/822 935/903/822 920/888/822
f 922/891/823 936/904/823 921/889/823
f 923/905/824 937/906/824 922/891/824
f 924/893/825 940/907/825 939/908/825
f 925/892/826 941/909/826 940/907/826
f 926/894/827 942/910/827 941/909/827
f 927/895/828 943/911/828 942/910/828
f 928/896/829 944/912/829 943/911/829
f 929/897/830 945/913/830 944/912/830
f 930/898/831 946/914/831 945/913/831
f 932/900/832 946/914/832 931/899/832
f 933/901/833 947/915/833 932/900/833
f 934/902/834 948/916/834 933/901/834
f 935/903/835 949/917/835 934/902/835
f 936/904/836 950/918/836 935/903/836
f 937/906/837 951/919/837 936/904/837
f 938/920/838 952/921/838 937/906/838
f 939/908/839 955/922/839 954/923/839
f 940/907/840 956/924/840 955/922/840
f 941/909/841 957/925/841 956/924/841
f 942/910/842 958/926/842 957/925/842
f 943/911/843 959/927/843 958/926/843
f 944/912/844 960/928/844 959/927/844
f 945/913/845 961/929/845 960/928/845
f 947/915/846 961/929/846 946/914/846
f 948/916/847 962/930/847 947/915/847
f 949/917/848 963/931/848 948/916/848
f 950/918/849 964/932/849 949/917/849
f 951/919/850 965/933/850 950/918/850
f 952/921/851 966/934/851 951/919/851
f 953/935/852 967/936/852 952/921/852
f 954/923/853 970/937/853 969/938/853
f 955/922/854 971/939/854 970/937/854
f 956/924/855 972/940/855 971/939/855
f 957/925/856 973/941/856 972/940/856
f 958/926/857 974/942/857 973/941/857
f 959/927/858 975/943/858 974/942/858
f 960/928/859 976/944/859 975/943/859
f 962/930/860 976/944/860 961/929/860
f 963/931/861 977/945/861 962/930/861
f 964/932/862 978/946/862 963/931/862
f 965/933/863 979/947/863 964/932/863
f 966/934/864 980/948/864 965/933/864
f 967/936/865 981/949/865 966/934/865
f 968/950/866 982/951/866 967/936/866
f 970/937/867 984/952/867 969/938/867
f 971/939/868 985/953/868 970/937/868
f 972/940/869 986/954/869 971/939/869
f 973/941/870 987/955/870 972/940/870
f 974/942/871 988/956/871 973/941/871
f 975/943/872 989/957/872 974/942/872
f 976/944/873 990/958/873 975/943/873
f 976/944/874 992/959/874 991/960/874
f 977/945/875 993/961/875 992/959/875
f 978/946/876 994/962/876 993/961/876
f 979/947/877 995/963/877 994/962/877
f 980/948/878 996/964/878 995/963/878
f 981/949/879 997/965/879 996/964/879
f 982/951/880 998/966/880 997/965/880
f 985/953/881 999/967/881 984/952/881
f 986/954/882 1000/968/882 985/953/882
f 987/955/883 1001/969/883 986/954/883
f 988/956/884 1002/970/884 987/955/884
f 989/957/885 1003/971/885 988/956/885
f 990/958/886 1004/972/886 989/957/886
f 991/960/887 1005/973/887 990/958/887
f 991/960/888 1007/974/888 1006/975/888
f 992/959/889 1008/976/889 1007/974/889
f 993/961/890 1009/977/890 1008/976/890
f 994/962/891 1010/978/891 1009/977/891
f 995/963/892 1011/979/892 1010/978/892
f 996/964/893 1012/980/893 1011/979/893
f 997/965/894 1013/981/894 1012/980/894
f 1000/968/895 1014/982/895 999/967/895
f 1001/969/896 1015/983/896 1000/968/896
f 1002/970/897 1016/984/897 1001/969/897
f 1003/971/898 1017/985/898 1002/970/898
f 1004/972/899 1018/986/899 1003/971/899
f 1005/973/900 1019/987/900 1004/972/900
f 1006/975/901 1020/988/901 1005/973/901
f 1006/975/902 1022/989/902 1021/990/902
f 1007/974/903 1023/991/903 1022/989/903
f 1008/976/904 1024/992/904 1023/991/904
f 1009/977/905 1025/993/905 1024/992/905
f 1010/978/906 1026/994/906 1025/993/906
f 1011/979/907 1027/995/907 1026/994/907
f 1012/980/908 1028/996/908 1027/995/908
f 1015/983/909 1029/997/909 1014/982/909
f 1016/984/910 1030/998/910 1015/983/910
f 1017/985/911 1031/999/911 1016/984/911
f 1018/986/912 1032/1000/912 1017/985/912
f 1019/987/913 1033/1001/913 1018/986/913
f 1020/988/914 1034/1002/914 1019/987/914
f 1021/990/915 1035/1003/915 1020/988/915
f 1021/990/916 1037/1004/916 1036/1005/916
f 1022/989/917 1038/1006/917 1037/1004/917
f 1023/991/918 1039/1007/918 1038/1006/918
f 1024/992/919 1040/1008/919 1039/1007/919
f 1025/993/920 1041/1009/920 1040/1008/920
f 1026/994/921 1042/1010/921 1041/1009/921
f 1027/995/922 1043/1011/922 1042/1010/922
f 1030/998/923 1044/1012/923 1029/997/923
f 1031/999/924 1045/1013/924 1030/998/924
f 1032/1000/925 1046/1014/925 1031/999/925
f 1033/1001/926 1047/1015/926 1032/1000/926
f 1034/1002/927 1048/1016/927 1033/1001/927
f 1035/1003/928 1049/1017/928 1034/1002/928
f 1036/1005/929 1050/1018/929 1035/1003/929
f 1036/1005/930 1052/1019/930 1051/1020/930
f 1037/1004/931 1053/1021/931 1052/1019/931
f 1038/1006/932 1054/1022/932 1053/1021/932
f 1039/1007/933 1055/1023/933 1054/1022/933
f 1040/1008/934 1056/1024/934 1055/1023/934
f 1041/1009/935 1057/1025/935 1056/1024/935
f 1042/1010/936 1058/1026/936 1057/1025/936
f 1045/1013/937 1059/1027/937 1044/1012/937
f 1046/1014/938 1060/1028/938 1045/1013/938
f 1047/1015/939 1061/1029/939 1046/1014/939
f 1048/1016/940 1062/1030/940 1047/1015/940
f 1049/1017/941 1063/1031/941 1048/1016/941
f 1050/1018/942 1064/1032/942 1049/1017/942
f 1051/1020/943 1065/1033/943 1050/1018/943
f 1051/1020/944 1067/1034/944 1066/1035/944
f 1052/1019/945 1068/1036/945 1067/1034/945
f 1053/1021/946 1069/1037/946 1068/1036/946
f 1054/1022/947 1070/1038/947 1069/1037/947
f 1055/1023/948 1071/1039/948 1070/1038/948
f 1056/1024/949 1072/1040/949 1071/1039/949
f 1057/1025/950 1073/1041/950 1072/1040/950
f 1060/1028/951 1074/1042/951 1059/1027/951
f 1061/1029/952 1075/1043/952 1060/1028/952
f 1062/1030/953 1076/1044/953 1061/1029/953
f 1063/1031/954 1077/1045/954 1062/1030/954
f 1064/1032/955 1078/1046/955 1063/1031/955
f 1065/1033/956 1079/1047/956 1064/1032/956
f 1066/1035/957 1080/1048/957 1065/1033/957
f 1066/1035/958 1082/1049/958 1081/1050/958
f 1067/1034/959 1083/1051/959 1082/1049/959
f 1068/1036/960 1084/1052/960 1083/1051/960
f 1069/1037/961 1085/1053/961 1084/1052/961
f 1070/1038/962 1086/1054/962 1085/1053/962
f 1071/1039/963 1087/1055/963 1086/1054/963
f 1072/1040/964 1088/1056/964 1087/1055/964
f 5/800/965 864/833/965 158/801/965
f 173/1057/966 865/836/966 864/833/966
f 172/1058/967 866/838/967 865/836/967
f 171/1059/968 867/840/968 866/838/968
f 170/1060/969 868/842/969 867/840/969
f 169/1061/970 869/844/970 868/842/970
f 168/1062/971 870/846/971 869/844/971
f 167/1063/972 871/849/972 870/846/972
f 165/1064/973 871/849/973 166/1065/973
f 164/1066/974 872/848/974 165/1064/974
f 163/1067/975 873/850/975 164/1066/975
f 162/1068/976 874/852/976 163/1067/976
f 161/1069/977 875/854/977 162/1068/977
f 160/1070/978 876/856/978 161/1069/978
f 159/1071/979 877/858/979 160/1070/979
f 1/1072/980 878/860/980 159/1071/980
f 24/1073/981 893/875/981 878/860/981
f 25/1074/982 908/890/982 893/875/982
f 26/1075/983 923/905/983 908/890/983
f 27/1076/984 938/920/984 923/905/984
f 28/1077/985 953/935/985 938/920/985
f 29/1078/986 968/950/986 953/935/986
f 30/1079/987 983/1080/987 968/950/987
f 983/1080/988 32/1081/988 998/966/988
f 998/966/989 33/1082/989 1013/981/989
f 1013/981/990 34/1083/990 1028/996/990
f 1028/996/991 35/1084/991 1043/1011/991
f 1043/1011/992 36/1085/992 1058/1026/992
f 1058/1026/993 37/1086/993 1073/1041/993
f 1073/1041/994 38/1087/994 1088/1056/994
f 1088/1056/995 2/1088/995 188/1089/995
f 1087/1055/996 188/1089/996 187/1090/996
f 1086/1054/997 187/1090/997 186/1091/997
f 1085/1053/998 186/1091/998 185/1092/998
f 1084/1052/999 185/1092/999 184/1093/999
f 1083/1051/1000 184/1093/1000 183/1094/1000
f 1082/1049/1001 183/1094/1001 182/1095/1001
f 1081/1050/1002 182/1095/1002 181/1096/1002
f 1081/1050/1003 180/1097/1003 1080/1048/1003
f 1080/1048/1004 179/1098/1004 1079/1047/1004
f 1079/1047/1005 178/1099/1005 1078/1046/1005
f 1078/1046/1006 177/1100/1006 1077/1045/1006
f 1077/1045/1007 176/1101/1007 1076/1044/1007
f 1076/1044/1008 175/1102/1008 1075/1043/1008
f 1075/1043/1009 174/1103/1009 1074/1042/1009
f 1074/1042/1010 6/816/1010 144/815/1010
f 1059/1027/1011 144/815/1011 145/814/1011
f 1044/1012/1012 145/814/1012 146/813/1012
f 1029/997/1013 146/813/1013 147/812/1013
f 1014/982/1014 147/812/1014 148/811/1014
f 999/967/1015 148/811/1015 149/810/1015
f 984/952/1016 149/810/1016 150/809/1016
f 969/938/1017 150/809/1017 151/1104/1017
f 152/807/1018 969/938/1018 151/1104/1018
f 153/806/1019 954/923/1019 152/807/1019
f 154/805/1020 939/908/1020 153/806/1020
f 155/804/1021 924/893/1021 154/805/1021
f 156/803/1022 909/878/1022 155/804/1022
f 157/802/1023 894/863/1023 156/803/1023
f 158/801/1024 879/835/1024 157/802/1024
f 1089/1105/1025 1105/1106/1025 1104/1107/1025
f 1090/1108/1026 1106/1109/1026 1105/1106/1026
f 1091/1110/1027 1107/1111/1027 1106/1109/1027
f 1092/1112/1028 1108/1113/1028 1107/1111/1028
f 1093/1114/1029 1109/1115/1029 1108/1113/1029
f 1094/1116/1030 1110/1117/1030 1109/1115/1030
f 1095/1118/1031 1111/1119/1031 1110/1117/1031
f 1097/1120/1032 1111/1119/1032 1096/1121/1032
f 1098/1122/1033 1112/1123/1033 1097/1120/1033
f 1099/1124/1034 1113/1125/1034 1098/1122/1034
f 1100/1126/1035 1114/1127/1035 1099/1124/1035
f 1101/1128/1036 1115/1129/1036 1100/1126/1036
f 1102/1130/1037 1116/1131/1037 1101/1128/1037
f 1103/1132/1038 1117/1133/1038 1102/1130/1038
f 1104/1107/1039 1120/1134/1039 1119/1135/1039
f 1105/1106/1040 1121/1136/1040 1120/1134/1040
f 1106/1109/1041 1122/1137/1041 1121/1136/1041
f 1107/1111/1042 1123/1138/1042 1122/1137/1042
f 1108/1113/1043 1124/1139/1043 1123/1138/1043
f 1109/1115/1044 1125/1140/1044 1124/1139/1044
f 1110/1117/1045 1126/1141/1045 1125/1140/1045
f 1112/1123/1046 1126/1141/1046 1111/1119/1046
f 1113/1125/1047 1127/1142/1047 1112/1123/1047
f 1114/1127/1048 1128/1143/1048 1113/1125/1048
f 1115/1129/1049 1129/1144/1049 1114/1127/1049
f 1116/1131/1050 1130/1145/1050 1115/1129/1050
f 1117/1133/1051 1131/1146/1051 1116/1131/1051
f 1118/1147/1052 1132/1148/1052 1117/1133/1052
f 1119/1135/1053 1135/1149/1053 1134/1150/1053
f 1120/1134/1054 1136/1151/1054 1135/1149/1054
f 1121/1136/1055 1137/1152/1055 1136/1151/1055
f 1122/1137/1056 1138/1153/1056 1137/1152/1056
f 1123/1138/1057 1139/1154/1057 1138/1153/1057
f 1124/1139/1058 1140/1155/1058 1139/1154/1058
f 1125/1140/1059 1141/1156/1059 1140/1155/1059
f 1127/1142/1060 1141/1156/1060 1126/1141/1060
f 1128/1143/1061 1142/1157/1061 1127/1142/1061
f 1129/1144/1062 1143/1158/1062 1128/1143/1062
f 1130/1145/1063 1144/1159/1063 1129/1144/1063
f 1131/1146/1064 1145/1160/1064 1130/1145/1064
f 1132/1148/1065 1146/1161/1065 1131/1146/1065
f 1133/1162/1066 1147/1163/1066 1132/1148/1066
f 1134/1150/1067 1150/1164/1067 1149/1165/1067
f 1135/1149/1068 1151/1166/1068 1150/1164/1068
f 1136/1151/1069 1152/1167/1069 1151/1166/1069
f 1137/1152/1070 1153/1168/1070 1152/1167/1070
f 1138/1153/1071 1154/1169/1071 1153/1168/1071
f 1139/1154/1072 1155/1170/1072 1154/1169/1072
f 1140/1155/1073 1156/1171/1073 1155/1170/1073
f 1142/1157/1074 1156/1171/1074 1141/1156/1074
f 1143/1158/1075 1157/1172/1075 1142/1157/1075
f 1144/1159/1076 1158/1173/1076 1143/1158/1076
f 1145/1160/1077 1159/1174/1077 1144/1159/1077
f 1146/1161/1078 1160/1175/1078 1145/1160/1078
f 1147/1163/1079 1161/1176/1079 1146/1161/1079
f 1148/1177/1080 1162/1178/1080 1147/1163/1080
f 1149/1165/1081 1165/1179/1081 1164/1180/1081
f 1150/1164/1082 1166/1181/1082 1165/1179/1082
f 1151/1166/1083 1167/1182/1083 1166/1181/1083
f 1152/1167/1084 1168/1183/1084 1167/1182/1084
f 1153/1168/1085 1169/1184/1085 1168/1183/1085
f 1154/1169/1086 1170/1185/1086 1169/1184/1086
f 1155/1170/1087 1171/1186/1087 1170/1185/1087
f 1157/1172/1088 1171/1186/1088 1156/1171/1088
f 1158/1173/1089 1172/1187/1089 1157/1172/1089
f 1159/1174/1090 1173/1188/1090 1158/1173/1090
f 1160/1175/1091 1174/1189/1091 1159/1174/1091
f 1161/1176/1092 1175/1190/1092 1160/1175/1092
f 1162/1178/1093 1176/1191/1093 1161/1176/1093
f 1163/1192/1094 1177/1193/1094 1162/1178/1094
f 1164/1180/1095 1180/1194/1095 1179/1195/1095
f 1165/1179/1096 1181/1196/1096 1180/1194/1096
f 1166/1181/1097 1182/1197/1097 1181/1196/1097
f 1167/1182/1098 1183/1198/1098 1182/1197/1098
f 1168/1183/1099 1184/1199/1099 1183/1198/1099
f 1169/1184/1100 1185/1200/1100 1184/1199/1100
f 1170/1185/1101 1186/1201/1101 1185/1200/1101
f 1172/1187/1102 1186/1201/1102 1171/1186/1102
f 1173/1188/1103 1187/1202/1103 1172/1187/1103
f 1174/1189/1104 1188/1203/1104 1173/1188/1104
f 1175/1190/1105 1189/1204/1105 1174/1189/1105
f 1176/1191/1106 1190/1205/1106 1175/1190/1106
f 1177/1193/1107 1191/1206/1107 1176/1191/1107
f 1178/1207/1108 1192/1208/1108 1177/1193/1108
f 1179/1195/1109 1195/1209/1109 1194/1210/1109
f 1180/1194/1110 1196/1211/1110 1195/1209/1110
f 1181/1196/1111 1197/1212/1111 1196/1211/1111
f 1182/1197/1112 1198/1213/1112 1197/1212/1112
f 1183/1198/1113 1199/1214/1113 1198/1213/1113
f 1184/1199/1114 1200/1215/1114 1199/1214/1114
f 1185/1200/1115 1201/1216/1115 1200/1215/1115
f 1187/1202/1116 1201/1216/1116 1186/1201/1116
f 1188/1203/1117 1202/1217/1117 1187/1202/1117
f 1189/1204/1118 1203/1218/1118 1188/1203/1118
f 1190/1205/1119 1204/1219/1119 1189/1204/1119
f 1191/1206/1120 1205/1220/1120 1190/1205/1120
f 1192/1208/1121 1206/1221/1121 1191/1206/1121
f 1193/1222/1122 1207/1223/1122 1192/1208/1122
f 1195/1209/1123 1209/1224/1123 1194/1210/1123
f 1196/1211/1124 1210/1225/1124 1195/1209/1124
f 1197/1212/1125 1211/1226/1125 1196/1211/1125
f 1198/1213/1126 1212/1227/1126 1197/1212/1126
f 1199/1214/1127 1213/1228/1127 1198/1213/1127
f 1200/1215/1128 1214/1229/1128 1199/1214/1128
f 1201/1216/1129 1215/1230/1129 1200/1215/1129
f 1201/1216/1130 1217/1231/1130 1216/1232/1130
f 1202/1217/1131 1218/1233/1131 1217/1231/1131
f 1203/1218/1132 1219/1234/1132 1218/1233/1132
f 1204/1219/1133 1220/1235/1133 1219/1234/1133
f 1205/1220/1134 1221/1236/1134 1220/1235/1134
f 1206/1221/1135 1222/1237/1135 1221/1236/1135
f 1207/1223/1136 1223/1238/1136 1222/1237/1136
f 1210/1225/1137 1224/1239/1137 1209/1224/1137
f 1211/1226/1138 1225/1240/1138 1210/1225/1138
f 1212/1227/1139 1226/1241/1139 1211/1226/1139
f 1213/1228/1140 1227/1242/1140 1212/1227/1140
f 1214/1229/1141 1228/1243/1141 1213/1228/1141
f 1215/1230/1142 1229/1244/1142 1214/1229/1142
f 1216/1232/1143 1230/1245/1143 1215/1230/1143
f 1216/1232/1144 1232/1246/1144 1231/1247/1144
f 1217/1231/1145 1233/1248/1145 1232/1246/1145
f 1218/1233/1146 1234/1249/1146 1233/1248/1146
f 1219/1234/1147 1235/1250/1147 1234/1249/1147
f 1220/1235/1148 1236/1251/1148 1235/1250/1148
f 1221/1236/1149 1237/1252/1149 1236/1251/1149
f 1222/1237/1150 1238/1253/1150 1237/1252/1150
f 1225/1240/1151 1239/1254/1151 1224/1239/1151
f 1226/1241/1152 1240/1255/1152 1225/1240/1152
f 1227/1242/1153 1241/1256/1153 1226/1241/1153
f 1228/1243/1154 1242/1257/1154 1227/1242/1154
f 1229/1244/1155 1243/1258/1155 1228/1243/1155
f 1230/1245/1156 1244/1259/1156 1229/1244/1156
f 1231/1247/1157 1245/1260/1157 1230/1245/1157
f 1231/1247/1158 1247/1261/1158 1246/1262/1158
f 1232/1246/1159 1248/1263/1159 1247/1261/1159
f 1233/1248/1160 1249/1264/1160 1248/1263/1160
f 1234/1249/1161 1250/1265/1161 1249/1264/1161
f 1235/1250/1162 1251/1266/1162 1250/1265/1162
f 1236/1251/1163 1252/1267/1163 1251/1266/1163
f 1237/1252/1164 1253/1268/1164 1252/1267/1164
f 1240/1255/1165 1254/1269/1165 1239/1254/1165
f 1241/1256/1166 1255/1270/1166 1240/1255/1166
f 1242/1257/1167 1256/1271/1167 1241/1256/1167
f 1243/1258/1168 1257/1272/1168 1242/1257/1168
f 1244/1259/1169 1258/1273/1169 1243/1258/1169
f 1245/1260/1170 1259/1274/1170 1244/1259/1170
f 1246/1262/1171 1260/1275/1171 1245/1260/1171
f 1246/1262/1172 1262/1276/1172 1261/1277/1172
f 1247/1261/1173 1263/1278/1173 1262/1276/1173
f 1248/1263/1174 1264/1279/1174 1263/1278/1174
f 1249/1264/1175 1265/1280/1175 1264/1279/1175
f 1250/1265/1176 1266/1281/1176 1265/1280/1176
f 1251/1266/1177 1267/1282/1177 1266/1281/1177
f 1252/1267/1178 1268/1283/1178 1267/1282/1178
f 1255/1270/1179 1269/1284/1179 1254/1269/1179
f 1256/1271/1180 1270/1285/1180 1255/1270/1180
f 1257/1272/1181 1271/1286/1181 1256/1271/1181
f 1258/1273/1182 1272/1287/1182 1257/1272/1182
f 1259/1274/1183 1273/1288/1183 1258/1273/1183
f 1260/1275/1184 1274/1289/1184 1259/1274/1184
f 1261/1277/1185 1275/1290/1185 1260/1275/1185
f 1261/1277/1186 1277/1291/1186 1276/1292/1186
f 1262/1276/1187 1278/1293/1187 1277/1291/1187
f 1263/1278/1188 1279/1294/1188 1278/1293/1188
f 1264/1279/1189 1280/1295/1189 1279/1294/1189
f 1265/1280/1190 1281/1296/1190 1280/1295/1190
f 1266/1281/1191 1282/1297/1191 1281/1296/1191
f 1267/1282/1192 1283/1298/1192 1282/1297/1192
f 1270/1285/1193 1284/1299/1193 1269/1284/1193
f 1271/1286/1194 1285/1300/1194 1270/1285/1194
f 1272/1287/1195 1286/1301/1195 1271/1286/1195
f 1273/1288/1196 1287/1302/1196 1272/1287/1196
f 1274/1289/1197 1288/1303/1197 1273/1288/1197
f 1275/1290/1198 1289/1304/1198 1274/1289/1198
f 1276/1292/1199 1290/1305/1199 1275/1290/1199
f 1276/1292/1200 1292/1306/1200 1291/1307/1200
f 1277/1291/1201 1293/1308/1201 1292/1306/1201
f 1278/1293/1202 1294/1309/1202 1293/1308/1202
f 1279/1294/1203 1295/1310/1203 1294/1309/1203
f 1280/1295/1204 1296/1311/1204 1295/1310/1204
f 1281/1296/1205 1297/1312/1205 1296/1311/1205
f 1282/1297/1206 1298/1313/1206 1297/1312/1206
f 1285/1300/1207 1299/1314/1207 1284/1299/1207
f 1286/1301/1208 1300/1315/1208 1285/1300/1208
f 1287/1302/1209 1301/1316/1209 1286/1301/1209
f 1288/1303/1210 1302/1317/1210 1287/1302/1210
f 1289/1304/1211 1303/1318/1211 1288/1303/1211
f 1290/1305/1212 1304/1319/1212 1289/1304/1212
f 1291/1307/1213 1305/1320/1213 1290/1305/1213
f 1291/1307/1214 1307/1321/1214 1306/1322/1214
f 1292/1306/1215 1308/1323/1215 1307/1321/1215
f 1293/1308/1216 1309/1324/1216 1308/1323/1216
f 1294/1309/1217 1310/1325/1217 1309/1324/1217
f 1295/1310/1218 1311/1326/1218 1310/1325/1218
f 1296/1311/1219 1312/1327/1219 1311/1326/1219
f 1297/1312/1220 1313/1328/1220 1312/1327/1220
f 3/1329/1221 1089/1105/1221 83/1330/1221
f 9/1331/1222 1090/1108/1222 1089/1105/1222
f 10/1332/1223 1091/1110/1223 1090/1108/1223
f 11/1333/1224 1092/1112/1224 1091/1110/1224
f 12/1334/1225 1093/1114/1225 1092/1112/1225
f 13/1335/1226 1094/1116/1226 1093/1114/1226
f 14/1336/1227 1095/1118/1227 1094/1116/1227
f 15/1337/1228 1096/1121/1228 1095/1118/1228
f 17/1338/1229 1096/1121/1229 16/1339/1229
f 18/1340/1230 1097/1120/1230 17/1338/1230
f 19/1341/1231 1098/1122/1231 18/1340/1231
f 20/1342/1232 1099/1124/1232 19/1341/1232
f 21/1343/1233 1100/1126/1233 20/1342/1233
f 22/1344/1234 1101/1128/1234 21/1343/1234
f 23/1345/1235 1102/1130/1235 22/1344/1235
f 1/1346/1236 1103/1132/1236 23/1345/1236
f 159/1347/1237 1118/1147/1237 1103/1132/1237
f 160/1348/1238 1133/1162/1238 1118/1147/1238
f 161/1349/1239 1148/1177/1239 1133/1162/1239
f 162/1350/1240 1163/1192/1240 1148/1177/1240
f 163/1351/1241 1178/1207/1241 1163/1192/1241
f 164/1352/1242 1193/1222/1242 1178/1207/1242
f 165/1353/1243 1208/1354/1243 1193/1222/1243
f 1208/1354/1244 167/1355/1244 1223/1238/1244
f 1223/1238/1245 168/1356/1245 1238/1253/1245
f 1238/1253/1246 169/1357/1246 1253/1268/1246
f 1253/1268/1247 170/1358/1247 1268/1283/1247
f 1268/1283/1248 171/1359/1248 1283/1298/1248
f 1283/1298/1249 172/1360/1249 1298/1313/1249
f 1298/1313/1250 173/1361/1250 1313/1328/1250
f 1313/1328/1251 5/800/1251 114/799/1251
f 1312/1327/1252 114/799/1252 115/798/1252
f 1311/1326/1253 115/798/1253 116/797/1253
f 1310/1325/1254 116/797/1254 117/796/1254
f 1309/1324/1255 117/796/1255 118/795/1255
f 1308/1323/1256 118/795/1256 119/794/1256
f 1307/1321/1257 119/794/1257 120/792/1257
f 1306/1322/1258 120/792/1258 121/793/1258
f 1306/1322/1259 122/791/1259 1305/1320/1259
f 1305/1320/1260 123/790/1260 1304/1319/1260
f 1304/1319/1261 124/789/1261 1303/1318/1261
f 1303/1318/1262 125/788/1262 1302/1317/1262
f 1302/1317/1263 126/787/1263 1301/1316/1263
f 1301/1316/1264 127/786/1264 1300/1315/1264
f 1300/1315/1265 128/785/1265 1299/1314/1265
f 1299/1314/1266 7/528/1266 69/1362/1266
f 1284/1299/1267 69/1362/1267 70/1363/1267
f 1269/1284/1268 70/1363/1268 71/1364/1268
f 1254/1269/1269 71/1364/1269 72/1365/1269
f 1239/1254/1270 72/1365/1270 73/1366/1270
f 1224/1239/1271 73/1366/1271 74/1367/1271
f 1209/1224/1272 74/1367/1272 75/1368/1272
f 1194/1210/1273 75/1368/1273 76/1369/1273
f 77/1370/1274 1194/1210/1274 76/1369/1274
f 78/1371/1275 1179/1195/1275 77/1370/1275
f 79/1372/1276 1164/1180/1276 78/1371/1276
f 80/1373/1277 1149/1165/1277 79/1372/1277
f 81/1374/1278 1134/1150/1278 80/1373/1278
f 82/1375/1279 1119/1135/1279 81/1374/1279
f 83/1330/1280 1104/1107/1280 82/1375/1280
f 1314/1376/1281 1330/1377/1281 1329/1378/1281
f 1315/1379/1282 1331/1380/1282 1330/1377/1282
f 1316/1381/1283 1332/1382/1283 1331/1380/1283
f 1317/1383/1284 1333/1384/1284 1332/1382/1284
f 1318/1385/1285 1334/1386/1285 1333/1384/1285
f 1319/1387/1286 1335/1388/1286 1334/1386/1286
f 1320/1389/1287 1336/1390/1287 1335/1388/1287
f 1322/1391/1288 1336/1390/1288 1321/1392/1288
f 1323/1393/1289 1337/1394/1289 1322/1391/1289
f 1324/1395/1290 1338/1396/1290 1323/1393/1290
f 1325/1397/1291 1339/1398/1291 1324/1395/1291
f 1326/1399/1292 1340/1400/1292 1325/1397/1292
f 1327/1401/1293 1341/1402/1293 1326/1399/1293
f 1328/1403/1294 1342/1404/1294 1327/1401/1294
f 1329/1378/1295 1345/1405/1295 1344/1406/1295
f 1330/1377/1296 1346/1407/1296 1345/1405/1296
f 1331/1380/1297 1347/1408/1297 1346/1407/1297
f 1332/1382/1298 1348/1409/1298 1347/1408/1298
f 1333/1384/1299 1349/1410/1299 1348/1409/1299
f 1334/1386/1300 1350/1411/1300 1349/1410/1300
f 1335/1388/1301 1351/1412/1301 1350/1411/1301
f 1337/1394/1302 1351/1412/1302 1336/1390/1302
f 1338/1396/1303 1352/1413/1303 1337/1394/1303
f 1339/1398/1304 1353/1414/1304 1338/1396/1304
f 1340/1400/1305 1354/1415/1305 1339/1398/1305
f 1341/1402/1306 1355/1416/1306 1340/1400/1306
f 1342/1404/1307 1356/1417/1307 1341/1402/1307
f 1343/1418/1308 1357/1419/1308 1342/1404/1308
f 1344/1406/1309 1360/1420/1309 1359/1421/1309
f 1345/1405/1310 1361/1422/1310 1360/1420/1310
f 1346/1407/1311 1362/1423/1311 1361/1422/1311
f 1347/1408/1312 1363/1424/1312 1362/1423/1312
f 1348/1409/1313 1364/1425/1313 1363/1424/1313
f 1349/1410/1314 1365/1426/1314 1364/1425/1314
f 1350/1411/1315 1366/1427/1315 1365/1426/1315
f 1352/1413/1316 1366/1427/1316 1351/1412/1316
f 1353/1414/1317 1367/1428/1317 1352/1413/1317
f 1354/1415/1318 1368/1429/1318 1353/1414/1318
f 1355/1416/1319 1369/1430/1319 1354/1415/1319
f 1356/1417/1320 1370/1431/1320 1355/1416/1320
f 1357/1419/1321 1371/1432/1321 1356/1417/1321
f 1358/1433/1322 1372/1434/1322 1357/1419/1322
f 1359/1421/1323 1375/1435/1323 1374/1436/1323
f 1360/1420/1324 1376/1437/1324 1375/1435/1324
f 1361/1422/1325 1377/1438/1325 1376/1437/1325
f 1362/1423/1326 1378/1439/1326 1377/1438/1326
f 1363/1424/1327 1379/1440/1327 1378/1439/1327
f 1364/1425/1328 1380/1441/1328 1379/1440/1328
f 1365/1426/1329 1381/1442/1329 1380/1441/1329
f 1367/1428/1330 1381/1442/1330 1366/1427/1330
f 1368/1429/1331 1382/1443/1331 1367/1428/1331
f 1369/1430/1332 1383/1444/1332 1368/1429/1332
f 1370/1431/1333 1384/1445/1333 1369/1430/1333
f 1371/1432/1334 1385/1446/1334 1370/1431/1334
f 1372/1434/1335 1386/1447/1335 1371/1432/1335
f 1373/1448/1336 1387/1449/1336 1372/1434/1336
f 1374/1436/1337 1390/1450/1337 1389/1451/1337
f 1375/1435/1338 1391/1452/1338 1390/1450/1338
f 1376/1437/1339 1392/1453/1339 1391/1452/1339
f 1377/1438/1340 1393/1454/1340 1392/1453/1340
f 1378/1439/1341 1394/1455/1341 1393/1454/1341
f 1379/1440/1342 1395/1456/1342 1394/1455/1342
f 1380/1441/1343 1396/1457/1343 1395/1456/1343
f 1382/1443/1344 1396/1457/1344 1381/1442/1344
f 1383/1444/1345 1397/1458/1345 1382/1443/1345
f 1384/1445/1346 1398/1459/1346 1383/1444/1346
f 1385/1446/1347 1399/1460/1347 1384/1445/1347
f 1386/1447/1348 1400/1461/1348 1385/1446/1348
f 1387/1449/1349 1401/1462/1349 1386/1447/1349
f 1388/1463/1350 1402/1464/1350 1387/1449/1350
f 1389/1451/1351 1405/1465/1351 1404/1466/1351
f 1390/1450/1352 1406/1467/1352 1405/1465/1352
f 1391/1452/1353 1407/1468/1353 1406/1467/1353
f 1392/1453/1354 1408/1469/1354 1407/1468/1354
f 1393/1454/1355 1409/1470/1355 1408/1469/1355
f 1394/1455/1356 1410/1471/1356 1409/1470/1356
f 1395/1456/1357 1411/1472/1357 1410/1471/1357
f 1397/1458/1358 1411/1472/1358 1396/1457/1358
f 1398/1459/1359 1412/1473/1359 1397/1458/1359
f 1399/1460/1360 1413/1474/1360 1398/1459/1360
f 1400/1461/1361 1414/1475/1361 1399/1460/1361
f 1401/1462/1362 1415/1476/1362 1400/1461/1362
f 1402/1464/1363 1416/1477/1363 1401/1462/1363
f 1403/1478/1364 1417/1479/1364 1402/1464/1364
f 1404/1466/1365 1420/1480/1365 1419/1481/1365
f 1405/1465/1366 1421/1482/1366 1420/1480/1366
f 1406/1467/1367 1422/1483/1367 1421/1482/1367
f 1407/1468/1368 1423/1484/1368 1422/1483/1368
f 1408/1469/1369 1424/1485/1369 1423/1484/1369
f 1409/1470/1370 1425/1486/1370 1424/1485/1370
f 1410/1471/1371 1426/1487/1371 1425/1486/1371
f 1412/1473/1372 1426/1487/1372 1411/1472/1372
f 1413/1474/1373 1427/1488/1373 1412/1473/1373
f 1414/1475/1374 1428/1489/1374 1413/1474/1374
f 1415/1476/1375 1429/1490/1375 1414/1475/1375
f 1416/1477/1376 1430/1491/1376 1415/1476/1376
f 1417/1479/1377 1431/1492/1377 1416/1477/1377
f 1418/1493/1378 1432/1494/1378 1417/1479/1378
f 1420/1480/1379 1434/1495/1379 1419/1481/1379
f 1421/1482/1380 1435/1496/1380 1420/1480/1380
f 1422/1483/1381 1436/1497/1381 1421/1482/1381
f 1423/1484/1382 1437/1498/1382 1422/1483/1382
f 1424/1485/1383 1438/1499/1383 1423/1484/1383
f 1425/1486/1384 1439/1500/1384 1424/1485/1384
f 1426/1487/1385 1440/1501/1385 1425/1486/1385
f 1426/1487/1386 1442/1502/1386 1441/1503/1386
f 1427/1488/1387 1443/1504/1387 1442/1502/1387
f 1428/1489/1388 1444/1505/1388 1443/1504/1388
f 1429/1490/1389 1445/1506/1389 1444/1505/1389
f 1430/1491/1390 1446/1507/1390 1445/1506/1390
f 1431/1492/1391 1447/1508/1391 1446/1507/1391
f 1432/1494/1392 1448/1509/1392 1447/1508/1392
f 1435/1496/1393 1449/1510/1393 1434/1495/1393
f 1436/1497/1394 1450/1511/1394 1435/1496/1394
f 1437/1498/1395 1451/1512/1395 1436/1497/1395
f 1438/1499/1396 1452/1513/1396 1437/1498/1396
f 1439/1500/1397 1453/1514/1397 1438/1499/1397
f 1440/1501/1398 1454/1515/1398 1439/1500/1398
f 1441/1503/1399 1455/1516/1399 1440/1501/1399
f 1441/1503/1400 1457/1517/1400 1456/1518/1400
f 1442/1502/1401 1458/1519/1401 1457/1517/1401
f 1443/1504/1402 1459/1520/1402 1458/1519/1402
f 1444/1505/1403 1460/1521/1403 1459/1520/1403
f 1445/1506/1404 1461/1522/1404 1460/1521/1404
f 1446/1507/1405 1462/1523/1405 1461/1522/1405
f 1447/1508/1406 1463/1524/1406 1462/1523/1406
f 1450/1511/1407 1464/1525/1407 1449/1510/1407
f 1451/1512/1408 1465/1526/1408 1450/1511/1408
f 1452/1513/1409 1466/1527/1409 1451/1512/1409
f 1453/1514/1410 1467/1528/1410 1452/1513/1410
f 1454/1515/1411 1468/1529/1411 1453/1514/1411
f 1455/1516/1412 1469/1530/1412 1454/1515/1412
f 1456/1518/1413 1470/1531/1413 1455/1516/1413
f 1456/1518/1414 1472/1532/1414 1471/1533/1414
f 1457/1517/1415 1473/1534/1415 1472/1532/1415
f 1458/1519/1416 1474/1535/1416 1473/1534/1416
f 1459/1520/1417 1475/1536/1417 1474/1535/1417
f 1460/1521/1418 1476/1537/1418 1475/1536/1418
f 1461/1522/1419 1477/1538/1419 1476/1537/1419
f 1462/1523/1420 1478/1539/1420 1477/1538/1420
f 1465/1526/1421 1479/1540/1421 1464/1525/1421
f 1466/1527/1422 1480/1541/1422 1465/1526/1422
f 1467/1528/1423 1481/1542/1423 1466/1527/1423
f 1468/1529/1424 1482/1543/1424 1467/1528/1424
f 1469/1530/1425 1483/1544/1425 1468/1529/1425
f 1470/1531/1426 1484/1545/1426 1469/1530/1426
f 1471/1533/1427 1485/1546/1427 1470/1531/1427
f 1471/1533/1428 1487/1547/1428 1486/1548/1428
f 1472/1532/1429 1488/1549/1429 1487/1547/1429
f 1473/1534/1430 1489/1550/1430 1488/1549/1430
f 1474/1535/1431 1490/1551/1431 1489/1550/1431
f 1475/1536/1432 1491/1552/1432 1490/1551/1432
f 1476/1537/1433 1492/1553/1433 1491/1552/1433
f 1477/1538/1434 1493/1554/1434 1492/1553/1434
f 1480/1541/1435 1494/1555/1435 1479/1540/1435
f 1481/1542/1436 1495/1556/1436 1480/1541/1436
f 1482/1543/1437 1496/1557/1437 1481/1542/1437
f 1483/1544/1438 1497/1558/1438 1482/1543/1438
f 1484/1545/1439 1498/1559/1439 1483/1544/1439
f 1485/1546/1440 1499/1560/1440 1484/1545/1440
f 1486/1548/1441 1500/1561/1441 1485/1546/1441
f 1486/1548/1442 1502/1562/1442 1501/1563/1442
f 1487/1547/1443 1503/1564/1443 1502/1562/1443
f 1488/1549/1444 1504/1565/1444 1503/1564/1444
f 1489/1550/1445 1505/1566/1445 1504/1565/1445
f 1490/1551/1446 1506/1567/1446 1505/1566/1446
f 1491/1552/1447 1507/1568/1447 1506/1567/1447
f 1492/1553/1448 1508/1569/1448 1507/1568/1448
f 1495/1556/1449 1509/1570/1449 1494/1555/1449
f 1496/1557/1450 1510/1571/1450 1495/1556/1450
f 1497/1558/1451 1511/1572/1451 1496/1557/1451
f 1498/1559/1452 1512/1573/1452 1497/1558/1452
f 1499/1560/1453 1513/1574/1453 1498/1559/1453
f 1500/1561/1454 1514/1575/1454 1499/1560/1454
f 1501/1563/1455 1515/1576/1455 1500/1561/1455
f 1501/1563/1456 1517/1577/1456 1516/1578/1456
f 1502/1562/1457 1518/1579/1457 1517/1577/1457
f 1503/1564/1458 1519/1580/1458 1518/1579/1458
f 1504/1565/1459 1520/1581/1459 1519/1580/1459
f 1505/1566/1460 1521/1582/1460 1520/1581/1460
f 1506/1567/1461 1522/1583/1461 1521/1582/1461
f 1507/1568/1462 1523/1584/1462 1522/1583/1462
f 1510/1571/1463 1524/1585/1463 1509/1570/1463
f 1511/1572/1464 1525/1586/1464 1510/1571/1464
f 1512/1573/1465 1526/1587/1465 1511/1572/1465
f 1513/1574/1466 1527/1588/1466 1512/1573/1466
f 1514/1575/1467 1528/1589/1467 1513/1574/1467
f 1515/1576/1468 1529/1590/1468 1514/1575/1468
f 1516/1578/1469 1530/1591/1469 1515/1576/1469
f 1516/1578/1470 1532/1592/1470 1531/1593/1470
f 1517/1577/1471 1533/1594/1471 1532/1592/1471
f 1518/1579/1472 1534/1595/1472 1533/1594/1472
f 1519/1580/1473 1535/1596/1473 1534/1595/1473
f 1520/1581/1474 1536/1597/1474 1535/1596/1474
f 1521/1582/1475 1537/1598/1475 1536/1597/1475
f 1522/1583/1476 1538/1599/1476 1537/1598/1476
f 8/544/1477 1314/1376/1477 98/1600/1477
f 129/831/1478 1315/1379/1478 1314/1376/1478
f 130/830/1479 1316/1381/1479 1315/1379/1479
f 131/829/1480 1317/1383/1480 1316/1381/1480
f 132/828/1481 1318/1385/1481 1317/1383/1481
f 133/827/1482 1319/1387/1482 1318/1385/1482
f 134/826/1483 1320/1389/1483 1319/1387/1483
f 135/825/1484 1321/1392/1484 1320/1389/1484
f 137/823/1485 1321/1392/1485 136/824/1485
f 138/822/1486 1322/1391/1486 137/823/1486
f 139/821/1487 1323/1393/1487 138/822/1487
f 140/820/1488 1324/1395/1488 139/821/1488
f 141/819/1489 1325/1397/1489 140/820/1489
f 142/818/1490 1326/1399/1490 141/819/1490
f 143/817/1491 1327/1401/1491 142/818/1491
f 6/816/1492 1328/1403/1492 143/817/1492
f 174/1601/1493 1343/1418/1493 1328/1403/1493
f 175/1602/1494 1358/1433/1494 1343/1418/1494
f 176/1603/1495 1373/1448/1495 1358/1433/1495
f 177/1604/1496 1388/1463/1496 1373/1448/1496
f 178/1605/1497 1403/1478/1497 1388/1463/1497
f 179/1606/1498 1418/1493/1498 1403/1478/1498
f 180/1607/1499 1433/1608/1499 1418/1493/1499
f 1433/1608/1500 182/1609/1500 1448/1509/1500
f 1448/1509/1501 183/1610/1501 1463/1524/1501
f 1463/1524/1502 184/1611/1502 1478/1539/1502
f 1478/1539/1503 185/1612/1503 1493/1554/1503
f 1493/1554/1504 186/1613/1504 1508/1569/1504
f 1508/1569/1505 187/1614/1505 1523/1584/1505
f 1523/1584/1506 188/1615/1506 1538/1599/1506
f 1538/1599/1507 2/1616/1507 39/1617/1507
f 1537/1598/1508 39/1617/1508 40/1618/1508
f 1536/1597/1509 40/1618/1509 41/1619/1509
f 1535/1596/1510 41/1619/1510 42/1620/1510
f 1534/1595/1511 42/1620/1511 43/1621/1511
f 1533/1594/1512 43/1621/1512 44/1622/1512
f 1532/1592/1513 44/1622/1513 45/1623/1513
f 1531/1593/1514 45/1623/1514 46/1624/1514
f 1531/1593/1515 47/1625/1515 1530/1591/1515
f 1530/1591/1516 48/1626/1516 1529/1590/1516
f 1529/1590/1517 49/1627/1517 1528/1589/1517
f 1528/1589/1518 50/1628/1518 1527/1588/1518
f 1527/1588/1519 51/1629/1519 1526/1587/1519
f 1526/1587/1520 52/1630/1520 1525/1586/1520
f 1525/1586/1521 53/1631/1521 1524/1585/1521
f 1524/1585/1522 4/1632/1522 84/1633/1522
f 1509/1570/1523 84/1633/1523 85/1634/1523
f 1494/1555/1524 85/1634/1524 86/1635/1524
f 1479/1540/1525 86/1635/1525 87/1636/1525
f 1464/1525/1526 87/1636/1526 88/1637/1526
f 1449/1510/1527 88/1637/1527 89/1638/1527
f 1434/1495/1528 89/1638/1528 90/1639/1528
f 1419/1481/1529 90/1639/1529 91/1640/1529
f 92/1641/1530 1419/1481/1530 91/1640/1530
f 93/1642/1531 1404/1466/1531 92/1641/1531
f 94/1643/1532 1389/1451/1532 93/1642/1532
f 95/1644/1533 1374/1436/1533 94/1643/1533
f 96/1645/1534 1359/1421/1534 95/1644/1534
f 97/1646/1535 1344/1406/1535 96/1645/1535
f 98/1600/1536 1329/1378/1536 97/1646/1536
f 189/1/1537 190/4/1537 205/2/1537
f 190/4/1538 191/6/1538 206/5/1538
f 191/6/1539 192/8/1539 207/7/1539
f 192/8/1540 193/10/1540 208/9/1540
f 193/10/1541 194/12/1541 209/11/1541
f 194/12/1542 195/14/1542 210/13/1542
f 195/14/1543 196/17/1543 211/15/1543
f 197/16/1544 212/19/1544 211/15/1544
f 198/18/1545 213/21/1545 212/19/1545
f 199/20/1546 214/23/1546 213/21/1546
f 200/22/1547 215/25/1547 214/23/1547
f 201/24/1548 216/27/1548 215/25/1548
f 202/26/1549 217/29/1549 216/27/1549
f 203/28/1550 218/43/1550 217/29/1550
f 204/3/1551 205/2/1551 220/30/1551
f 205/2/1552 206/5/1552 221/32/1552
f 206/5/1553 207/7/1553 222/33/1553
f 207/7/1554 208/9/1554 223/34/1554
f 208/9/1555 209/11/1555 224/35/1555
f 209/11/1556 210/13/1556 225/36/1556
f 210/13/1557 211/15/1557 226/37/1557
f 212/19/1558 227/38/1558 226/37/1558
f 213/21/1559 228/39/1559 227/38/1559
f 214/23/1560 229/40/1560 228/39/1560
f 215/25/1561 230/41/1561 229/40/1561
f 216/27/1562 231/42/1562 230/41/1562
f 217/29/1563 232/44/1563 231/42/1563
f 218/43/1564 233/58/1564 232/44/1564
f 219/31/1565 220/30/1565 235/45/1565
f 220/30/1566 221/32/1566 236/47/1566
f 221/32/1567 222/33/1567 237/48/1567
f 222/33/1568 223/34/1568 238/49/1568
f 223/34/1569 224/35/1569 239/50/1569
f 224/35/1570 225/36/1570 240/51/1570
f 225/36/1571 226/37/1571 241/52/1571
f 227/38/1572 242/53/1572 241/52/1572
f 228/39/1573 243/54/1573 242/53/1573
f 229/40/1574 244/55/1574 243/54/1574
f 230/41/1575 245/56/1575 244/55/1575
f 231/42/1576 246/57/1576 245/56/1576
f 232/44/1577 247/59/1577 246/57/1577
f 233/58/1578 248/73/1578 247/59/1578
f 234/46/1579 235/45/1579 250/60/1579
f 235/45/1580 236/47/1580 251/62/1580
f 236/47/1581 237/48/1581 252/63/1581
f 237/48/1582 238/49/1582 253/64/1582
f 238/49/1583 239/50/1583 254/65/1583
f 239/50/1584 240/51/1584 255/66/1584
f 240/51/1585 241/52/1585 256/67/1585
f 242/53/1586 257/68/1586 256/67/1586
f 243/54/1587 258/69/1587 257/68/1587
f 244/55/1588 259/70/1588 258/69/1588
f 245/56/1589 260/71/1589 259/70/1589
f 246/57/1590 261/72/1590 260/71/1590
f 247/59/1591 262/74/1591 261/72/1591
f 248/73/1592 263/88/1592 262/74/1592
f 249/61/1593 250/60/1593 265/75/1593
f 250/60/1594 251/62/1594 266/77/1594
f 251/62/1595 252/63/1595 267/78/1595
f 252/63/1596 253/64/1596 268/79/1596
f 253/64/1597 254/65/1597 269/80/1597
f 254/65/1598 255/66/1598 270/81/1598
f 255/66/1599 256/67/1599 271/82/1599
f 257/68/1600 272/83/1600 271/82/1600
f 258/69/1601 273/84/1601 272/83/1601
f 259/70/1602 274/85/1602 273/84/1602
f 260/71/1603 275/86/1603 274/85/1603
f 261/72/1604 276/87/1604 275/86/1604
f 262/74/1605 277/89/1605 276/87/1605
f 263/88/1606 278/103/1606 277/89/1606
f 264/76/1607 265/75/1607 280/90/1607
f 265/75/1608 266/77/1608 281/92/1608
f 266/77/1609 267/78/1609 282/93/1609
f 267/78/1610 268/79/1610 283/94/1610
f 268/79/1611 269/80/1611 284/95/1611
f 269/80/1612 270/81/1612 285/96/1612
f 270/81/1613 271/82/1613 286/97/1613
f 272/83/1614 287/98/1614 286/97/1614
f 273/84/1615 288/99/1615 287/98/1615
f 274/85/1616 289/100/1616 288/99/1616
f 275/86/1617 290/101/1617 289/100/1617
f 276/87/1618 291/102/1618 290/101/1618
f 277/89/1619 292/104/1619 291/102/1619
f 278/103/1620 293/118/1620 292/104/1620
f 279/91/1621 280/90/1621 295/105/1621
f 280/90/1622 281/92/1622 296/107/1622
f 281/92/1623 282/93/1623 297/108/1623
f 282/93/1624 283/94/1624 298/109/1624
f 283/94/1625 284/95/1625 299/110/1625
f 284/95/1626 285/96/1626 300/111/1626
f 285/96/1627 286/97/1627 301/112/1627
f 287/98/1628 302/113/1628 301/112/1628
f 288/99/1629 303/114/1629 302/113/1629
f 289/100/1630 304/115/1630 303/114/1630
f 290/101/1631 305/116/1631 304/115/1631
f 291/102/1632 306/117/1632 305/116/1632
f 292/104/1633 307/119/1633 306/117/1633
f 293/118/1634 308/250/1634 307/119/1634
f 295/105/1635 310/121/1635 309/120/1635
f 296/107/1636 311/122/1636 310/121/1636
f 297/108/1637 312/123/1637 311/122/1637
f 298/109/1638 313/124/1638 312/123/1638
f 299/110/1639 314/125/1639 313/124/1639
f 300/111/1640 315/126/1640 314/125/1640
f 301/112/1641 316/128/1641 315/126/1641
f 301/112/1642 302/113/1642 317/127/1642
f 302/113/1643 303/114/1643 318/129/1643
f 303/114/1644 304/115/1644 319/130/1644
f 304/115/1645 305/116/1645 320/131/1645
f 305/116/1646 306/117/1646 321/132/1646
f 306/117/1647 307/119/1647 322/133/1647
f 307/119/1648 308/250/1648 323/134/1648
f 310/121/1649 325/136/1649 324/135/1649
f 311/122/1650 326/137/1650 325/136/1650
f 312/123/1651 327/138/1651 326/137/1651
f 313/124/1652 328/139/1652 327/138/1652
f 314/125/1653 329/140/1653 328/139/1653
f 315/126/1654 330/141/1654 329/140/1654
f 316/128/1655 331/143/1655 330/141/1655
f 316/128/1656 317/127/1656 332/142/1656
f 317/127/1657 318/129/1657 333/144/1657
f 318/129/1658 319/130/1658 334/145/1658
f 319/130/1659 320/131/1659 335/146/1659
f 320/131/1660 321/132/1660 336/147/1660
f 321/132/1661 322/133/1661 337/148/1661
f 322/133/1662 323/134/1662 338/149/1662
f 325/136/1663 340/151/1663 339/150/1663
f 326/137/1664 341/152/1664 340/151/1664
f 327/138/1665 342/153/1665 341/152/1665
f 328/139/1666 343/154/1666 342/153/1666
f 329/140/1667 344/155/1667 343/154/1667
f 330/141/1668 345/156/1668 344/155/1668
f 331/143/1669 346/158/1669 345/156/1669
f 331/143/1670 332/142/1670 347/157/1670
f 332/142/1671 333/144/1671 348/159/1671
f 333/144/1672 334/145/1672 349/160/1672
f 334/145/1673 335/146/1673 350/161/1673
f 335/146/1674 336/147/1674 351/162/1674
f 336/147/1675 337/148/1675 352/163/1675
f 337/148/1676 338/149/1676 353/164/1676
f 340/151/1677 355/166/1677 354/165/1677
f 341/152/1678 356/167/1678 355/166/1678
f 342/153/1679 357/168/1679 356/167/1679
f 343/154/1680 358/169/1680 357/168/1680
f 344/155/1681 359/170/1681 358/169/1681
f 345/156/1682 360/171/1682 359/170/1682
f 346/158/1683 361/173/1683 360/171/1683
f 346/158/1684 347/157/1684 362/172/1684
f 347/157/1685 348/159/1685 363/174/1685
f 348/159/1686 349/160/1686 364/175/1686
f 349/160/1687 350/161/1687 365/176/1687
f 350/161/1688 351/162/1688 366/177/1688
f 351/162/1689 352/163/1689 367/178/1689
f 352/163/1690 353/164/1690 368/179/1690
f 355/166/1691 370/181/1691 369/180/1691
f 356/167/1692 371/182/1692 370/181/1692
f 357/168/1693 372/183/1693 371/182/1693
f 358/169/1694 373/184/1694 372/183/1694
f 359/170/1695 374/185/1695 373/184/1695
f 360/171/1696 375/186/1696 374/185/1696
f 361/173/1697 376/188/1697 375/186/1697
f 361/173/1698 362/172/1698 377/187/1698
f 362/172/1699 363/174/1699 378/189/1699
f 363/174/1700 364/175/1700 379/190/1700
f 364/175/1701 365/176/1701 380/191/1701
f 365/176/1702 366/177/1702 381/192/1702
f 366/177/1703 367/178/1703 382/193/1703
f 367/178/1704 368/179/1704 383/194/1704
f 370/181/1705 385/196/1705 384/195/1705
f 371/182/1706 386/197/1706 385/196/1706
f 372/183/1707 387/198/1707 386/197/1707
f 373/184/1708 388/199/1708 387/198/1708
f 374/185/1709 389/200/1709 388/199/1709
f 375/186/1710 390/201/1710 389/200/1710
f 376/188/1711 391/203/1711 390/201/1711
f 376/188/1712 377/187/1712 392/202/1712
f 377/187/1713 378/189/1713 393/204/1713
f 378/189/1714 379/190/1714 394/205/1714
f 379/190/1715 380/191/1715 395/206/1715
f 380/191/1716 381/192/1716 396/207/1716
f 381/192/1717 382/193/1717 397/208/1717
f 382/193/1718 383/194/1718 398/209/1718
f 385/196/1719 400/211/1719 399/210/1719
f 386/197/1720 401/212/1720 400/211/1720
f 387/198/1721 402/213/1721 401/212/1721
f 388/199/1722 403/214/1722 402/213/1722
f 389/200/1723 404/215/1723 403/214/1723
f 390/201/1724 405/216/1724 404/215/1724
f 391/203/1725 406/218/1725 405/216/1725
f 391/203/1726 392/202/1726 407/217/1726
f 392/202/1727 393/204/1727 408/219/1727
f 393/204/1728 394/205/1728 409/220/1728
f 394/205/1729 395/206/1729 410/221/1729
f 395/206/1730 396/207/1730 411/222/1730
f 396/207/1731 397/208/1731 412/223/1731
f 397/208/1732 398/209/1732 413/224/1732
f 1/225/1733 23/227/1733 189/1/1733
f 23/227/1734 22/228/1734 190/4/1734
f 22/228/1735 21/229/1735 191/6/1735
f 21/229/1736 20/230/1736 192/8/1736
f 20/230/1737 19/231/1737 193/10/1737
f 19/231/1738 18/232/1738 194/12/1738
f 18/232/1739 17/233/1739 195/14/1739
f 17/233/1740 16/235/1740 196/17/1740
f 15/234/1741 197/16/1741 196/17/1741
f 14/236/1742 198/18/1742 197/16/1742
f 13/237/1743 199/20/1743 198/18/1743
f 12/238/1744 200/22/1744 199/20/1744
f 11/239/1745 201/24/1745 200/22/1745
f 10/240/1746 202/26/1746 201/24/1746
f 9/241/1747 203/28/1747 202/26/1747
f 3/242/1748 68/243/1748 203/28/1748
f 68/243/1749 67/244/1749 218/43/1749
f 67/244/1750 66/245/1750 233/58/1750
f 66/245/1751 65/246/1751 248/73/1751
f 65/246/1752 64/247/1752 263/88/1752
f 64/247/1753 63/248/1753 278/103/1753
f 63/248/1754 62/249/1754 293/118/1754
f 62/249/1755 61/560/1755 308/250/1755
f 308/250/1756 61/560/1756 60/251/1756
f 323/134/1757 60/251/1757 59/252/1757
f 338/149/1758 59/252/1758 58/253/1758
f 353/164/1759 58/253/1759 57/254/1759
f 368/179/1760 57/254/1760 56/255/1760
f 383/194/1761 56/255/1761 55/256/1761
f 398/209/1762 55/256/1762 54/257/1762
f 413/224/1763 54/257/1763 4/258/1763
f 412/223/1764 413/224/1764 53/259/1764
f 411/222/1765 412/223/1765 52/260/1765
f 410/221/1766 411/222/1766 51/261/1766
f 409/220/1767 410/221/1767 50/262/1767
f 408/219/1768 409/220/1768 49/263/1768
f 407/217/1769 408/219/1769 48/264/1769
f 406/218/1770 407/217/1770 47/265/1770
f 406/218/1771 46/266/1771 45/267/1771
f 405/216/1772 45/267/1772 44/268/1772
f 404/215/1773 44/268/1773 43/269/1773
f 403/214/1774 43/269/1774 42/270/1774
f 402/213/1775 42/270/1775 41/271/1775
f 401/212/1776 41/271/1776 40/272/1776
f 400/211/1777 40/272/1777 39/273/1777
f 399/210/1778 39/273/1778 2/274/1778
f 384/195/1779 399/210/1779 38/275/1779
f 369/180/1780 384/195/1780 37/276/1780
f 354/165/1781 369/180/1781 36/277/1781
f 339/150/1782 354/165/1782 35/278/1782
f 324/135/1783 339/150/1783 34/279/1783
f 309/120/1784 324/135/1784 33/280/1784
f 294/106/1785 309/120/1785 32/281/1785
f 30/283/1786 279/91/1786 294/106/1786
f 29/284/1787 264/76/1787 279/91/1787
f 28/285/1788 249/61/1788 264/76/1788
f 27/286/1789 234/46/1789 249/61/1789
f 26/287/1790 219/31/1790 234/46/1790
f 25/288/1791 204/3/1791 219/31/1791
f 24/226/1792 189/1/1792 204/3/1792
f 414/289/1793 415/292/1793 430/290/1793
f 415/292/1794 416/294/1794 431/293/1794
f 416/294/1795 417/296/1795 432/295/1795
f 417/296/1796 418/298/1796 433/297/1796
f 418/298/1797 419/300/1797 434/299/1797
f 419/300/1798 420/302/1798 435/301/1798
f 420/302/1799 421/305/1799 436/303/1799
f 422/304/1800 437/307/1800 436/303/1800
f 423/306/1801 438/309/1801 437/307/1801
f 424/308/1802 439/311/1802 438/309/1802
f 425/310/1803 440/313/1803 439/311/1803
f 426/312/1804 441/315/1804 440/313/1804
f 427/314/1805 442/317/1805 441/315/1805
f 428/316/1806 443/331/1806 442/317/1806
f 429/291/1807 430/290/1807 445/318/1807
f 430/290/1808 431/293/1808 446/320/1808
f 431/293/1809 432/295/1809 447/321/1809
f 432/295/1810 433/297/1810 448/322/1810
f 433/297/1811 434/299/1811 449/323/1811
f 434/299/1812 435/301/1812 450/324/1812
f 435/301/1813 436/303/1813 451/325/1813
f 437/307/1814 452/326/1814 451/325/1814
f 438/309/1815 453/327/1815 452/326/1815
f 439/311/1816 454/328/1816 453/327/1816
f 440/313/1817 455/329/1817 454/328/1817
f 441/315/1818 456/330/1818 455/329/1818
f 442/317/1819 457/332/1819 456/330/1819
f 443/331/1820 458/346/1820 457/332/1820
f 444/319/1821 445/318/1821 460/333/1821
f 445/318/1822 446/320/1822 461/335/1822
f 446/320/1823 447/321/1823 462/336/1823
f 447/321/1824 448/322/1824 463/337/1824
f 448/322/1825 449/323/1825 464/338/1825
f 449/323/1826 450/324/1826 465/339/1826
f 450/324/1827 451/325/1827 466/340/1827
f 452/326/1828 467/341/1828 466/340/1828
f 453/327/1829 468/342/1829 467/341/1829
f 454/328/1830 469/343/1830 468/342/1830
f 455/329/1831 470/344/1831 469/343/1831
f 456/330/1832 471/345/1832 470/344/1832
f 457/332/1833 472/347/1833 471/345/1833
f 458/346/1834 473/361/1834 472/347/1834
f 459/334/1835 460/333/1835 475/348/1835
f 460/333/1836 461/335/1836 476/350/1836
f 461/335/1837 462/336/1837 477/351/1837
f 462/336/1838 463/337/1838 478/352/1838
f 463/337/1839 464/338/1839 479/353/1839
f 464/338/1840 465/339/1840 480/354/1840
f 465/339/1841 466/340/1841 481/355/1841
f 467/341/1842 482/356/1842 481/355/1842
f 468/342/1843 483/357/1843 482/356/1843
f 469/343/1844 484/358/1844 483/357/1844
f 470/344/1845 485/359/1845 484/358/1845
f 471/345/1846 486/360/1846 485/359/1846
f 472/347/1847 487/362/1847 486/360/1847
f 473/361/1848 488/376/1848 487/362/1848
f 474/349/1849 475/348/1849 490/363/1849
f 475/348/1850 476/350/1850 491/365/1850
f 476/350/1851 477/351/1851 492/366/1851
f 477/351/1852 478/352/1852 493/367/1852
f 478/352/1853 479/353/1853 494/368/1853
f 479/353/1854 480/354/1854 495/369/1854
f 480/354/1855 481/355/1855 496/370/1855
f 482/356/1856 497/371/1856 496/370/1856
f 483/357/1857 498/372/1857 497/371/1857
f 484/358/1858 499/373/1858 498/372/1858
f 485/359/1859 500/374/1859 499/373/1859
f 486/360/1860 501/375/1860 500/374/1860
f 487/362/1861 502/377/1861 501/375/1861
f 488/376/1862 503/391/1862 502/377/1862
f 489/364/1863 490/363/1863 505/378/1863
f 490/363/1864 491/365/1864 506/380/1864
f 491/365/1865 492/366/1865 507/381/1865
f 492/366/1866 493/367/1866 508/382/1866
f 493/367/1867 494/368/1867 509/383/1867
f 494/368/1868 495/369/1868 510/384/1868
f 495/369/1869 496/370/1869 511/385/1869
f 497/371/1870 512/386/1870 511/385/1870
f 498/372/1871 513/387/1871 512/386/1871
f 499/373/1872 514/388/1872 513/387/1872
f 500/374/1873 515/389/1873 514/388/1873
f 501/375/1874 516/390/1874 515/389/1874
f 502/377/1875 517/392/1875 516/390/1875
f 503/391/1876 518/406/1876 517/392/1876
f 504/379/1877 505/378/1877 520/393/1877
f 505/378/1878 506/380/1878 521/395/1878
f 506/380/1879 507/381/1879 522/396/1879
f 507/381/1880 508/382/1880 523/397/1880
f 508/382/1881 509/383/1881 524/398/1881
f 509/383/1882 510/384/1882 525/399/1882
f 510/384/1883 511/385/1883 526/400/1883
f 512/386/1884 527/401/1884 526/400/1884
f 513/387/1885 528/402/1885 527/401/1885
f 514/388/1886 529/403/1886 528/402/1886
f 515/389/1887 530/404/1887 529/403/1887
f 516/390/1888 531/405/1888 530/404/1888
f 517/392/1889 532/407/1889 531/405/1889
f 518/406/1890 533/536/1890 532/407/1890
f 520/393/1891 535/409/1891 534/408/1891
f 521/395/1892 536/410/1892 535/409/1892
f 522/396/1893 537/411/1893 536/410/1893
f 523/397/1894 538/412/1894 537/411/1894
f 524/398/1895 539/413/1895 538/412/1895
f 525/399/1896 540/414/1896 539/413/1896
f 526/400/1897 541/416/1897 540/414/1897
f 526/400/1898 527/401/1898 542/415/1898
f 527/401/1899 528/402/1899 543/417/1899
f 528/402/1900 529/403/1900 544/418/1900
f 529/403/1901 530/404/1901 545/419/1901
f 530/404/1902 531/405/1902 546/420/1902
f 531/405/1903 532/407/1903 547/421/1903
f 532/407/1904 533/536/1904 548/422/1904
f 535/409/1905 550/424/1905 549/423/1905
f 536/410/1906 551/425/1906 550/424/1906
f 537/411/1907 552/426/1907 551/425/1907
f 538/412/1908 553/427/1908 552/426/1908
f 539/413/1909 554/428/1909 553/427/1909
f 540/414/1910 555/429/1910 554/428/1910
f 541/416/1911 556/431/1911 555/429/1911
f 541/416/1912 542/415/1912 557/430/1912
f 542/415/1913 543/417/1913 558/432/1913
f 543/417/1914 544/418/1914 559/433/1914
f 544/418/1915 545/419/1915 560/434/1915
f 545/419/1916 546/420/1916 561/435/1916
f 546/420/1917 547/421/1917 562/436/1917
f 547/421/1918 548/422/1918 563/437/1918
f 550/424/1919 565/439/1919 564/438/1919
f 551/425/1920 566/440/1920 565/439/1920
f 552/426/1921 567/441/1921 566/440/1921
f 553/427/1922 568/442/1922 567/441/1922
f 554/428/1923 569/443/1923 568/442/1923
f 555/429/1924 570/444/1924 569/443/1924
f 556/431/1925 571/446/1925 570/444/1925
f 556/431/1926 557/430/1926 572/445/1926
f 557/430/1927 558/432/1927 573/447/1927
f 558/432/1928 559/433/1928 574/448/1928
f 559/433/1929 560/434/1929 575/449/1929
f 560/434/1930 561/435/1930 576/450/1930
f 561/435/1931 562/436/1931 577/451/1931
f 562/436/1932 563/437/1932 578/452/1932
f 565/439/1933 580/454/1933 579/453/1933
f 566/440/1934 581/455/1934 580/454/1934
f 567/441/1935 582/456/1935 581/455/1935
f 568/442/1936 583/457/1936 582/456/1936
f 569/443/1937 584/458/1937 583/457/1937
f 570/444/1938 585/459/1938 584/458/1938
f 571/446/1939 586/461/1939 585/459/1939
f 571/446/1940 572/445/1940 587/460/1940
f 572/445/1941 573/447/1941 588/462/1941
f 573/447/1942 574/448/1942 589/463/1942
f 574/448/1943 575/449/1943 590/464/1943
f 575/449/1944 576/450/1944 591/465/1944
f 576/450/1945 577/451/1945 592/466/1945
f 577/451/1946 578/452/1946 593/467/1946
f 580/454/1947 595/469/1947 594/468/1947
f 581/455/1948 596/470/1948 595/469/1948
f 582/456/1949 597/471/1949 596/470/1949
f 583/457/1950 598/472/1950 597/471/1950
f 584/458/1951 599/473/1951 598/472/1951
f 585/459/1952 600/474/1952 599/473/1952
f 586/461/1953 601/476/1953 600/474/1953
f 586/461/1954 587/460/1954 602/475/1954
f 587/460/1955 588/462/1955 603/477/1955
f 588/462/1956 589/463/1956 604/478/1956
f 589/463/1957 590/464/1957 605/479/1957
f 590/464/1958 591/465/1958 606/480/1958
f 591/465/1959 592/466/1959 607/481/1959
f 592/466/1960 593/467/1960 608/482/1960
f 595/469/1961 610/484/1961 609/483/1961
f 596/470/1962 611/485/1962 610/484/1962
f 597/471/1963 612/486/1963 611/485/1963
f 598/472/1964 613/487/1964 612/486/1964
f 599/473/1965 614/488/1965 613/487/1965
f 600/474/1966 615/489/1966 614/488/1966
f 601/476/1967 616/491/1967 615/489/1967
f 601/476/1968 602/475/1968 617/490/1968
f 602/475/1969 603/477/1969 618/492/1969
f 603/477/1970 604/478/1970 619/493/1970
f 604/478/1971 605/479/1971 620/494/1971
f 605/479/1972 606/480/1972 621/495/1972
f 606/480/1973 607/481/1973 622/496/1973
f 607/481/1974 608/482/1974 623/497/1974
f 610/484/1975 625/499/1975 624/498/1975
f 611/485/1976 626/500/1976 625/499/1976
f 612/486/1977 627/501/1977 626/500/1977
f 613/487/1978 628/502/1978 627/501/1978
f 614/488/1979 629/503/1979 628/502/1979
f 615/489/1980 630/504/1980 629/503/1980
f 616/491/1981 631/506/1981 630/504/1981
f 616/491/1982 617/490/1982 632/505/1982
f 617/490/1983 618/492/1983 633/507/1983
f 618/492/1984 619/493/1984 634/508/1984
f 619/493/1985 620/494/1985 635/509/1985
f 620/494/1986 621/495/1986 636/510/1986
f 621/495/1987 622/496/1987 637/511/1987
f 622/496/1988 623/497/1988 638/512/1988
f 3/242/1989 83/513/1989 414/289/1989
f 83/513/1990 82/514/1990 415/292/1990
f 82/514/1991 81/515/1991 416/294/1991
f 81/515/1992 80/516/1992 417/296/1992
f 80/516/1993 79/517/1993 418/298/1993
f 79/517/1994 78/518/1994 419/300/1994
f 78/518/1995 77/519/1995 420/302/1995
f 77/519/1996 76/521/1996 421/305/1996
f 75/520/1997 422/304/1997 421/305/1997
f 74/522/1998 423/306/1998 422/304/1998
f 73/523/1999 424/308/1999 423/306/1999
f 72/524/2000 425/310/2000 424/308/2000
f 71/525/2001 426/312/2001 425/310/2001
f 70/526/2002 427/314/2002 426/312/2002
f 69/527/2003 428/316/2003 427/314/2003
f 7/528/2004 113/529/2004 428/316/2004
f 113/529/2005 112/530/2005 443/331/2005
f 112/530/2006 111/531/2006 458/346/2006
f 111/531/2007 110/532/2007 473/361/2007
f 110/532/2008 109/533/2008 488/376/2008
f 109/533/2009 108/534/2009 503/391/2009
f 108/534/2010 107/535/2010 518/406/2010
f 107/535/2011 106/832/2011 533/536/2011
f 533/536/2012 106/832/2012 105/537/2012
f 548/422/2013 105/537/2013 104/538/2013
f 563/437/2014 104/538/2014 103/539/2014
f 578/452/2015 103/539/2015 102/540/2015
f 593/467/2016 102/540/2016 101/541/2016
f 608/482/2017 101/541/2017 100/542/2017
f 623/497/2018 100/542/2018 99/543/2018
f 638/512/2019 99/543/2019 8/544/2019
f 637/511/2020 638/512/2020 98/545/2020
f 636/510/2021 637/511/2021 97/546/2021
f 635/509/2022 636/510/2022 96/547/2022
f 634/508/2023 635/509/2023 95/548/2023
f 633/507/2024 634/508/2024 94/549/2024
f 632/505/2025 633/507/2025 93/550/2025
f 631/506/2026 632/505/2026 92/551/2026
f 631/506/2027 91/552/2027 90/553/2027
f 630/504/2028 90/553/2028 89/554/2028
f 629/503/2029 89/554/2029 88/555/2029
f 628/502/2030 88/555/2030 87/556/2030
f 627/501/2031 87/556/2031 86/557/2031
f 626/500/2032 86/557/2032 85/558/2032
f 625/499/2033 85/558/2033 84/559/2033
f 624/498/2034 84/559/2034 4/258/2034
f 609/483/2035 624/498/2035 54/257/2035
f 594/468/2036 609/483/2036 55/256/2036
f 579/453/2037 594/468/2037 56/255/2037
f 564/438/2038 579/453/2038 57/254/2038
f 549/423/2039 564/438/2039 58/253/2039
f 534/408/2040 549/423/2040 59/252/2040
f 519/394/2041 534/408/2041 60/251/2041
f 62/249/2042 504/379/2042 519/394/2042
f 63/248/2043 489/364/2043 504/379/2043
f 64/247/2044 474/349/2044 489/364/2044
f 65/246/2045 459/334/2045 474/349/2045
f 66/245/2046 444/319/2046 459/334/2046
f 67/244/2047 429/291/2047 444/319/2047
f 68/243/2048 414/289/2048 429/291/2048
f 639/561/2049 640/564/2049 655/562/2049
f 640/564/2050 641/566/2050 656/565/2050
f 641/566/2051 642/568/2051 657/567/2051
f 642/568/2052 643/570/2052 658/569/2052
f 643/570/2053 644/572/2053 659/571/2053
f 644/572/2054 645/574/2054 660/573/2054
f 645/574/2055 646/577/2055 661/575/2055
f 647/576/2056 662/579/2056 661/575/2056
f 648/578/2057 663/581/2057 662/579/2057
f 649/580/2058 664/583/2058 663/581/2058
f 650/582/2059 665/585/2059 664/583/2059
f 651/584/2060 666/587/2060 665/585/2060
f 652/586/2061 667/589/2061 666/587/2061
f 653/588/2062 668/603/2062 667/589/2062
f 654/563/2063 655/562/2063 670/590/2063
f 655/562/2064 656/565/2064 671/592/2064
f 656/565/2065 657/567/2065 672/593/2065
f 657/567/2066 658/569/2066 673/594/2066
f 658/569/2067 659/571/2067 674/595/2067
f 659/571/2068 660/573/2068 675/596/2068
f 660/573/2069 661/575/2069 676/597/2069
f 662/579/2070 677/598/2070 676/597/2070
f 663/581/2071 678/599/2071 677/598/2071
f 664/583/2072 679/600/2072 678/599/2072
f 665/585/2073 680/601/2073 679/600/2073
f 666/587/2074 681/602/2074 680/601/2074
f 667/589/2075 682/604/2075 681/602/2075
f 668/603/2076 683/618/2076 682/604/2076
f 669/591/2077 670/590/2077 685/605/2077
f 670/590/2078 671/592/2078 686/607/2078
f 671/592/2079 672/593/2079 687/608/2079
f 672/593/2080 673/594/2080 688/609/2080
f 673/594/2081 674/595/2081 689/610/2081
f 674/595/2082 675/596/2082 690/611/2082
f 675/596/2083 676/597/2083 691/612/2083
f 677/598/2084 692/613/2084 691/612/2084
f 678/599/2085 693/614/2085 692/613/2085
f 679/600/2086 694/615/2086 693/614/2086
f 680/601/2087 695/616/2087 694/615/2087
f 681/602/2088 696/617/2088 695/616/2088
f 682/604/2089 697/619/2089 696/617/2089
f 683/618/2090 698/633/2090 697/619/2090
f 684/606/2091 685/605/2091 700/620/2091
f 685/605/2092 686/607/2092 701/622/2092
f 686/607/2093 687/608/2093 702/623/2093
f 687/608/2094 688/609/2094 703/624/2094
f 688/609/2095 689/610/2095 704/625/2095
f 689/610/2096 690/611/2096 705/626/2096
f 690/611/2097 691/612/2097 706/627/2097
f 692/613/2098 707/628/2098 706/627/2098
f 693/614/2099 708/629/2099 707/628/2099
f 694/615/2100 709/630/2100 708/629/2100
f 695/616/2101 710/631/2101 709/630/2101
f 696/617/2102 711/632/2102 710/631/2102
f 697/619/2103 712/634/2103 711/632/2103
f 698/633/2104 713/648/2104 712/634/2104
f 699/621/2105 700/620/2105 715/635/2105
f 700/620/2106 701/622/2106 716/637/2106
f 701/622/2107 702/623/2107 717/638/2107
f 702/623/2108 703/624/2108 718/639/2108
f 703/624/2109 704/625/2109 719/640/2109
f 704/625/2110 705/626/2110 720/641/2110
f 705/626/2111 706/627/2111 721/642/2111
f 707/628/2112 722/643/2112 721/642/2112
f 708/629/2113 723/644/2113 722/643/2113
f 709/630/2114 724/645/2114 723/644/2114
f 710/631/2115 725/646/2115 724/645/2115
f 711/632/2116 726/647/2116 725/646/2116
f 712/634/2117 727/649/2117 726/647/2117
f 713/648/2118 728/663/2118 727/649/2118
f 714/636/2119 715/635/2119 730/650/2119
f 715/635/2120 716/637/2120 731/652/2120
f 716/637/2121 717/638/2121 732/653/2121
f 717/638/2122 718/639/2122 733/654/2122
f 718/639/2123 719/640/2123 734/655/2123
f 719/640/2124 720/641/2124 735/656/2124
f 720/641/2125 721/642/2125 736/657/2125
f 722/643/2126 737/658/2126 736/657/2126
f 723/644/2127 738/659/2127 737/658/2127
f 724/645/2128 739/660/2128 738/659/2128
f 725/646/2129 740/661/2129 739/660/2129
f 726/647/2130 741/662/2130 740/661/2130
f 727/649/2131 742/664/2131 741/662/2131
f 728/663/2132 743/678/2132 742/664/2132
f 729/651/2133 730/650/2133 745/665/2133
f 730/650/2134 731/652/2134 746/667/2134
f 731/652/2135 732/653/2135 747/668/2135
f 732/653/2136 733/654/2136 748/669/2136
f 733/654/2137 734/655/2137 749/670/2137
f 734/655/2138 735/656/2138 750/671/2138
f 735/656/2139 736/657/2139 751/672/2139
f 737/658/2140 752/673/2140 751/672/2140
f 738/659/2141 753/674/2141 752/673/2141
f 739/660/2142 754/675/2142 753/674/2142
f 740/661/2143 755/676/2143 754/675/2143
f 741/662/2144 756/677/2144 755/676/2144
f 742/664/2145 757/679/2145 756/677/2145
f 743/678/2146 758/808/2146 757/679/2146
f 745/665/2147 760/681/2147 759/680/2147
f 746/667/2148 761/682/2148 760/681/2148
f 747/668/2149 762/683/2149 761/682/2149
f 748/669/2150 763/684/2150 762/683/2150
f 749/670/2151 764/685/2151 763/684/2151
f 750/671/2152 765/686/2152 764/685/2152
f 751/672/2153 766/688/2153 765/686/2153
f 751/672/2154 752/673/2154 767/687/2154
f 752/673/2155 753/674/2155 768/689/2155
f 753/674/2156 754/675/2156 769/690/2156
f 754/675/2157 755/676/2157 770/691/2157
f 755/676/2158 756/677/2158 771/692/2158
f 756/677/2159 757/679/2159 772/693/2159
f 757/679/2160 758/808/2160 773/694/2160
f 760/681/2161 775/696/2161 774/695/2161
f 761/682/2162 776/697/2162 775/696/2162
f 762/683/2163 777/698/2163 776/697/2163
f 763/684/2164 778/699/2164 777/698/2164
f 764/685/2165 779/700/2165 778/699/2165
f 765/686/2166 780/701/2166 779/700/2166
f 766/688/2167 781/703/2167 780/701/2167
f 766/688/2168 767/687/2168 782/702/2168
f 767/687/2169 768/689/2169 783/704/2169
f 768/689/2170 769/690/2170 784/705/2170
f 769/690/2171 770/691/2171 785/706/2171
f 770/691/2172 771/692/2172 786/707/2172
f 771/692/2173 772/693/2173 787/708/2173
f 772/693/2174 773/694/2174 788/709/2174
f 775/696/2175 790/711/2175 789/710/2175
f 776/697/2176 791/712/2176 790/711/2176
f 777/698/2177 792/713/2177 791/712/2177
f 778/699/2178 793/714/2178 792/713/2178
f 779/700/2179 794/715/2179 793/714/2179
f 780/701/2180 795/716/2180 794/715/2180
f 781/703/2181 796/718/2181 795/716/2181
f 781/703/2182 782/702/2182 797/717/2182
f 782/702/2183 783/704/2183 798/719/2183
f 783/704/2184 784/705/2184 799/720/2184
f 784/705/2185 785/706/2185 800/721/2185
f 785/706/2186 786/707/2186 801/722/2186
f 786/707/2187 787/708/2187 802/723/2187
f 787/708/2188 788/709/2188 803/724/2188
f 790/711/2189 805/726/2189 804/725/2189
f 791/712/2190 806/727/2190 805/726/2190
f 792/713/2191 807/728/2191 806/727/2191
f 793/714/2192 808/729/2192 807/728/2192
f 794/715/2193 809/730/2193 808/729/2193
f 795/716/2194 810/731/2194 809/730/2194
f 796/718/2195 811/733/2195 810/731/2195
f 796/718/2196 797/717/2196 812/732/2196
f 797/717/2197 798/719/2197 813/734/2197
f 798/719/2198 799/720/2198 814/735/2198
f 799/720/2199 800/721/2199 815/736/2199
f 800/721/2200 801/722/2200 816/737/2200
f 801/722/2201 802/723/2201 817/738/2201
f 802/723/2202 803/724/2202 818/739/2202
f 805/726/2203 820/741/2203 819/740/2203
f 806/727/2204 821/742/2204 820/741/2204
f 807/728/2205 822/743/2205 821/742/2205
f 808/729/2206 823/744/2206 822/743/2206
f 809/730/2207 824/745/2207 823/744/2207
f 810/731/2208 825/746/2208 824/745/2208
f 811/733/2209 826/748/2209 825/746/2209
f 811/733/2210 812/732/2210 827/747/2210
f 812/732/2211 813/734/2211 828/749/2211
f 813/734/2212 814/735/2212 829/750/2212
f 814/735/2213 815/736/2213 830/751/2213
f 815/736/2214 816/737/2214 831/752/2214
f 816/737/2215 817/738/2215 832/753/2215
f 817/738/2216 818/739/2216 833/754/2216
f 820/741/2217 835/756/2217 834/755/2217
f 821/742/2218 836/757/2218 835/756/2218
f 822/743/2219 837/758/2219 836/757/2219
f 823/744/2220 838/759/2220 837/758/2220
f 824/745/2221 839/760/2221 838/759/2221
f 825/746/2222 840/761/2222 839/760/2222
f 826/748/2223 841/763/2223 840/761/2223
f 826/748/2224 827/747/2224 842/762/2224
f 827/747/2225 828/749/2225 843/764/2225
f 828/749/2226 829/750/2226 844/765/2226
f 829/750/2227 830/751/2227 845/766/2227
f 830/751/2228 831/752/2228 846/767/2228
f 831/752/2229 832/753/2229 847/768/2229
f 832/753/2230 833/754/2230 848/769/2230
f 835/756/2231 850/771/2231 849/770/2231
f 836/757/2232 851/772/2232 850/771/2232
f 837/758/2233 852/773/2233 851/772/2233
f 838/759/2234 853/774/2234 852/773/2234
f 839/760/2235 854/775/2235 853/774/2235
f 840/761/2236 855/776/2236 854/775/2236
f 841/763/2237 856/778/2237 855/776/2237
f 841/763/2238 842/762/2238 857/777/2238
f 842/762/2239 843/764/2239 858/779/2239
f 843/764/2240 844/765/2240 859/780/2240
f 844/765/2241 845/766/2241 860/781/2241
f 845/766/2242 846/767/2242 861/782/2242
f 846/767/2243 847/768/2243 862/783/2243
f 847/768/2244 848/769/2244 863/784/2244
f 7/528/2245 128/785/2245 639/561/2245
f 128/785/2246 127/786/2246 640/564/2246
f 127/786/2247 126/787/2247 641/566/2247
f 126/787/2248 125/788/2248 642/568/2248
f 125/788/2249 124/789/2249 643/570/2249
f 124/789/2250 123/790/2250 644/572/2250
f 123/790/2251 122/791/2251 645/574/2251
f 122/791/2252 121/793/2252 646/577/2252
f 120/792/2253 647/576/2253 646/577/2253
f 119/794/2254 648/578/2254 647/576/2254
f 118/795/2255 649/580/2255 648/578/2255
f 117/796/2256 650/582/2256 649/580/2256
f 116/797/2257 651/584/2257 650/582/2257
f 115/798/2258 652/586/2258 651/584/2258
f 114/799/2259 653/588/2259 652/586/2259
f 5/800/2260 158/801/2260 653/588/2260
f 158/801/2261 157/802/2261 668/603/2261
f 157/802/2262 156/803/2262 683/618/2262
f 156/803/2263 155/804/2263 698/633/2263
f 155/804/2264 154/805/2264 713/648/2264
f 154/805/2265 153/806/2265 728/663/2265
f 153/806/2266 152/807/2266 743/678/2266
f 152/807/2267 151/1104/2267 758/808/2267
f 758/808/2268 151/1104/2268 150/809/2268
f 773/694/2269 150/809/2269 149/810/2269
f 788/709/2270 149/810/2270 148/811/2270
f 803/724/2271 148/811/2271 147/812/2271
f 818/739/2272 147/812/2272 146/813/2272
f 833/754/2273 146/813/2273 145/814/2273
f 848/769/2274 145/814/2274 144/815/2274
f 863/784/2275 144/815/2275 6/816/2275
f 862/783/2276 863/784/2276 143/817/2276
f 861/782/2277 862/783/2277 142/818/2277
f 860/781/2278 861/782/2278 141/819/2278
f 859/780/2279 860/781/2279 140/820/2279
f 858/779/2280 859/780/2280 139/821/2280
f 857/777/2281 858/779/2281 138/822/2281
f 856/778/2282 857/777/2282 137/823/2282
f 856/778/2283 136/824/2283 135/825/2283
f 855/776/2284 135/825/2284 134/826/2284
f 854/775/2285 134/826/2285 133/827/2285
f 853/774/2286 133/827/2286 132/828/2286
f 852/773/2287 132/828/2287 131/829/2287
f 851/772/2288 131/829/2288 130/830/2288
f 850/771/2289 130/830/2289 129/831/2289
f 849/770/2290 129/831/2290 8/544/2290
f 834/755/2291 849/770/2291 99/543/2291
f 819/740/2292 834/755/2292 100/542/2292
f 804/725/2293 819/740/2293 101/541/2293
f 789/710/2294 804/725/2294 102/540/2294
f 774/695/2295 789/710/2295 103/539/2295
f 759/680/2296 774/695/2296 104/538/2296
f 744/666/2297 759/680/2297 105/537/2297
f 107/535/2298 729/651/2298 744/666/2298
f 108/534/2299 714/636/2299 729/651/2299
f 109/533/2300 699/621/2300 714/636/2300
f 110/532/2301 684/606/2301 699/621/2301
f 111/531/2302 669/591/2302 684/606/2302
f 112/530/2303 654/563/2303 669/591/2303
f 113/529/2304 639/561/2304 654/563/2304
f 864/833/2305 865/836/2305 880/834/2305
f 865/836/2306 866/838/2306 881/837/2306
f 866/838/2307 867/840/2307 882/839/2307
f 867/840/2308 868/842/2308 883/841/2308
f 868/842/2309 869/844/2309 884/843/2309
f 869/844/2310 870/846/2310 885/845/2310
f 870/846/2311 871/849/2311 886/847/2311
f 872/848/2312 887/851/2312 886/847/2312
f 873/850/2313 888/853/2313 887/851/2313
f 874/852/2314 889/855/2314 888/853/2314
f 875/854/2315 890/857/2315 889/855/2315
f 876/856/2316 891/859/2316 890/857/2316
f 877/858/2317 892/861/2317 891/859/2317
f 878/860/2318 893/875/2318 892/861/2318
f 879/835/2319 880/834/2319 895/862/2319
f 880/834/2320 881/837/2320 896/864/2320
f 881/837/2321 882/839/2321 897/865/2321
f 882/839/2322 883/841/2322 898/866/2322
f 883/841/2323 884/843/2323 899/867/2323
f 884/843/2324 885/845/2324 900/868/2324
f 885/845/2325 886/847/2325 901/869/2325
f 887/851/2326 902/870/2326 901/869/2326
f 888/853/2327 903/871/2327 902/870/2327
f 889/855/2328 904/872/2328 903/871/2328
f 890/857/2329 905/873/2329 904/872/2329
f 891/859/2330 906/874/2330 905/873/2330
f 892/861/2331 907/876/2331 906/874/2331
f 893/875/2332 908/890/2332 907/876/2332
f 894/863/2333 895/862/2333 910/877/2333
f 895/862/2334 896/864/2334 911/879/2334
f 896/864/2335 897/865/2335 912/880/2335
f 897/865/2336 898/866/2336 913/881/2336
f 898/866/2337 899/867/2337 914/882/2337
f 899/867/2338 900/868/2338 915/883/2338
f 900/868/2339 901/869/2339 916/884/2339
f 902/870/2340 917/885/2340 916/884/2340
f 903/871/2341 918/886/2341 917/885/2341
f 904/872/2342 919/887/2342 918/886/2342
f 905/873/2343 920/888/2343 919/887/2343
f 906/874/2344 921/889/2344 920/888/2344
f 907/876/2345 922/891/2345 921/889/2345
f 908/890/2346 923/905/2346 922/891/2346
f 909/878/2347 910/877/2347 925/892/2347
f 910/877/2348 911/879/2348 926/894/2348
f 911/879/2349 912/880/2349 927/895/2349
f 912/880/2350 913/881/2350 928/896/2350
f 913/881/2351 914/882/2351 929/897/2351
f 914/882/2352 915/883/2352 930/898/2352
f 915/883/2353 916/884/2353 931/899/2353
f 917/885/2354 932/900/2354 931/899/2354
f 918/886/2355 933/901/2355 932/900/2355
f 919/887/2356 934/902/2356 933/901/2356
f 920/888/2357 935/903/2357 934/902/2357
f 921/889/2358 936/904/2358 935/903/2358
f 922/891/2359 937/906/2359 936/904/2359
f 923/905/2360 938/920/2360 937/906/2360
f 924/893/2361 925/892/2361 940/907/2361
f 925/892/2362 926/894/2362 941/909/2362
f 926/894/2363 927/895/2363 942/910/2363
f 927/895/2364 928/896/2364 943/911/2364
f 928/896/2365 929/897/2365 944/912/2365
f 929/897/2366 930/898/2366 945/913/2366
f 930/898/2367 931/899/2367 946/914/2367
f 932/900/2368 947/915/2368 946/914/2368
f 933/901/2369 948/916/2369 947/915/2369
f 934/902/2370 949/917/2370 948/916/2370
f 935/903/2371 950/918/2371 949/917/2371
f 936/904/2372 951/919/2372 950/918/2372
f 937/906/2373 952/921/2373 951/919/2373
f 938/920/2374 953/935/2374 952/921/2374
f 939/908/2375 940/907/2375 955/922/2375
f 940/907/2376 941/909/2376 956/924/2376
f 941/909/2377 942/910/2377 957/925/2377
f 942/910/2378 943/911/2378 958/926/2378
f 943/911/2379 944/912/2379 959/927/2379
f 944/912/2380 945/913/2380 960/928/2380
f 945/913/2381 946/914/2381 961/929/2381
f 947/915/2382 962/930/2382 961/929/2382
f 948/916/2383 963/931/2383 962/930/2383
f 949/917/2384 964/932/2384 963/931/2384
f 950/918/2385 965/933/2385 964/932/2385
f 951/919/2386 966/934/2386 965/933/2386
f 952/921/2387 967/936/2387 966/934/2387
f 953/935/2388 968/950/2388 967/936/2388
f 954/923/2389 955/922/2389 970/937/2389
f 955/922/2390 956/924/2390 971/939/2390
f 956/924/2391 957/925/2391 972/940/2391
f 957/925/2392 958/926/2392 973/941/2392
f 958/926/2393 959/927/2393 974/942/2393
f 959/927/2394 960/928/2394 975/943/2394
f 960/928/2395 961/929/2395 976/944/2395
f 962/930/2396 977/945/2396 976/944/2396
f 963/931/2397 978/946/2397 977/945/2397
f 964/932/2398 979/947/2398 978/946/2398
f 965/933/2399 980/948/2399 979/947/2399
f 966/934/2400 981/949/2400 980/948/2400
f 967/936/2401 982/951/2401 981/949/2401
f 968/950/2402 983/1080/2402 982/951/2402
f 970/937/2403 985/953/2403 984/952/2403
f 971/939/2404 986/954/2404 985/953/2404
f 972/940/2405 987/955/2405 986/954/2405
f 973/941/2406 988/956/2406 987/955/2406
f 974/942/2407 989/957/2407 988/956/2407
f 975/943/2408 990/958/2408 989/957/2408
f 976/944/2409 991/960/2409 990/958/2409
f 976/944/2410 977/945/2410 992/959/2410
f 977/945/2411 978/946/2411 993/961/2411
f 978/946/2412 979/947/2412 994/962/2412
f 979/947/2413 980/948/2413 995/963/2413
f 980/948/2414 981/949/2414 996/964/2414
f 981/949/2415 982/951/2415 997/965/2415
f 982/951/2416 983/1080/2416 998/966/2416
f 985/953/2417 1000/968/2417 999/967/2417
f 986/954/2418 1001/969/2418 1000/968/2418
f 987/955/2419 1002/970/2419 1001/969/2419
f 988/956/2420 1003/971/2420 1002/970/2420
f 989/957/2421 1004/972/2421 1003/971/2421
f 990/958/2422 1005/973/2422 1004/972/2422
f 991/960/2423 1006/975/2423 1005/973/2423
f 991/960/2424 992/959/2424 1007/974/2424
f 992/959/2425 993/961/2425 1008/976/2425
f 993/961/2426 994/962/2426 1009/977/2426
f 994/962/2427 995/963/2427 1010/978/2427
f 995/963/2428 996/964/2428 1011/979/2428
f 996/964/2429 997/965/2429 1012/980/2429
f 997/965/2430 998/966/2430 1013/981/2430
f 1000/968/2431 1015/983/2431 1014/982/2431
f 1001/969/2432 1016/984/2432 1015/983/2432
f 1002/970/2433 1017/985/2433 1016/984/2433
f 1003/971/2434 1018/986/2434 1017/985/2434
f 1004/972/2435 1019/987/2435 1018/986/2435
f 1005/973/2436 1020/988/2436 1019/987/2436
f 1006/975/2437 1021/990/2437 1020/988/2437
f 1006/975/2438 1007/974/2438 1022/989/2438
f 1007/974/2439 1008/976/2439 1023/991/2439
f 1008/976/2440 1009/977/2440 1024/992/2440
f 1009/977/2441 1010/978/2441 1025/993/2441
f 1010/978/2442 1011/979/2442 1026/994/2442
f 1011/979/2443 1012/980/2443 1027/995/2443
f 1012/980/2444 1013/981/2444 1028/996/2444
f 1015/983/2445 1030/998/2445 1029/997/2445
f 1016/984/2446 1031/999/2446 1030/998/2446
f 1017/985/2447 1032/1000/2447 1031/999/2447
f 1018/986/2448 1033/1001/2448 1032/1000/2448
f 1019/987/2449 1034/1002/2449 1033/1001/2449
f 1020/988/2450 1035/1003/2450 1034/1002/2450
f 1021/990/2451 1036/1005/2451 1035/1003/2451
f 1021/990/2452 1022/989/2452 1037/1004/2452
f 1022/989/2453 1023/991/2453 1038/1006/2453
f 1023/991/2454 1024/992/2454 1039/1007/2454
f 1024/992/2455 1025/993/2455 1040/1008/2455
f 1025/993/2456 1026/994/2456 1041/1009/2456
f 1026/994/2457 1027/995/2457 1042/1010/2457
f 1027/995/2458 1028/996/2458 1043/1011/2458
f 1030/998/2459 1045/1013/2459 1044/1012/2459
f 1031/999/2460 1046/1014/2460 1045/1013/2460
f 1032/1000/2461 1047/1015/2461 1046/1014/2461
f 1033/1001/2462 1048/1016/2462 1047/1015/2462
f 1034/1002/2463 1049/1017/2463 1048/1016/2463
f 1035/1003/2464 1050/1018/2464 1049/1017/2464
f 1036/1005/2465 1051/1020/2465 1050/1018/2465
f 1036/1005/2466 1037/1004/2466 1052/1019/2466
f 1037/1004/2467 1038/1006/2467 1053/1021/2467
f 1038/1006/2468 1039/1007/2468 1054/1022/2468
f 1039/1007/2469 1040/1008/2469 1055/1023/2469
f 1040/1008/2470 1041/1009/2470 1056/1024/2470
f 1041/1009/2471 1042/1010/2471 1057/1025/2471
f 1042/1010/2472 1043/1011/2472 1058/1026/2472
f 1045/1013/2473 1060/1028/2473 1059/1027/2473
f 1046/1014/2474 1061/1029/2474 1060/1028/2474
f 1047/1015/2475 1062/1030/2475 1061/1029/2475
f 1048/1016/2476 1063/1031/2476 1062/1030/2476
f 1049/1017/2477 1064/1032/2477 1063/1031/2477
f 1050/1018/2478 1065/1033/2478 1064/1032/2478
f 1051/1020/2479 1066/1035/2479 1065/1033/2479
f 1051/1020/2480 1052/1019/2480 1067/1034/2480
f 1052/1019/2481 1053/1021/2481 1068/1036/2481
f 1053/1021/2482 1054/1022/2482 1069/1037/2482
f 1054/1022/2483 1055/1023/2483 1070/1038/2483
f 1055/1023/2484 1056/1024/2484 1071/1039/2484
f 1056/1024/2485 1057/1025/2485 1072/1040/2485
f 1057/1025/2486 1058/1026/2486 1073/1041/2486
f 1060/1028/2487 1075/1043/2487 1074/1042/2487
f 1061/1029/2488 1076/1044/2488 1075/1043/2488
f 1062/1030/2489 1077/1045/2489 1076/1044/2489
f 1063/1031/2490 1078/1046/2490 1077/1045/2490
f 1064/1032/2491 1079/1047/2491 1078/1046/2491
f 1065/1033/2492 1080/1048/2492 1079/1047/2492
f 1066/1035/2493 1081/1050/2493 1080/1048/2493
f 1066/1035/2494 1067/1034/2494 1082/1049/2494
f 1067/1034/2495 1068/1036/2495 1083/1051/2495
f 1068/1036/2496 1069/1037/2496 1084/1052/2496
f 1069/1037/2497 1070/1038/2497 1085/1053/2497
f 1070/1038/2498 1071/1039/2498 1086/1054/2498
f 1071/1039/2499 1072/1040/2499 1087/1055/2499
f 1072/1040/2500 1073/1041/2500 1088/1056/2500
f 5/800/2501 173/1057/2501 864/833/2501
f 173/1057/2502 172/1058/2502 865/836/2502
f 172/1058/2503 171/1059/2503 866/838/2503
f 171/1059/2504 170/1060/2504 867/840/2504
f 170/1060/2505 169/1061/2505 868/842/2505
f 169/1061/2506 168/1062/2506 869/844/2506
f 168/1062/2507 167/1063/2507 870/846/2507
f 167/1063/2508 166/1065/2508 871/849/2508
f 165/1064/2509 872/848/2509 871/849/2509
f 164/1066/2510 873/850/2510 872/848/2510
f 163/1067/2511 874/852/2511 873/850/2511
f 162/1068/2512 875/854/2512 874/852/2512
f 161/1069/2513 876/856/2513 875/854/2513
f 160/1070/2514 877/858/2514 876/856/2514
f 159/1071/2515 878/860/2515 877/858/2515
f 1/1072/2516 24/1073/2516 878/860/2516
f 24/1073/2517 25/1074/2517 893/875/2517
f 25/1074/2518 26/1075/2518 908/890/2518
f 26/1075/2519 27/1076/2519 923/905/2519
f 27/1076/2520 28/1077/2520 938/920/2520
f 28/1077/2521 29/1078/2521 953/935/2521
f 29/1078/2522 30/1079/2522 968/950/2522
f 30/1079/2523 31/1647/2523 983/1080/2523
f 983/1080/2524 31/1647/2524 32/1081/2524
f 998/966/2525 32/1081/2525 33/1082/2525
f 1013/981/2526 33/1082/2526 34/1083/2526
f 1028/996/2527 34/1083/2527 35/1084/2527
f 1043/1011/2528 35/1084/2528 36/1085/2528
f 1058/1026/2529 36/1085/2529 37/1086/2529
f 1073/1041/2530 37/1086/2530 38/1087/2530
f 1088/1056/2531 38/1087/2531 2/1088/2531
f 1087/1055/2532 1088/1056/2532 188/1089/2532
f 1086/1054/2533 1087/1055/2533 187/1090/2533
f 1085/1053/2534 1086/1054/2534 186/1091/2534
f 1084/1052/2535 1085/1053/2535 185/1092/2535
f 1083/1051/2536 1084/1052/2536 184/1093/2536
f 1082/1049/2537 1083/1051/2537 183/1094/2537
f 1081/1050/2538 1082/1049/2538 182/1095/2538
f 1081/1050/2539 181/1096/2539 180/1097/2539
f 1080/1048/2540 180/1097/2540 179/1098/2540
f 1079/1047/2541 179/1098/2541 178/1099/2541
f 1078/1046/2542 178/1099/2542 177/1100/2542
f 1077/1045/2543 177/1100/2543 176/1101/2543
f 1076/1044/2544 176/1101/2544 175/1102/2544
f 1075/1043/2545 175/1102/2545 174/1103/2545
f 1074/1042/2546 174/1103/2546 6/816/2546
f 1059/1027/2547 1074/1042/2547 144/815/2547
f 1044/1012/2548 1059/1027/2548 145/814/2548
f 1029/997/2549 1044/1012/2549 146/813/2549
f 1014/982/2550 1029/997/2550 147/812/2550
f 999/967/2551 1014/982/2551 148/811/2551
f 984/952/2552 999/967/2552 149/810/2552
f 969/938/2553 984/952/2553 150/809/2553
f 152/807/2554 954/923/2554 969/938/2554
f 153/806/2555 939/908/2555 954/923/2555
f 154/805/2556 924/893/2556 939/908/2556
f 155/804/2557 909/878/2557 924/893/2557
f 156/803/2558 894/863/2558 909/878/2558
f 157/802/2559 879/835/2559 894/863/2559
f 158/801/2560 864/833/2560 879/835/2560
f 1089/1105/2561 1090/1108/2561 1105/1106/2561
f 1090/1108/2562 1091/1110/2562 1106/1109/2562
f 1091/1110/2563 1092/1112/2563 1107/1111/2563
f 1092/1112/2564 1093/1114/2564 1108/1113/2564
f 1093/1114/2565 1094/1116/2565 1109/1115/2565
f 1094/1116/2566 1095/1118/2566 1110/1117/2566
f 1095/1118/2567 1096/1121/2567 1111/1119/2567
f 1097/1120/2568 1112/1123/2568 1111/1119/2568
f 1098/1122/2569 1113/1125/2569 1112/1123/2569
f 1099/1124/2570 1114/1127/2570 1113/1125/2570
f 1100/1126/2571 1115/1129/2571 1114/1127/2571
f 1101/1128/2572 1116/1131/2572 1115/1129/2572
f 1102/1130/2573 1117/1133/2573 1116/1131/2573
f 1103/1132/2574 1118/1147/2574 1117/1133/2574
f 1104/1107/2575 1105/1106/2575 1120/1134/2575
f 1105/1106/2576 1106/1109/2576 1121/1136/2576
f 1106/1109/2577 1107/1111/2577 1122/1137/2577
f 1107/1111/2578 1108/1113/2578 1123/1138/2578
f 1108/1113/2579 1109/1115/2579 1124/1139/2579
f 1109/1115/2580 1110/1117/2580 1125/1140/2580
f 1110/1117/2581 1111/1119/2581 1126/1141/2581
f 1112/1123/2582 1127/1142/2582 1126/1141/2582
f 1113/1125/2583 1128/1143/2583 1127/1142/2583
f 1114/1127/2584 1129/1144/2584 1128/1143/2584
f 1115/1129/2585 1130/1145/2585 1129/1144/2585
f 1116/1131/2586 1131/1146/2586 1130/1145/2586
f 1117/1133/2587 1132/1148/2587 1131/1146/2587
f 1118/1147/2588 1133/1162/2588 1132/1148/2588
f 1119/1135/2589 1120/1134/2589 1135/1149/2589
f 1120/1134/2590 1121/1136/2590 1136/1151/2590
f 1121/1136/2591 1122/1137/2591 1137/1152/2591
f 1122/1137/2592 1123/1138/2592 1138/1153/2592
f 1123/1138/2593 1124/1139/2593 1139/1154/2593
f 1124/1139/2594 1125/1140/2594 1140/1155/2594
f 1125/1140/2595 1126/1141/2595 1141/1156/2595
f 1127/1142/2596 1142/1157/2596 1141/1156/2596
f 1128/1143/2597 1143/1158/2597 1142/1157/2597
f 1129/1144/2598 1144/1159/2598 1143/1158/2598
f 1130/1145/2599 1145/1160/2599 1144/1159/2599
f 1131/1146/2600 1146/1161/2600 1145/1160/2600
f 1132/1148/2601 1147/1163/2601 1146/1161/2601
f 1133/1162/2602 1148/1177/2602 1147/1163/2602
f 1134/1150/2603 1135/1149/2603 1150/1164/2603
f 1135/1149/2604 1136/1151/2604 1151/1166/2604
f 1136/1151/2605 1137/1152/2605 1152/1167/2605
f 1137/1152/2606 1138/1153/2606 1153/1168/2606
f 1138/1153/2607 1139/1154/2607 1154/1169/2607
f 1139/1154/2608 1140/1155/2608 1155/1170/2608
f 1140/1155/2609 1141/1156/2609 1156/1171/2609
f 1142/1157/2610 1157/1172/2610 1156/1171/2610
f 1143/1158/2611 1158/1173/2611 1157/1172/2611
f 1144/1159/2612 1159/1174/2612 1158/1173/2612
f 1145/1160/2613 1160/1175/2613 1159/1174/2613
f 1146/1161/2614 1161/1176/2614 1160/1175/2614
f 1147/1163/2615 1162/1178/2615 1161/1176/2615
f 1148/1177/2616 1163/1192/2616 1162/1178/2616
f 1149/1165/2617 1150/1164/2617 1165/1179/2617
f 1150/1164/2618 1151/1166/2618 1166/1181/2618
f 1151/1166/2619 1152/1167/2619 1167/1182/2619
f 1152/1167/2620 1153/1168/2620 1168/1183/2620
f 1153/1168/2621 1154/1169/2621 1169/1184/2621
f 1154/1169/2622 1155/1170/2622 1170/1185/2622
f 1155/1170/2623 1156/1171/2623 1171/1186/2623
f 1157/1172/2624 1172/1187/2624 1171/1186/2624
f 1158/1173/2625 1173/1188/2625 1172/1187/2625
f 1159/1174/2626 1174/1189/2626 1173/1188/2626
f 1160/1175/2627 1175/1190/2627 1174/1189/2627
f 1161/1176/2628 1176/1191/2628 1175/1190/2628
f 1162/1178/2629 1177/1193/2629 1176/1191/2629
f 1163/1192/2630 1178/1207/2630 1177/1193/2630
f 1164/1180/2631 1165/1179/2631 1180/1194/2631
f 1165/1179/2632 1166/1181/2632 1181/1196/2632
f 1166/1181/2633 1167/1182/2633 1182/1197/2633
f 1167/1182/2634 1168/1183/2634 1183/1198/2634
f 1168/1183/2635 1169/1184/2635 1184/1199/2635
f 1169/1184/2636 1170/1185/2636 1185/1200/2636
f 1170/1185/2637 1171/1186/2637 1186/1201/2637
f 1172/1187/2638 1187/1202/2638 1186/1201/2638
f 1173/1188/2639 1188/1203/2639 1187/1202/2639
f 1174/1189/2640 1189/1204/2640 1188/1203/2640
f 1175/1190/2641 1190/1205/2641 1189/1204/2641
f 1176/1191/2642 1191/1206/2642 1190/1205/2642
f 1177/1193/2643 1192/1208/2643 1191/1206/2643
f 1178/1207/2644 1193/1222/2644 1192/1208/2644
f 1179/1195/2645 1180/1194/2645 1195/1209/2645
f 1180/1194/2646 1181/1196/2646 1196/1211/2646
f 1181/1196/2647 1182/1197/2647 1197/1212/2647
f 1182/1197/2648 1183/1198/2648 1198/1213/2648
f 1183/1198/2649 1184/1199/2649 1199/1214/2649
f 1184/1199/2650 1185/1200/2650 1200/1215/2650
f 1185/1200/2651 1186/1201/2651 1201/1216/2651
f 1187/1202/2652 1202/1217/2652 1201/1216/2652
f 1188/1203/2653 1203/1218/2653 1202/1217/2653
f 1189/1204/2654 1204/1219/2654 1203/1218/2654
f 1190/1205/2655 1205/1220/2655 1204/1219/2655
f 1191/1206/2656 1206/1221/2656 1205/1220/2656
f 1192/1208/2657 1207/1223/2657 1206/1221/2657
f 1193/1222/2658 1208/1354/2658 1207/1223/2658
f 1195/1209/2659 1210/1225/2659 1209/1224/2659
f 1196/1211/2660 1211/1226/2660 1210/1225/2660
f 1197/1212/2661 1212/1227/2661 1211/1226/2661
f 1198/1213/2662 1213/1228/2662 1212/1227/2662
f 1199/1214/2663 1214/1229/2663 1213/1228/2663
f 1200/1215/2664 1215/1230/2664 1214/1229/2664
f 1201/1216/2665 1216/1232/2665 1215/1230/2665
f 1201/1216/2666 1202/1217/2666 1217/1231/2666
f 1202/1217/2667 1203/1218/2667 1218/1233/2667
f 1203/1218/2668 1204/1219/2668 1219/1234/2668
f 1204/1219/2669 1205/1220/2669 1220/1235/2669
f 1205/1220/2670 1206/1221/2670 1221/1236/2670
f 1206/1221/2671 1207/1223/2671 1222/1237/2671
f 1207/1223/2672 1208/1354/2672 1223/1238/2672
f 1210/1225/2673 1225/1240/2673 1224/1239/2673
f 1211/1226/2674 1226/1241/2674 1225/1240/2674
f 1212/1227/2675 1227/1242/2675 1226/1241/2675
f 1213/1228/2676 1228/1243/2676 1227/1242/2676
f 1214/1229/2677 1229/1244/2677 1228/1243/2677
f 1215/1230/2678 1230/1245/2678 1229/1244/2678
f 1216/1232/2679 1231/1247/2679 1230/1245/2679
f 1216/1232/2680 1217/1231/2680 1232/1246/2680
f 1217/1231/2681 1218/1233/2681 1233/1248/2681
f 1218/1233/2682 1219/1234/2682 1234/1249/2682
f 1219/1234/2683 1220/1235/2683 1235/1250/2683
f 1220/1235/2684 1221/1236/2684 1236/1251/2684
f 1221/1236/2685 1222/1237/2685 1237/1252/2685
f 1222/1237/2686 1223/1238/2686 1238/1253/2686
f 1225/1240/2687 1240/1255/2687 1239/1254/2687
f 1226/1241/2688 1241/1256/2688 1240/1255/2688
f 1227/1242/2689 1242/1257/2689 1241/1256/2689
f 1228/1243/2690 1243/1258/2690 1242/1257/2690
f 1229/1244/2691 1244/1259/2691 1243/1258/2691
f 1230/1245/2692 1245/1260/2692 1244/1259/2692
f 1231/1247/2693 1246/1262/2693 1245/1260/2693
f 1231/1247/2694 1232/1246/2694 1247/1261/2694
f 1232/1246/2695 1233/1248/2695 1248/1263/2695
f 1233/1248/2696 1234/1249/2696 1249/1264/2696
f 1234/1249/2697 1235/1250/2697 1250/1265/2697
f 1235/1250/2698 1236/1251/2698 1251/1266/2698
f 1236/1251/2699 1237/1252/2699 1252/1267/2699
f 1237/1252/2700 1238/1253/2700 1253/1268/2700
f 1240/1255/2701 1255/1270/2701 1254/1269/2701
f 1241/1256/2702 1256/1271/2702 1255/1270/2702
f 1242/1257/2703 1257/1272/2703 1256/1271/2703
f 1243/1258/2704 1258/1273/2704 1257/1272/2704
f 1244/1259/2705 1259/1274/2705 1258/1273/2705
f 1245/1260/2706 1260/1275/2706 1259/1274/2706
f 1246/1262/2707 1261/1277/2707 1260/1275/2707
f 1246/1262/2708 1247/1261/2708 1262/1276/2708
f 1247/1261/2709 1248/1263/2709 1263/1278/2709
f 1248/1263/2710 1249/1264/2710 1264/1279/2710
f 1249/1264/2711 1250/1265/2711 1265/1280/2711
f 1250/1265/2712 1251/1266/2712 1266/1281/2712
f 1251/1266/2713 1252/1267/2713 1267/1282/2713
f 1252/1267/2714 1253/1268/2714 1268/1283/2714
f 1255/1270/2715 1270/1285/2715 1269/1284/2715
f 1256/1271/2716 1271/1286/2716 1270/1285/2716
f 1257/1272/2717 1272/1287/2717 1271/1286/2717
f 1258/1273/2718 1273/1288/2718 1272/1287/2718
f 1259/1274/2719 1274/1289/2719 1273/1288/2719
f 1260/1275/2720 1275/1290/2720 1274/1289/2720
f 1261/1277/2721 1276/1292/2721 1275/1290/2721
f 1261/1277/2722 1262/1276/2722 1277/1291/2722
f 1262/1276/2723 1263/1278/2723 1278/1293/2723
f 1263/1278/2724 1264/1279/2724 1279/1294/2724
f 1264/1279/2725 1265/1280/2725 1280/1295/2725
f 1265/1280/2726 1266/1281/2726 1281/1296/2726
f 1266/1281/2727 1267/1282/2727 1282/1297/2727
f 1267/1282/2728 1268/1283/2728 1283/1298/2728
f 1270/1285/2729 1285/1300/2729 1284/1299/2729
f 1271/1286/2730 1286/1301/2730 1285/1300/2730
f 1272/1287/2731 1287/1302/2731 1286/1301/2731
f 1273/1288/2732 1288/1303/2732 1287/1302/2732
f 1274/1289/2733 1289/1304/2733 1288/1303/2733
f 1275/1290/2734 1290/1305/2734 1289/1304/2734
f 1276/1292/2735 1291/1307/2735 1290/1305/2735
f 1276/1292/2736 1277/1291/2736 1292/1306/2736
f 1277/1291/2737 1278/1293/2737 1293/1308/2737
f 1278/1293/2738 1279/1294/2738 1294/1309/2738
f 1279/1294/2739 1280/1295/2739 1295/1310/2739
f 1280/1295/2740 1281/1296/2740 1296/1311/2740
f 1281/1296/2741 1282/1297/2741 1297/1312/2741
f 1282/1297/2742 1283/1298/2742 1298/1313/2742
f 1285/1300/2743 1300/1315/2743 1299/1314/2743
f 1286/1301/2744 1301/1316/2744 1300/1315/2744
f 1287/1302/2745 1302/1317/2745 1301/1316/2745
f 1288/1303/2746 1303/1318/2746 1302/1317/2746
f 1289/1304/2747 1304/1319/2747 1303/1318/2747
f 1290/1305/2748 1305/1320/2748 1304/1319/2748
f 1291/1307/2749 1306/1322/2749 1305/1320/2749
f 1291/1307/2750 1292/1306/2750 1307/1321/2750
f 1292/1306/2751 1293/1308/2751 1308/1323/2751
f 1293/1308/2752 1294/1309/2752 1309/1324/2752
f 1294/1309/2753 1295/1310/2753 1310/1325/2753
f 1295/1310/2754 1296/1311/2754 1311/1326/2754
f 1296/1311/2755 1297/1312/2755 1312/1327/2755
f 1297/1312/2756 1298/1313/2756 1313/1328/2756
f 3/1329/2757 9/1331/2757 1089/1105/2757
f 9/1331/2758 10/1332/2758 1090/1108/2758
f 10/1332/2759 11/1333/2759 1091/1110/2759
f 11/1333/2760 12/1334/2760 1092/1112/2760
f 12/1334/2761 13/1335/2761 1093/1114/2761
f 13/1335/2762 14/1336/2762 1094/1116/2762
f 14/1336/2763 15/1337/2763 1095/1118/2763
f 15/1337/2764 16/1339/2764 1096/1121/2764
f 17/1338/2765 1097/1120/2765 1096/1121/2765
f 18/1340/2766 1098/1122/2766 1097/1120/2766
f 19/1341/2767 1099/1124/2767 1098/1122/2767
f 20/1342/2768 1100/1126/2768 1099/1124/2768
f 21/1343/2769 1101/1128/2769 1100/1126/2769
f 22/1344/2770 1102/1130/2770 1101/1128/2770
f 23/1345/2771 1103/1132/2771 1102/1130/2771
f 1/1346/2772 159/1347/2772 1103/1132/2772
f 159/1347/2773 160/1348/2773 1118/1147/2773
f 160/1348/2774 161/1349/2774 1133/1162/2774
f 161/1349/2775 162/1350/2775 1148/1177/2775
f 162/1350/2776 163/1351/2776 1163/1192/2776
f 163/1351/2777 164/1352/2777 1178/1207/2777
f 164/1352/2778 165/1353/2778 1193/1222/2778
f 165/1353/2779 166/1648/2779 1208/1354/2779
f 1208/1354/2780 166/1648/2780 167/1355/2780
f 1223/1238/2781 167/1355/2781 168/1356/2781
f 1238/1253/2782 168/1356/2782 169/1357/2782
f 1253/1268/2783 169/1357/2783 170/1358/2783
f 1268/1283/2784 170/1358/2784 171/1359/2784
f 1283/1298/2785 171/1359/2785 172/1360/2785
f 1298/1313/2786 172/1360/2786 173/1361/2786
f 1313/1328/2787 173/1361/2787 5/800/2787
f 1312/1327/2788 1313/1328/2788 114/799/2788
f 1311/1326/2789 1312/1327/2789 115/798/2789
f 1310/1325/2790 1311/1326/2790 116/797/2790
f 1309/1324/2791 1310/1325/2791 117/796/2791
f 1308/1323/2792 1309/1324/2792 118/795/2792
f 1307/1321/2793 1308/1323/2793 119/794/2793
f 1306/1322/2794 1307/1321/2794 120/792/2794
f 1306/1322/2795 121/793/2795 122/791/2795
f 1305/1320/2796 122/791/2796 123/790/2796
f 1304/1319/2797 123/790/2797 124/789/2797
f 1303/1318/2798 124/789/2798 125/788/2798
f 1302/1317/2799 125/788/2799 126/787/2799
f 1301/1316/2800 126/787/2800 127/786/2800
f 1300/1315/2801 127/786/2801 128/785/2801
f 1299/1314/2802 128/785/2802 7/528/2802
f 1284/1299/2803 1299/1314/2803 69/1362/2803
f 1269/1284/2804 1284/1299/2804 70/1363/2804
f 1254/1269/2805 1269/1284/2805 71/1364/2805
f 1239/1254/2806 1254/1269/2806 72/1365/2806
f 1224/1239/2807 1239/1254/2807 73/1366/2807
f 1209/1224/2808 1224/1239/2808 74/1367/2808
f 1194/1210/2809 1209/1224/2809 75/1368/2809
f 77/1370/2810 1179/1195/2810 1194/1210/2810
f 78/1371/2811 1164/1180/2811 1179/1195/2811
f 79/1372/2812 1149/1165/2812 1164/1180/2812
f 80/1373/2813 1134/1150/2813 1149/1165/2813
f 81/1374/2814 1119/1135/2814 1134/1150/2814
f 82/1375/2815 1104/1107/2815 1119/1135/2815
f 83/1330/2816 1089/1105/2816 1104/1107/2816
f 1314/1376/2817 1315/1379/2817 1330/1377/2817
f 1315/1379/2818 1316/1381/2818 1331/1380/2818
f 1316/1381/2819 1317/1383/2819 1332/1382/2819
f 1317/1383/2820 1318/1385/2820 1333/1384/2820
f 1318/1385/2821 1319/1387/2821 1334/1386/2821
f 1319/1387/2822 1320/1389/2822 1335/1388/2822
f 1320/1389/2823 1321/1392/2823 1336/1390/2823
f 1322/1391/2824 1337/1394/2824 1336/1390/2824
f 1323/1393/2825 1338/1396/2825 1337/1394/2825
f 1324/1395/2826 1339/1398/2826 1338/1396/2826
f 1325/1397/2827 1340/1400/2827 1339/1398/2827
f 1326/1399/2828 1341/1402/2828 1340/1400/2828
f 1327/1401/2829 1342/1404/2829 1341/1402/2829
f 1328/1403/2830 1343/1418/2830 1342/1404/2830
f 1329/1378/2831 1330/1377/2831 1345/1405/2831
f 1330/1377/2832 1331/1380/2832 1346/1407/2832
f 1331/1380/2833 1332/1382/2833 1347/1408/2833
f 1332/1382/2834 1333/1384/2834 1348/1409/2834
f 1333/1384/2835 1334/1386/2835 1349/1410/2835
f 1334/1386/2836 1335/1388/2836 1350/1411/2836
f 1335/1388/2837 1336/1390/2837 1351/1412/2837
f 1337/1394/2838 1352/1413/2838 1351/1412/2838
f 1338/1396/2839 1353/1414/2839 1352/1413/2839
f 1339/1398/2840 1354/1415/2840 1353/1414/2840
f 1340/1400/2841 1355/1416/2841 1354/1415/2841
f 1341/1402/2842 1356/1417/2842 1355/1416/2842
f 1342/1404/2843 1357/1419/2843 1356/1417/2843
f 1343/1418/2844 1358/1433/2844 1357/1419/2844
f 1344/1406/2845 1345/1405/2845 1360/1420/2845
f 1345/1405/2846 1346/1407/2846 1361/1422/2846
f 1346/1407/2847 1347/1408/2847 1362/1423/2847
f 1347/1408/2848 1348/1409/2848 1363/1424/2848
f 1348/1409/2849 1349/1410/2849 1364/1425/2849
f 1349/1410/2850 1350/1411/2850 1365/1426/2850
f 1350/1411/2851 1351/1412/2851 1366/1427/2851
f 1352/1413/2852 1367/1428/2852 1366/1427/2852
f 1353/1414/2853 1368/1429/2853 1367/1428/2853
f 1354/1415/2854 1369/1430/2854 1368/1429/2854
f 1355/1416/2855 1370/1431/2855 1369/1430/2855
f 1356/1417/2856 1371/1432/2856 1370/1431/2856
f 1357/1419/2857 1372/1434/2857 1371/1432/2857
f 1358/1433/2858 1373/1448/2858 1372/1434/2858
f 1359/1421/2859 1360/1420/2859 1375/1435/2859
f 1360/1420/2860 1361/1422/2860 1376/1437/2860
f 1361/1422/2861 1362/1423/2861 1377/1438/2861
f 1362/1423/2862 1363/1424/2862 1378/1439/2862
f 1363/1424/2863 1364/1425/2863 1379/1440/2863
f 1364/1425/2864 1365/1426/2864 1380/1441/2864
f 1365/1426/2865 1366/1427/2865 1381/1442/2865
f 1367/1428/2866 1382/1443/2866 1381/1442/2866
f 1368/1429/2867 1383/1444/2867 1382/1443/2867
f 1369/1430/2868 1384/1445/2868 1383/1444/2868
f 1370/1431/2869 1385/1446/2869 1384/1445/2869
f 1371/1432/2870 1386/1447/2870 1385/1446/2870
f 1372/1434/2871 1387/1449/2871 1386/1447/2871
f 1373/1448/2872 1388/1463/2872 1387/1449/2872
f 1374/1436/2873 1375/1435/2873 1390/1450/2873
f 1375/1435/2874 1376/1437/2874 1391/1452/2874
f 1376/1437/2875 1377/1438/2875 1392/1453/2875
f 1377/1438/2876 1378/1439/2876 1393/1454/2876
f 1378/1439/2877 1379/1440/2877 1394/1455/2877
f 1379/1440/2878 1380/1441/2878 1395/1456/2878
f 1380/1441/2879 1381/1442/2879 1396/1457/2879
f 1382/1443/2880 1397/1458/2880 1396/1457/2880
f 1383/1444/2881 1398/1459/2881 1397/1458/2881
f 1384/1445/2882 1399/1460/2882 1398/1459/2882
f 1385/1446/2883 1400/1461/2883 1399/1460/2883
f 1386/1447/2884 1401/1462/2884 1400/1461/2884
f 1387/1449/2885 1402/1464/2885 1401/1462/2885
f 1388/1463/2886 1403/1478/2886 1402/1464/2886
f 1389/1451/2887 1390/1450/2887 1405/1465/2887
f 1390/1450/2888 1391/1452/2888 1406/1467/2888
f 1391/1452/2889 1392/1453/2889 1407/1468/2889
f 1392/1453/2890 1393/1454/2890 1408/1469/2890
f 1393/1454/2891 1394/1455/2891 1409/1470/2891
f 1394/1455/2892 1395/1456/2892 1410/1471/2892
f 1395/1456/2893 1396/1457/2893 1411/1472/2893
f 1397/1458/2894 1412/1473/2894 1411/1472/2894
f 1398/1459/2895 1413/1474/2895 1412/1473/2895
f 1399/1460/2896 1414/1475/2896 1413/1474/2896
f 1400/1461/2897 1415/1476/2897 1414/1475/2897
f 1401/1462/2898 1416/1477/2898 1415/1476/2898
f 1402/1464/2899 1417/1479/2899 1416/1477/2899
f 1403/1478/2900 1418/1493/2900 1417/1479/2900
f 1404/1466/2901 1405/1465/2901 1420/1480/2901
f 1405/1465/2902 1406/1467/2902 1421/1482/2902
f 1406/1467/2903 1407/1468/2903 1422/1483/2903
f 1407/1468/2904 1408/1469/2904 1423/1484/2904
f 1408/1469/2905 1409/1470/2905 1424/1485/2905
f 1409/1470/2906 1410/1471/2906 1425/1486/2906
f 1410/1471/2907 1411/1472/2907 1426/1487/2907
f 1412/1473/2908 1427/1488/2908 1426/1487/2908
f 1413/1474/2909 1428/1489/2909 1427/1488/2909
f 1414/1475/2910 1429/1490/2910 1428/1489/2910
f 1415/1476/2911 1430/1491/2911 1429/1490/2911
f 1416/1477/2912 1431/1492/2912 1430/1491/2912
f 1417/1479/2913 1432/1494/2913 1431/1492/2913
f 1418/1493/2914 1433/1608/2914 1432/1494/2914
f 1420/1480/2915 1435/1496/2915 1434/1495/2915
f 1421/1482/2916 1436/1497/2916 1435/1496/2916
f 1422/1483/2917 1437/1498/2917 1436/1497/2917
f 1423/1484/2918 1438/1499/2918 1437/1498/2918
f 1424/1485/2919 1439/1500/2919 1438/1499/2919
f 1425/1486/2920 1440/1501/2920 1439/1500/2920
f 1426/1487/2921 1441/1503/2921 1440/1501/2921
f 1426/1487/2922 1427/1488/2922 1442/1502/2922
f 1427/1488/2923 1428/1489/2923 1443/1504/2923
f 1428/1489/2924 1429/1490/2924 1444/1505/2924
f 1429/1490/2925 1430/1491/2925 1445/1506/2925
f 1430/1491/2926 1431/1492/2926 1446/1507/2926
f 1431/1492/2927 1432/1494/2927 1447/1508/2927
f 1432/1494/2928 1433/1608/2928 1448/1509/2928
f 1435/1496/2929 1450/1511/2929 1449/1510/2929
f 1436/1497/2930 1451/1512/2930 1450/1511/2930
f 1437/1498/2931 1452/1513/2931 1451/1512/2931
f 1438/1499/2932 1453/1514/2932 1452/1513/2932
f 1439/1500/2933 1454/1515/2933 1453/1514/2933
f 1440/1501/2934 1455/1516/2934 1454/1515/2934
f 1441/1503/2935 1456/1518/2935 1455/1516/2935
f 1441/1503/2936 1442/1502/2936 1457/1517/2936
f 1442/1502/2937 1443/1504/2937 1458/1519/2937
f 1443/1504/2938 1444/1505/2938 1459/1520/2938
f 1444/1505/2939 1445/1506/2939 1460/1521/2939
f 1445/1506/2940 1446/1507/2940 1461/1522/2940
f 1446/1507/2941 1447/1508/2941 1462/1523/2941
f 1447/1508/2942 1448/1509/2942 1463/1524/2942
f 1450/1511/2943 1465/1526/2943 1464/1525/2943
f 1451/1512/2944 1466/1527/2944 1465/1526/2944
f 1452/1513/2945 1467/1528/2945 1466/1527/2945
f 1453/1514/2946 1468/1529/2946 1467/1528/2946
f 1454/1515/2947 1469/1530/2947 1468/1529/2947
f 1455/1516/2948 1470/1531/2948 1469/1530/2948
f 1456/1518/2949 1471/1533/2949 1470/1531/2949
f 1456/1518/2950 1457/1517/2950 1472/1532/2950
f 1457/1517/2951 1458/1519/2951 1473/1534/2951
f 1458/1519/2952 1459/1520/2952 1474/1535/2952
f 1459/1520/2953 1460/1521/2953 1475/1536/2953
f 1460/1521/2954 1461/1522/2954 1476/1537/2954
f 1461/1522/2955 1462/1523/2955 1477/1538/2955
f 1462/1523/2956 1463/1524/2956 1478/1539/2956
f 1465/1526/2957 1480/1541/2957 1479/1540/2957
f 1466/1527/2958 1481/1542/2958 1480/1541/2958
f 1467/1528/2959 1482/1543/2959 1481/1542/2959
f 1468/1529/2960 1483/1544/2960 1482/1543/2960
f 1469/1530/2961 1484/1545/2961 1483/1544/2961
f 1470/1531/2962 1485/1546/2962 1484/1545/2962
f 1471/1533/2963 1486/1548/2963 1485/1546/2963
f 1471/1533/2964 1472/1532/2964 1487/1547/2964
f 1472/1532/2965 1473/1534/2965 1488/1549/2965
f 1473/1534/2966 1474/1535/2966 1489/1550/2966
f 1474/1535/2967 1475/1536/2967 1490/1551/2967
f 1475/1536/2968 1476/1537/2968 1491/1552/2968
f 1476/1537/2969 1477/1538/2969 1492/1553/2969
f 1477/1538/2970 1478/1539/2970 1493/1554/2970
f 1480/1541/2971 1495/1556/2971 1494/1555/2971
f 1481/1542/2972 1496/1557/2972 1495/1556/2972
f 1482/1543/2973 1497/1558/2973 1496/1557/2973
f 1483/1544/2974 1498/1559/2974 1497/1558/2974
f 1484/1545/2975 1499/1560/2975 1498/1559/2975
f 1485/1546/2976 1500/1561/2976 1499/1560/2976
f 1486/1548/2977 1501/1563/2977 1500/1561/2977
f 1486/1548/2978 1487/1547/2978 1502/1562/2978
f 1487/1547/2979 1488/1549/2979 1503/1564/2979
f 1488/1549/2980 1489/1550/2980 1504/1565/2980
f 1489/1550/2981 1490/1551/2981 1505/1566/2981
f 1490/1551/2982 1491/1552/2982 1506/1567/2982
f 1491/1552/2983 1492/1553/2983 1507/1568/2983
f 1492/1553/2984 1493/1554/2984 1508/1569/2984
f 1495/1556/2985 1510/1571/2985 1509/1570/2985
f 1496/1557/2986 1511/1572/2986 1510/1571/2986
f 1497/1558/2987 1512/1573/2987 1511/1572/2987
f 1498/1559/2988 1513/1574/2988 1512/1573/2988
f 1499/1560/2989 1514/1575/2989 1513/1574/2989
f 1500/1561/2990 1515/1576/2990 1514/1575/2990
f 1501/1563/2991 1516/1578/2991 1515/1576/2991
f 1501/1563/2992 1502/1562/2992 1517/1577/2992
f 1502/1562/2993 1503/1564/2993 1518/1579/2993
f 1503/1564/2994 1504/1565/2994 1519/1580/2994
f 1504/1565/2995 1505/1566/2995 1520/1581/2995
f 1505/1566/2996 1506/1567/2996 1521/1582/2996
f 1506/1567/2997 1507/1568/2997 1522/1583/2997
f 1507/1568/2998 1508/1569/2998 1523/1584/2998
f 1510/1571/2999 1525/1586/2999 1524/1585/2999
f 1511/1572/3000 1526/1587/3000 1525/1586/3000
f 1512/1573/3001 1527/1588/3001 1526/1587/3001
f 1513/1574/3002 1528/1589/3002 1527/1588/3002
f 1514/1575/3003 1529/1590/3003 1528/1589/3003
f 1515/1576/3004 1530/1591/3004 1529/1590/3004
f 1516/1578/3005 1531/1593/3005 1530/1591/3005
f 1516/1578/3006 1517/1577/3006 1532/1592/3006
f 1517/1577/3007 1518/1579/3007 1533/1594/3007
f 1518/1579/3008 1519/1580/3008 1534/1595/3008
f 1519/1580/3009 1520/1581/3009 1535/1596/3009
f 1520/1581/3010 1521/1582/3010 1536/1597/3010
f 1521/1582/3011 1522/1583/3011 1537/1598/3011
f 1522/1583/3012 1523/1584/3012 1538/1599/3012
f 8/544/3013 129/831/3013 1314/1376/3013
f 129/831/3014 130/830/3014 1315/1379/3014
f 130/830/3015 131/829/3015 1316/1381/3015
f 131/829/3016 132/828/3016 1317/1383/3016
f 132/828/3017 133/827/3017 1318/1385/3017
f 133/827/3018 134/826/3018 1319/1387/3018
f 134/826/3019 135/825/3019 1320/1389/3019
f 135/825/3020 136/824/3020 1321/1392/3020
f 137/823/3021 1322/1391/3021 1321/1392/3021
f 138/822/3022 1323/1393/3022 1322/1391/3022
f 139/821/3023 1324/1395/3023 1323/1393/3023
f 140/820/3024 1325/1397/3024 1324/1395/3024
f 141/819/3025 1326/1399/3025 1325/1397/3025
f 142/818/3026 1327/1401/3026 1326/1399/3026
f 143/817/3027 1328/1403/3027 1327/1401/3027
f 6/816/3028 174/1601/3028 1328/1403/3028
f 174/1601/3029 175/1602/3029 1343/1418/3029
f 175/1602/3030 176/1603/3030 1358/1433/3030
f 176/1603/3031 177/1604/3031 1373/1448/3031
f 177/1604/3032 178/1605/3032 1388/1463/3032
f 178/1605/3033 179/1606/3033 1403/1478/3033
f 179/1606/3034 180/1607/3034 1418/1493/3034
f 180/1607/3035 181/1649/3035 1433/1608/3035
f 1433/1608/3036 181/1649/3036 182/1609/3036
f 1448/1509/3037 182/1609/3037 183/1610/3037
f 1463/1524/3038 183/1610/3038 184/1611/3038
f 1478/1539/3039 184/1611/3039 185/1612/3039
f 1493/1554/3040 185/1612/3040 186/1613/3040
f 1508/1569/3041 186/1613/3041 187/1614/3041
f 1523/1584/3042 187/1614/3042 188/1615/3042
f 1538/1599/3043 188/1615/3043 2/1616/3043
f 1537/1598/3044 1538/1599/3044 39/1617/3044
f 1536/1597/3045 1537/1598/3045 40/1618/3045
f 1535/1596/3046 1536/1597/3046 41/1619/3046
f 1534/1595/3047 1535/1596/3047 42/1620/3047
f 1533/1594/3048 1534/1595/3048 43/1621/3048
f 1532/1592/3049 1533/1594/3049 44/1622/3049
f 1531/1593/3050 1532/1592/3050 45/1623/3050
f 1531/1593/3051 46/1624/3051 47/1625/3051
f 1530/1591/3052 47/1625/3052 48/1626/3052
f 1529/1590/3053 48/1626/3053 49/1627/3053
f 1528/1589/3054 49/1627/3054 50/1628/3054
f 1527/1588/3055 50/1628/3055 51/1629/3055
f 1526/1587/3056 51/1629/3056 52/1630/3056
f 1525/1586/3057 52/1630/3057 53/1631/3057
f 1524/1585/3058 53/1631/3058 4/1632/3058
f 1509/1570/3059 1524/1585/3059 84/1633/3059
f 1494/1555/3060 1509/1570/3060 85/1634/3060
f 1479/1540/3061 1494/1555/3061 86/1635/3061
f 1464/1525/3062 1479/1540/3062 87/1636/3062
f 1449/1510/3063 1464/1525/3063 88/1637/3063
f 1434/1495/3064 1449/1510/3064 89/1638/3064
f 1419/1481/3065 1434/1495/3065 90/1639/3065
f 92/1641/3066 1404/1466/3066 1419/1481/3066
f 93/1642/3067 1389/1451/3067 1404/1466/3067
f 94/1643/3068 1374/1436/3068 1389/1451/3068
f 95/1644/3069 1359/1421/3069 1374/1436/3069
f 96/1645/3070 1344/1406/3070 1359/1421/3070
f 97/1646/3071 1329/1378/3071 1344/1406/3071
f 98/1600/3072 1314/1376/3072 1329/1378/3072
